plz;ort;theta_e_C;jahresmittel_C;hoehe_m;klimazone_din4710
01067;Dresden;-12.3;10.5;112;4
01069;Dresden;-12.4;10.4;115;4
01097;Dresden;-12.1;10.9;115;4
01099;Dresden;-14.0;9.3;253;4
01108;Dresden;-13.9;9.5;216;9
01109;Dresden;-13.8;9.5;212;4
01127;Dresden;-12.6;10.3;114;4
01129;Dresden;-12.8;10.0;140;4
01139;Dresden;-12.7;10.1;111;4
01156;Dresden;-13.8;9.3;255;4
01157;Dresden;-12.6;10.2;140;4
01159;Dresden;-12.6;10.2;133;4
01169;Dresden;-13.3;9.8;212;4
01187;Dresden;-12.8;10.0;169;4
01189;Dresden;-13.3;9.7;236;4
01217;Dresden;-12.9;9.9;158;4
01219;Dresden;-12.6;10.3;119;4
01237;Dresden;-12.7;10.2;121;4
01239;Dresden;-12.8;10.0;137;4
01257;Dresden;-12.8;10.2;125;4
01259;Dresden;-12.8;10.1;119;4
01277;Dresden;-12.7;10.3;115;4
01279;Dresden;-13.1;9.9;114;4
01307;Dresden;-12.5;10.4;115;4
01309;Dresden;-12.6;10.3;116;4
01324;Dresden;-13.9;9.4;240;4
01326;Dresden;-13.9;9.3;247;4
01328;Dresden;-13.9;8.9;304;4
01445;Radebeul;-12.8;10.0;122;4
01454;Radeberg, Wachau;-14.0;9.3;258;9
01458;Ottendorf-Okrilla;-13.6;9.6;160;9
01465;Dresden;-13.9;9.5;209;9
01468;Moritzburg;-13.8;9.6;178;9
01471;Radeburg;-13.6;9.6;156;9
01477;Arnsdorf b, Dresden;-14.0;9.2;249;9
01558;Großenhain;-13.5;9.7;123;4
01561;Großenhain, Ebersbach u.a.;-13.6;9.6;132;4
01587;Riesa;-13.3;9.7;117;4
01589;Riesa;-13.3;9.7;105;4
01591;Riesa;-12.9;9.7;99;4
01594;Riesa, Stauchitz, Hirschstein;-13.6;9.6;131;4
01609;Gröditz, Wülknitz, Röderaue;-13.3;9.6;98;4
01612;Nünchritz, Glaubitz;-13.6;9.7;109;4
01616;Strehla;-13.0;9.7;94;4
01619;Zeithain;-13.0;9.6;97;4
01623;Lommatzsch;-13.6;9.6;155;4
01640;Coswig;-13.0;9.9;116;4
01662;Meißen;-12.9;10.0;109;4
01665;Käbschütztal, Klipphausen, Diera-Zehren;-13.5;9.5;202;4
01683;Nossen;-13.8;9.3;245;9
01689;Weinböhla;-13.4;9.8;138;4
01705;Freital;-13.4;9.5;233;4
01723;Wilsdruff;-13.8;9.0;306;4
01728;Bannewitz;-13.7;9.1;283;4
01731;Kreischa;-13.7;9.3;245;4
01734;Rabenau;-13.8;8.9;317;4
01737;Tharandt u.a.;-13.8;8.7;363;9
01738;Dorfhain;-13.8;8.7;348;9
01744;Dippoldiswalde;-13.9;8.1;447;9
01762;Hartmannsdorf-Reichenau;-14.6;7.1;605;10
01768;Glashütte;-14.0;8.0;466;9
01773;Altenberg;-15.2;5.8;786;10
01774;Klingenberg;-13.9;8.3;441;9
01776;Hermsdorf;-14.9;6.4;700;10
01778;Altenberg;-14.5;7.0;608;10
01796;Pirna, Struppen, Dohma;-13.5;9.3;232;9
01809;Heidenau;-13.8;9.3;240;4
01814;Bad Schandau;-13.7;9.0;241;10
01816;Bad Gottleuba-Berggießhübel;-14.1;8.0;450;10
01819;Bahretal;-13.7;8.7;308;9
01824;Königstein/Sächs.Schw.;-13.9;8.5;344;10
01825;Liebstadt;-14.1;8.3;393;9
01829;Wehlen;-13.6;9.2;232;9
01833;Stolpen, Dürrröhrsdorf-Dittersbach;-13.6;9.1;238;9
01844;Neustadt i, Sa.;-14.1;8.5;343;10
01847;Lohmen;-13.7;9.0;259;9
01848;Hohnstein;-14.0;8.5;341;9
01855;Sebnitz;-13.7;8.8;271;10
01877;Bischofswerda u.a.;-14.1;8.8;293;9
01896;Pulsnitz;-14.1;9.1;259;9
01900;Großröhrsdorf, Bretnig-Hauswalde;-14.0;9.1;271;9
01904;Neukirch/Lausitz;-14.7;8.0;429;10
01906;Burkau;-14.2;9.1;244;9
01909;Großharthau, Frankenthal;-13.9;8.9;287;9
01917;Kamenz;-14.1;9.5;173;9
01920;Elstra, Oßling u.a.;-14.4;9.4;186;9
01936;Königsbrück u.a.;-14.1;9.5;169;9
01945;Ruhland;-14.2;9.5;115;4
01968;Senftenberg;-14.2;9.5;104;4
01979;Lauchhammer;-13.5;9.5;112;4
01983;Großräschen;-14.2;9.4;130;4
01987;Schwarzheide N.L.;-13.9;9.5;104;4
01990;Ortrand;-13.5;9.6;100;4
01993;Schipkau;-14.3;9.5;112;4
01994;Schipkau;-14.3;9.4;123;4
01996;Senftenberg;-14.4;9.5;118;4
01998;Schipkau;-14.3;9.4;124;4
02625;Bautzen;-14.3;9.2;198;9
02627;Weißenberg, Hochkirch u.a.;-14.4;9.3;156;9
02633;Göda;-14.3;9.2;213;9
02681;Wilthen;-14.3;8.9;258;10
02689;Sohland a, d, Spree;-14.3;8.6;311;10
02692;Doberschau-Gaußig, Großpostwitz, Obergurig;-14.3;9.0;239;9
02694;Großdubrau, Malschwitz;-14.5;9.4;142;9
02699;Königswartha;-14.5;9.4;148;9
02708;Löbau, Kottmar u.a.;-14.6;8.8;270;9
02727;Ebersbach-Neugersdorf;-15.3;7.9;437;10
02730;Ebersbach-Neugersdorf;-15.2;8.2;379;10
02733;Cunewalde;-14.6;8.6;305;9
02736;Beiersdorf, Oppach;-14.9;8.4;347;10
02739;Kottmar;-15.3;8.2;378;10
02742;Neusalza-Spremberg;-14.6;8.5;327;10
02747;Herrnhut;-15.0;8.5;317;9
02748;Bernstadt;-14.5;8.9;232;9
02763;Zittau u.a.;-14.3;8.9;262;10
02779;Großschönau;-15.1;8.4;332;10
02782;Seifhennersdorf;-15.1;8.3;368;10
02785;Olbersdorf;-14.9;8.6;307;10
02788;Zittau;-15.3;8.3;343;9
02791;Oderwitz;-15.0;8.5;325;10
02794;Leutersdorf, Spitzkunnersdorf;-15.3;8.2;382;10
02796;Jonsdorf;-15.5;7.8;464;10
02797;Oybin;-15.5;7.9;437;10
02799;Großschönau;-15.4;7.7;479;10
02826;Görlitz;-13.8;9.3;226;9
02827;Görlitz;-14.4;9.0;227;9
02828;Görlitz;-14.4;9.0;217;9
02829;Markersdorf, Neißeaue u.a.;-14.4;9.0;224;9
02894;Reichenbach, Vierkirchen;-14.5;9.0;212;9
02899;Ö“stritz, Schönau-Berzdorf;-14.6;8.8;264;9
02906;Niesky, Hohendubrau u.a.;-14.6;9.3;151;9
02923;Hähnichen, Horka, Kodersdorf;-14.4;9.2;166;9
02929;Rothenburg/O.L.;-14.3;9.2;161;9
02943;Weißwasser, Boxberg;-14.6;9.4;132;4
02953;Bad Muskau, Groß Düben, Gablenz;-14.7;9.3;131;4
02956;Rietschen;-14.5;9.2;157;9
02957;Krauschwitz, Weißkeißel;-14.5;9.3;131;9
02959;Schleife;-14.4;9.3;124;4
02977;Hoyerswerda;-14.3;9.5;128;4
02979;Spreetal, Elsterheide;-14.2;9.5;111;4
02991;Lauta;-14.1;9.5;140;4
02994;Bernsdorf;-14.5;9.5;149;4
02997;Wittichenau;-14.3;9.5;130;4
02999;Lohsa;-14.3;9.4;127;4
03042;Cottbus;-13.8;9.7;69;4
03044;Cottbus;-13.4;9.9;69;4
03046;Cottbus;-13.3;9.9;74;4
03048;Cottbus;-13.9;9.6;68;4
03050;Cottbus;-13.5;9.7;81;4
03051;Cottbus;-13.8;9.5;82;4
03052;Cottbus;-14.0;9.5;66;4
03053;Cottbus;-14.0;9.5;63;4
03054;Cottbus;-14.0;9.5;61;4
03055;Cottbus;-14.0;9.5;71;4
03058;Neuhausen/Spree;-13.9;9.5;82;4
03096;Burg/Spreewald u.a.;-13.8;9.6;57;4
03099;Kolkwitz;-13.8;9.5;74;4
03103;Neu-Seeland, Neupetershain;-14.4;9.4;117;4
03116;Drebkau;-14.1;9.5;90;4
03119;Welzow;-14.6;9.4;114;4
03130;Spremberg, Tschernitz u.a.;-14.4;9.3;142;4
03149;Forst/ Lausitz;-13.7;9.5;75;4
03159;Döbern;-14.3;9.3;142;4
03172;Guben, Schenkendöbern;-13.9;9.5;63;4
03185;Peitz;-13.8;9.5;61;4
03197;Jänschwalde;-13.8;9.5;76;4
03205;Calau, Bronkow;-14.0;9.4;110;4
03222;Lübbenau/ Spreewald;-14.0;9.6;51;4
03226;Vetschau;-14.1;9.5;72;4
03229;Altdöbern, Luckaitztal;-13.9;9.5;86;4
03238;Finsterwalde;-13.8;9.4;120;4
03246;Crinitz;-13.8;9.3;135;4
03249;Sonnewalde;-13.6;9.4;96;4
03253;Doberlug-Kirchhain;-13.8;9.3;138;4
04103;Leipzig;-12.3;10.2;124;4
04105;Leipzig;-12.6;10.0;112;4
04107;Leipzig;-12.2;10.2;118;4
04109;Leipzig;-11.7;10.9;113;4
04129;Leipzig;-12.3;10.2;122;4
04155;Leipzig;-12.3;10.3;105;4
04157;Leipzig;-12.4;10.1;118;4
04158;Leipzig;-13.6;9.7;131;4
04159;Leipzig;-13.3;9.8;101;4
04177;Leipzig;-12.3;10.1;116;4
04178;Leipzig;-13.6;9.7;110;4
04179;Leipzig;-12.5;10.1;113;4
04205;Leipzig;-12.7;9.9;117;4
04207;Leipzig;-13.1;9.7;122;4
04209;Leipzig;-12.3;10.2;119;4
04229;Leipzig;-12.3;10.1;116;4
04249;Leipzig;-13.3;9.7;120;4
04275;Leipzig;-12.3;10.2;122;4
04277;Leipzig;-12.7;9.9;113;4
04279;Leipzig;-12.7;9.8;123;4
04288;Leipzig;-13.1;9.6;136;4
04289;Leipzig;-13.0;9.8;147;4
04299;Leipzig;-12.6;10.1;140;4
04315;Leipzig;-11.6;11.1;117;4
04316;Leipzig;-12.9;9.6;131;4
04317;Leipzig;-12.2;10.2;119;4
04318;Leipzig;-12.3;10.2;121;4
04319;Leipzig;-13.1;9.6;128;4
04328;Leipzig;-12.6;10.0;127;4
04329;Leipzig;-12.9;9.7;127;4
04347;Leipzig;-12.3;10.2;125;4
04349;Leipzig;-13.1;9.7;119;4
04356;Leipzig;-13.5;9.6;133;4
04357;Leipzig;-12.6;9.9;129;4
04416;Markkleeberg;-12.9;9.7;120;4
04420;Markranstädt;-13.5;9.7;121;4
04425;Taucha;-13.3;9.6;134;4
04435;Schkeuditz;-13.5;9.7;134;4
04442;Zwenkau;-13.2;9.7;120;4
04451;Borsdorf;-13.1;9.6;121;4
04463;Großpösna;-13.3;9.5;155;4
04509;Delitzsch, Krostitz u.a.;-13.6;9.7;97;4
04519;Rackwitz;-13.6;9.7;107;4
04523;Pegau, Elstertrebnitz;-13.3;9.7;127;4
04539;Groitzsch;-13.2;9.6;143;4
04552;Borna;-12.9;9.7;144;4
04564;Böhlen;-13.2;9.7;131;4
04565;Regis-Breitingen;-13.1;9.6;159;4
04567;Kitzscher;-13.3;9.5;165;4
04571;Rötha;-12.9;9.6;134;4
04575;Neukieritzsch, Deutzen;-13.1;9.6;148;4
04600;Altenburg;-13.4;9.5;211;4
04603;Nobitz, Göhren, Windischleuba;-13.5;9.4;220;9
04610;Meuselwitz;-13.3;9.5;183;4
04613;Lucka;-13.1;9.6;159;4
04617;Rositz, Starkenberg, Treben;-13.4;9.4;204;4
04618;Langenleuba-Niederhain;-13.4;9.4;209;9
04626;Schmölln, Altkirchen, Nöbdenitz u.a.;-14.2;9.1;265;9
04639;Gößnitz;-13.5;9.4;212;9
04643;Geithain;-13.7;9.3;220;9
04651;Bad Lausick;-13.5;9.5;173;4
04654;Frohburg;-13.6;9.4;195;9
04655;Kohren-Sahlis;-13.6;9.4;215;9
04657;Narsdorf;-13.8;9.2;247;9
04668;Grimma;-13.7;9.4;185;4
04680;Colditz;-13.3;9.6;147;9
04683;Naunhof;-13.0;9.6;144;4
04687;Trebsen/Mulde;-13.1;9.6;135;4
04703;Leisnig;-13.7;9.4;201;9
04720;Döbeln, Großweitzschen u.a.;-13.7;9.5;189;9
04736;Waldheim;-13.3;9.5;219;9
04741;Roßwein;-13.7;9.3;242;9
04746;Hartha;-13.8;9.0;301;9
04749;Ostrau;-13.6;9.6;164;4
04758;Oschatz;-13.6;9.6;144;4
04769;Mügeln;-13.5;9.6;145;4
04774;Dahlen;-13.7;9.5;150;4
04779;Wermsdorf;-13.8;9.4;213;4
04808;Wurzen;-13.5;9.5;147;4
04821;Brandis;-13.1;9.6;140;4
04824;Brandis;-13.1;9.6;125;4
04827;Machern;-13.3;9.5;155;4
04828;Bennewitz, Machern;-13.0;9.6;130;4
04838;Eilenburg u.a.;-13.4;9.7;97;4
04849;Bad Düben;-13.5;9.5;115;4
04860;Torgau, Dreiheide;-13.2;9.5;87;4
04861;Torgau;-13.0;9.5;99;4
04862;Mockrehna;-13.0;9.6;99;4
04874;Belgern-Schildau;-13.2;9.6;111;4
04880;Dommitzsch;-13.3;9.5;101;4
04886;Arzberg, Beilrode;-13.3;9.5;83;4
04889;Belgern-Schildau;-13.1;9.6;114;4
04895;Falkenberg/ Elster;-13.3;9.5;86;4
04910;Elsterwerda;-13.3;9.6;91;4
04916;Herzberg/ Elster;-13.5;9.4;78;4
04924;Bad Liebenwerda;-13.4;9.6;87;4
04928;Plessa, Schraden;-13.5;9.6;90;4
04931;Mühlberg, Bad Liebenwerda;-13.1;9.6;93;4
04932;Röderland, Großthiemig u.a.;-13.3;9.6;92;4
04934;Hohenleipisch;-13.8;9.4;145;4
04936;Schlieben;-13.6;9.3;122;4
04938;Uebigau-Wahrenbrück;-13.4;9.5;83;4
06108;Halle/ Saale;-12.8;10.3;78;4
06110;Halle/ Saale;-13.1;10.2;114;4
06112;Halle/ Saale;-13.5;9.9;96;4
06114;Halle/ Saale;-13.0;10.2;91;4
06116;Halle/ Saale;-13.8;9.7;92;4
06118;Halle/ Saale;-14.0;9.6;106;4
06120;Halle/ Saale;-13.7;9.7;123;4
06122;Halle/ Saale;-13.1;10.2;78;4
06124;Halle/ Saale;-13.4;9.9;77;4
06126;Halle/ Saale;-13.3;10.0;96;4
06128;Halle/ Saale;-13.3;10.0;99;4
06130;Halle/ Saale;-13.1;10.1;105;4
06132;Halle/ Saale;-13.3;10.0;95;4
06179;Teutschenthal;-13.9;9.6;131;4
06184;Kabelsketal;-13.6;9.7;103;4
06188;Landsberg;-13.8;9.6;104;4
06193;Petersberg;-14.3;9.4;150;4
06198;Salzatal;-14.1;9.5;139;4
06217;Merseburg;-13.1;10.1;104;4
06231;Bad Dürrenberg;-13.5;9.8;107;4
06237;Leuna;-13.6;9.7;102;4
06242;Braunsbedra;-13.4;9.7;140;4
06246;Bad Lauchstädt;-13.9;9.6;134;4
06249;Mücheln/ Geiseltal;-13.7;9.5;168;4
06255;Mücheln;-13.9;9.6;137;4
06258;Schkopau;-13.6;9.8;85;4
06259;Frankleben;-13.5;9.8;108;4
06268;Querfurt, Obhausen, Mücheln u.a.;-13.8;9.2;229;4
06279;Schraplau, Farnstädt;-13.5;9.3;208;4
06295;Eisleben;-13.5;9.6;142;4
06308;Klostermansfeld, Benndorf;-13.6;9.0;254;4
06311;Helbra;-13.7;9.1;237;4
06313;Hergisdorf;-13.4;9.1;223;4
06317;Seegebiet Mansfelder Land;-13.7;9.7;83;4
06333;Hettstedt, Endorf;-13.5;9.0;229;4
06343;Mansfeld;-14.0;8.3;320;6
06347;Gerbstedt;-14.1;9.4;139;4
06366;Köthen;-12.8;10.0;84;4
06369;Südliches Anhalt u.a.;-13.5;9.6;84;4
06385;Aken (Elbe);-13.3;9.7;53;4
06386;Aken, Osternienburger Land, Südliches Anhalt;-13.4;9.6;72;4
06388;Südliches Anhalt, Köthen;-13.3;9.6;81;4
06406;Bernburg (Saale);-13.3;9.6;74;4
06408;Ilberstedt;-12.8;9.5;79;4
06420;Könnern;-13.5;9.5;100;4
06425;Alsleben/Saale, Plötzkau;-13.6;9.5;71;4
06429;Nienburg (Saale);-13.0;9.6;61;4
06449;Aschersleben;-13.0;9.3;146;4
06456;Arnstein;-13.7;9.3;159;4
06458;Hedersleben;-12.9;9.2;179;4
06463;Falkenstein;-13.3;9.1;167;4
06464;Seeland;-13.0;9.3;124;4
06466;Seeland;-12.8;9.4;110;4
06467;Seeland;-13.0;9.3;130;4
06469;Seeland;-13.0;9.4;109;4
06484;Quedlinburg;-13.1;9.4;115;4
06485;Quedlinburg, Ballenstedt;-14.6;7.4;448;6
06493;Ballenstedt, Harzgerode;-14.4;7.8;376;6
06502;Thale, Blankenburg;-14.2;7.8;382;6
06526;Sangerhausen;-13.5;8.7;267;6
06528;Wallhausen, Blankenheim;-13.2;9.6;131;4
06536;Südharz, Berga;-14.2;7.9;392;6
06537;Kelbra (Kyffhäuser);-13.3;9.5;160;4
06542;Allstedt;-13.6;9.4;177;4
06543;Falkenstein, Arnstein;-13.9;8.7;249;6
06556;Artern/ Unstrut u.a.;-13.0;9.7;120;4
06567;Bad Frankenhausen/ Kyffhäuser;-13.2;9.6;142;4
06571;Roßleben, Wiehe, Donndorf, Nausitz, Gehofen;-13.0;9.7;118;4
06577;Heldrungen;-13.2;9.6;150;4
06578;Bilzingsleben Kannawurf Oldisleben;-13.4;8.8;296;4
06618;Naumburg;-13.6;9.4;225;4
06628;Lanitz-Hassel-Tal, Molauer Land;-13.5;9.4;215;4
06632;Freyburg, Balgstädt;-13.7;9.4;216;4
06636;Laucha an der Unstrut;-13.3;9.6;156;4
06638;Karsdorf;-13.1;9.7;115;4
06642;Nebra, Kaiserpfalz;-13.2;9.5;177;4
06647;Bad Bibra, Finne u.a.;-13.6;9.0;278;4
06648;Eckartsberga;-13.5;9.3;217;4
06667;Weißenfels, Stößen;-13.3;9.8;97;4
06679;Hohenmölsen;-13.3;9.5;179;4
06682;Teuchern;-13.4;9.5;191;4
06686;Lützen;-13.5;9.7;132;4
06688;Weißenfels;-13.6;9.8;105;4
06711;Zeitz;-13.3;9.6;163;4
06712;Zeitz, Gutenborn u.a.;-14.0;9.1;279;4
06721;Meineweh, Osterfeld;-14.0;9.2;269;4
06722;Droyßig, Wetterzeube;-13.3;9.6;172;4
06729;Elsteraue;-13.1;9.7;144;4
06749;Bitterfeld-Wolfen;-12.8;10.1;78;4
06766;Bitterfeld-Wolfen;-13.6;9.7;87;4
06772;Gräfenhainichen;-13.3;9.6;94;4
06773;Gräfenhainichen;-13.3;9.6;96;4
06774;Muldestausee;-13.6;9.5;105;4
06779;Raguhn-Jeßnitz;-13.3;9.6;83;4
06780;Zörbig;-13.7;9.6;85;4
06785;Oranienbaum-Wörlitz;-13.1;9.6;59;4
06792;Sandersdorf-Brehna;-13.7;9.6;89;4
06794;Sandersdorf-Brehna;-13.8;9.6;90;4
06796;Sandersdorf-Brehna;-13.8;9.6;95;4
06800;Raguhn-Jeßnitz;-13.6;9.6;79;4
06803;Bitterfeld-Wolfen;-12.9;10.1;77;4
06808;Bitterfeld-Wolfen;-13.6;9.7;82;4
06809;Roitzsch, Petersroda;-13.7;9.7;88;4
06842;Dessau-Roßlau;-13.3;9.6;74;4
06844;Dessau-Roßlau;-13.3;9.7;59;4
06846;Dessau-Roßlau;-13.3;9.7;66;4
06847;Dessau-Roßlau;-13.3;9.7;70;4
06849;Dessau-Roßlau;-13.4;9.6;63;4
06861;Dessau-Roßlau;-13.1;9.5;83;4
06862;Dessau-Roßlau;-13.1;9.5;85;4
06868;Coswig (Anhalt);-12.8;9.3;111;4
06869;Coswig (Anhalt);-13.0;9.4;123;4
06886;Wittenberg;-13.0;9.7;78;4
06888;Wittenberg;-13.2;9.7;63;4
06889;Wittenberg;-13.1;9.2;163;4
06895;Zahna-Elster;-13.3;9.6;82;4
06901;Kemberg;-13.3;9.6;67;4
06905;Bad Schmiedeberg;-13.5;9.4;121;4
06917;Jessen (Elster);-13.6;9.4;92;4
06925;Annaburg;-13.5;9.5;76;4
07318;Saalfeld/Saale, Wittgendorf;-13.6;8.8;338;10
07330;Probstzella;-14.1;8.3;425;10
07333;Unterwellenborn;-13.3;9.2;274;9
07334;Kamsdorf;-13.6;8.9;319;10
07338;Kaulsdorf;-14.8;7.8;516;10
07343;Wurzbach;-14.7;7.2;613;10
07349;Lehesten;-15.0;6.8;680;10
07356;Lobenstein, Neundorf;-14.8;7.3;596;10
07366;Blankenstein, Blankenberg u.a.;-14.7;7.6;547;10
07368;Remptendorf;-14.8;7.6;543;10
07381;Pößneck;-13.1;9.5;221;9
07387;Krölpa;-13.7;8.8;329;9
07389;Ranis;-14.6;8.1;468;10
07407;Rudolstadt;-13.8;8.6;359;9
07422;Bad Blankenburg, Saalfelder Höhe;-14.6;7.7;527;10
07426;Königsee-Rottenbach u.a.;-13.8;8.5;372;10
07427;Schwarzburg;-14.1;8.3;418;10
07429;Döschnitz, Sitzendorf, Rohrbach;-14.7;6.9;643;10
07545;Gera;-13.3;9.9;201;9
07546;Gera;-13.7;9.5;240;9
07548;Gera;-14.2;8.9;312;9
07549;Gera;-13.5;9.5;221;9
07551;Gera;-14.0;9.0;284;9
07552;Gera;-13.8;9.3;226;9
07554;Brahmenau;-14.2;9.1;265;9
07557;Gera, Zedlitz u.a.;-14.1;8.8;328;9
07570;Weida, Harth-Pöllnitz, Wünschendorf;-13.9;9.1;279;9
07580;Ronneburg, Braunichswalde, Großenstein u.a.;-14.2;8.9;318;9
07586;Bad Köstritz;-14.2;8.9;312;9
07589;Münchenbernsdorf, Schwarzbach, Bocka;-13.9;8.8;324;9
07607;Eisenberg, Gösen, Hainspitz;-13.9;9.0;315;9
07613;Crossen, Heideland u.a.;-14.1;8.9;315;9
07616;Bürgel u.a.;-14.0;8.8;332;9
07619;Schkölen;-13.8;9.1;274;9
07629;Hermsdorf;-14.2;8.6;362;9
07639;Bad Klosterlausnitz;-14.0;8.9;305;9
07646;Stadtroda u.a.;-13.7;9.0;295;9
07743;Jena;-12.8;9.7;176;9
07745;Jena;-12.8;9.7;174;9
07747;Jena;-12.8;9.7;170;9
07749;Jena;-13.3;9.3;258;9
07751;Jena, Bucha, Großpürschütz u.a.;-12.6;9.9;146;9
07768;Kahla;-13.1;9.5;189;9
07774;Dornburg-Camburg u.a.;-13.3;9.5;177;9
07778;Neuengönna u.a.;-13.2;9.6;167;9
07806;Neustadt/ Orla;-14.0;8.8;333;9
07819;Triptis;-14.1;8.7;341;9
07907;Schleiz;-14.6;8.1;474;10
07919;Kirschkau, Pausa-Mühltroff;-14.6;8.1;469;10
07922;Tanna;-14.7;7.5;564;10
07924;Ziegenrück;-14.5;8.1;467;10
07926;Gefell;-14.9;7.1;614;10
07927;Hirschberg;-14.7;7.7;520;10
07929;Saalburg-Ebersdorf;-14.8;7.9;500;10
07937;Zeulenroda-Triebes, Langenwolschendorf;-14.6;8.2;451;9
07950;Zeulenroda-Triebes, Weißendorf;-14.3;8.6;365;9
07952;Pausa-Mühltroff;-14.6;8.1;456;10
07955;Auma-Weidatal;-14.5;8.4;416;9
07957;Langenwetzendorf;-14.2;8.6;368;9
07958;Hohenleuben;-14.1;8.7;355;9
07973;Greiz;-14.4;8.5;385;9
07980;Berga/Elster;-13.7;9.3;223;9
07985;Elsterberg;-13.8;9.0;277;9
07987;Mohlsdorf-Teichwolframsdorf;-14.2;8.6;368;9
08056;Zwickau;-13.1;9.6;286;9
08058;Zwickau;-13.8;9.1;272;9
08060;Zwickau;-13.7;9.0;318;9
08062;Zwickau;-13.3;9.3;317;9
08064;Zwickau;-13.7;8.7;365;9
08066;Zwickau;-13.7;9.0;327;9
08107;Kirchberg;-13.8;8.5;422;10
08112;Wilkau-Haßlau;-13.6;8.9;319;9
08115;Lichtentanne;-14.0;8.5;388;9
08118;Hartenstein;-13.8;8.6;395;9
08132;Mülsen;-13.8;9.0;307;9
08134;Langenweißbach, Wildenfels;-13.7;8.7;381;9
08141;Reinsdorf;-13.7;8.8;346;9
08144;Hirschfeld;-13.8;8.6;398;9
08147;Crinitzberg;-14.7;7.9;504;10
08209;Auerbach/Vogtl.;-14.7;7.3;575;10
08223;Falkenstein/Vogtl.;-15.0;6.8;661;10
08228;Rodewisch;-14.4;8.2;460;10
08233;Treuen;-14.7;8.1;452;10
08236;Ellefeld;-14.6;7.7;522;10
08237;Steinberg;-15.0;6.8;655;10
08239;Bergen;-14.8;7.9;484;10
08248;Klingenthal/Sa.;-14.5;6.6;698;11
08258;Markneukirchen;-14.5;7.5;539;10
08261;Schöneck/Vogtl.;-14.9;6.7;686;11
08262;Muldenhammer;-15.1;5.9;818;11
08267;Klingenthal;-14.6;6.4;737;11
08280;Aue;-13.4;8.9;367;10
08289;Schneeberg;-14.0;8.3;459;10
08294;Lößnitz;-14.1;8.1;477;10
08297;Zwönitz;-14.1;7.9;507;10
08301;Schlema;-13.8;8.5;438;10
08304;Schönheide;-14.8;6.5;717;10
08309;Eibenstock;-15.3;5.6;867;11
08315;Lauter-Bernsbach;-13.8;8.3;457;10
08321;Zschorlau;-14.7;6.8;666;10
08324;Bockau;-14.8;7.2;612;10
08328;Stützengrün;-14.7;7.4;569;10
08340;Schwarzenberg/Erzgeb.;-14.1;8.1;483;10
08344;Grünhain;-14.8;6.8;678;10
08349;Johanngeorgenstadt;-15.3;5.6;872;11
08352;Raschau;-14.8;6.1;786;11
08359;Breitenbrunn/Erzgeb.;-14.9;6.0;794;11
08371;Glauchau;-13.9;9.1;294;9
08373;Remse;-13.8;9.2;257;9
08393;Meerane;-14.0;9.1;284;9
08396;Waldenburg;-13.8;9.1;280;9
08412;Werdau;-13.8;9.0;300;9
08427;Fraureuth;-13.7;8.8;330;9
08428;Langenbernsdorf;-14.0;8.9;306;9
08451;Crimmitschau;-14.0;9.1;270;9
08459;Neukirchen/Pleiße;-14.0;9.1;283;9
08468;Reichenbach/Vogtl.;-14.4;8.3;431;9
08485;Lengenfeld;-14.3;8.4;421;10
08491;Netzschkau, Limbach;-14.7;8.2;442;9
08496;Neumark;-14.0;8.6;377;9
08499;Mylau;-13.9;8.9;311;9
08523;Plauen;-14.3;8.5;421;10
08525;Plauen;-14.5;8.3;405;10
08527;Plauen, Rößnitz;-14.6;8.3;406;10
08529;Plauen;-14.3;8.6;371;10
08538;Weischlitz u.a.;-15.0;7.8;513;10
08539;Rosenbach;-14.8;8.0;479;10
08541;Neuensalz;-14.6;8.3;411;10
08543;Pöhl;-14.5;8.3;398;9
08547;Jößnitz;-14.6;8.3;423;10
08548;Rosenbach;-14.8;8.0;481;10
08606;Oelsnitz;-15.0;7.8;510;10
08626;Adorf;-14.7;7.4;557;10
08645;Bad Elster;-14.5;7.6;537;10
08648;Bad Brambach;-14.6;7.3;572;10
09111;Chemnitz;-13.0;9.7;304;9
09112;Chemnitz;-13.0;9.5;330;9
09113;Chemnitz;-13.3;9.2;337;9
09114;Chemnitz;-13.3;9.4;286;9
09116;Chemnitz;-13.1;9.3;333;9
09117;Chemnitz;-13.5;9.1;334;9
09119;Chemnitz;-13.1;9.4;336;9
09120;Chemnitz;-13.1;9.5;310;9
09122;Chemnitz;-12.9;9.1;373;9
09123;Chemnitz;-13.7;8.7;409;10
09125;Chemnitz;-13.6;8.7;401;10
09126;Chemnitz;-13.1;9.4;339;9
09127;Chemnitz;-13.3;8.9;390;10
09128;Chemnitz;-14.3;8.0;504;10
09130;Chemnitz;-13.1;9.5;320;9
09131;Chemnitz;-13.5;8.9;357;9
09212;Limbach-Oberfrohna;-13.8;9.0;327;9
09217;Burgstädt;-13.6;9.1;305;9
09221;Neukirchen/Erzgeb.;-13.5;9.0;346;9
09224;Chemnitz;-13.5;8.8;390;9
09228;Chemnitz;-13.8;8.9;340;9
09232;Hartmannsdorf;-13.8;8.9;344;9
09235;Burkhardtsdorf;-13.8;8.6;414;10
09236;Claußnitz;-13.6;9.2;282;9
09241;Mühlau;-13.7;9.1;297;9
09243;Niederfrohna;-13.8;8.9;333;9
09244;Lichtenau;-13.8;8.8;357;9
09247;Röhrsdorf;-13.6;9.0;339;9
09249;Taura b, Burgstädt;-13.8;8.9;338;9
09306;Rochlitz;-13.3;9.3;231;9
09322;Penig;-13.8;9.2;263;9
09326;Geringswalde;-13.5;9.3;245;9
09328;Lunzenau;-13.5;9.3;235;9
09337;Callenberg, Hohenstein-Ernstthal, Bernsdorf;-13.8;8.8;381;9
09350;Lichtenstein;-13.7;8.9;346;9
09353;Oberlungwitz;-13.6;9.1;316;9
09355;Gersdorf;-13.6;9.0;334;9
09356;St, Egidien;-13.8;9.1;298;9
09366;Stollberg/Erzgeb.;-13.5;8.5;442;9
09376;Oelsnitz/Erzgebirge;-13.6;8.8;384;9
09380;Thalheim/Erzgebirge;-13.8;8.5;440;10
09385;Lugau/Erzgeb.;-13.7;8.9;367;9
09387;Jahnsdorf;-13.6;8.9;358;9
09390;Gornsdorf;-14.0;8.3;470;10
09392;Auerbach;-14.6;7.4;587;10
09394;Hohndorf;-13.6;8.8;374;9
09399;Niederwürschnitz;-13.6;8.7;398;9
09405;Zschopau, Gornau;-13.6;8.7;392;10
09419;Thum;-14.1;7.9;511;10
09423;Gelenau/Erzgeb.;-14.0;7.9;516;10
09427;Ehrenfriedersdorf;-14.6;7.6;549;10
09429;Wolkenstein;-14.2;8.0;492;10
09430;Drebach;-13.8;8.3;453;10
09432;Großolbersdorf;-14.0;8.0;497;10
09434;Großolbersdorf, Zschopau;-13.9;8.1;490;10
09437;Börnichen, Gornau;-14.0;8.5;418;10
09439;Amtsberg;-13.8;8.4;447;10
09456;Annaberg-Buchholz, Mildenau;-14.8;7.5;560;10
09465;Sehma;-14.8;6.2;766;11
09468;Geyer;-15.0;7.2;613;10
09471;Bärenstein;-14.9;6.6;713;11
09474;Crottendorf;-14.8;6.7;695;11
09477;Jöhstadt;-14.8;6.6;714;11
09481;Scheibenberg;-15.0;7.2;611;10
09484;Oberwiesenthal;-16.1;4.4;1089;11
09487;Schlettau;-14.5;7.6;548;10
09488;Wiesa;-14.2;8.0;494;10
09496;Marienberg;-15.1;6.2;775;11
09509;Pockau-Lengefeld (Pockau);-13.8;8.2;461;10
09514;Pockau-Lengefeld (Lengefeld);-13.8;8.4;439;10
09518;Großrückerswalde;-14.7;7.6;547;10
09526;Olbernhau, Pfaffroda, Heidersdorf;-14.3;7.7;526;10
09544;Neuhausen/Erzgeb.;-14.8;7.0;636;10
09548;Seiffen/Erzgeb.;-15.2;6.1;774;10
09557;Flöha;-13.4;9.3;276;10
09569;Oederan;-13.7;8.6;412;10
09573;Leubsdorf, Gornau, Augustusburg;-13.6;8.8;367;10
09575;Eppendorf;-14.0;8.2;464;10
09577;Niederwiesa;-13.6;9.1;305;9
09579;Grünhainichen;-13.7;8.7;367;10
09599;Freiberg;-13.3;8.8;402;9
09600;Weißenborn, Oberschöna;-13.8;8.6;407;9
09603;Großschirma;-13.8;8.8;350;9
09618;Brand-Erbisdorf, Großhartmannsdorf;-14.3;7.6;541;10
09619;Dorfchemnitz, Mulda, Sayda;-14.7;7.4;574;10
09623;Frauenstein;-14.8;7.2;602;10
09627;Bobritzsch;-14.1;8.2;453;9
09629;Reinsberg;-13.7;8.8;339;9
09633;Halsbrücke;-13.8;8.6;389;9
09634;Reinsberg;-13.7;9.1;282;9
09638;Lichtenberg/Erzgeb.;-13.8;8.4;416;10
09648;Mittweida, Kriebstein;-13.3;9.4;237;9
09661;Hainichen, Rossau, Striegistal;-13.6;9.2;275;9
09669;Frankenberg;-13.8;8.9;336;9
10115;Berlin Mitte;-11.1;11.0;33;4
10117;Berlin Mitte;-11.3;10.9;40;4
10119;Berlin Mitte;-11.2;10.8;55;4
10178;Berlin Mitte;-11.2;10.9;39;4
10179;Berlin Mitte;-11.2;10.9;34;4
10243;Berlin Friedrichshain;-11.8;10.4;37;4
10245;Berlin Friedrichshain;-11.7;10.5;35;4
10247;Berlin Friedrichshain;-11.3;10.8;43;4
10249;Berlin Friedrichshain;-11.8;10.4;49;4
10315;Berlin Friedrichsfelde;-12.0;10.1;50;4
10317;Berlin Rummelsburg;-12.1;10.0;32;4
10318;Berlin Karlshorst;-12.0;10.1;39;4
10319;Berlin;-11.9;10.3;35;4
10365;Berlin Lichtenberg;-12.0;10.1;51;4
10367;Berlin Lichtenberg;-11.9;10.2;50;4
10369;Berlin Lichtenberg;-12.0;10.2;50;4
10405;Berlin Prenzlauer Berg;-11.2;10.8;49;4
10407;Berlin Prenzlauer Berg;-11.8;10.3;49;4
10409;Berlin Prenzlauer Berg;-11.9;10.3;50;4
10435;Berlin Prenzlauer Berg;-11.2;10.8;55;4
10437;Berlin Prenzlauer Berg;-11.3;10.7;52;4
10439;Berlin Prenzlauer Berg;-11.3;10.8;54;4
10551;Berlin Moabit;-11.3;10.7;43;4
10553;Berlin Moabit;-11.8;10.3;38;4
10555;Berlin Moabit;-11.8;10.4;33;4
10557;Berlin Moabit;-11.8;10.4;37;4
10559;Berlin Moabit;-11.2;10.8;34;4
10585;Berlin Charlottenburg;-11.1;10.9;41;4
10587;Berlin Charlottenburg;-11.8;10.3;38;4
10589;Berlin Charlottenburg;-11.8;10.3;42;4
10623;Berlin Charlottenburg;-11.3;10.7;36;4
10625;Berlin Charlottenburg;-11.2;10.8;44;4
10627;Berlin Charlottenburg;-11.2;10.9;36;4
10629;Berlin Charlottenburg;-11.2;10.8;43;4
10707;Berlin Wilmersdorf;-11.3;10.7;40;4
10709;Berlin Wilmersdorf;-11.8;10.2;48;4
10711;Berlin Halensee;-12.0;10.0;44;4
10713;Berlin Wilmersdorf;-11.3;10.7;42;4
10715;Berlin Wilhelmsdorf;-12.0;10.1;50;4
10717;Berlin Wilmersdorf;-11.8;10.3;43;4
10719;Berlin Wilmersdorf;-11.3;10.7;42;4
10777;Berlin Wilmersdorf;-11.3;10.7;38;4
10779;Berlin Schöneberg;-11.8;10.3;39;4
10781;Berlin Schöneberg;-11.3;10.7;38;4
10783;Berlin Schöneberg;-11.3;10.7;39;4
10785;Berlin Tiergarten;-11.8;10.4;34;4
10787;Berlin Tiergarten;-11.8;10.3;36;4
10789;Berlin Schöneberg;-11.3;10.7;42;4
10823;Berlin-West;-11.8;10.3;39;4
10825;Berlin;-11.4;10.6;40;4
10827;Berlin;-11.9;10.1;45;4
10829;Berlin Schöneberg;-11.9;10.1;45;4
10961;Berlin Kreuzberg;-11.3;10.8;37;4
10963;Berlin Kreuzberg;-12.0;10.2;33;4
10965;Berlin Neukölln;-11.1;10.9;58;4
10967;Berlin Kreuzberg;-11.1;10.9;37;4
10969;Berlin Kreuzberg;-11.8;10.4;37;4
10997;Berlin Kreuzberg;-11.8;10.3;36;4
10999;Berlin Kreuzberg;-11.3;10.8;39;4
12043;Berlin Neukölln;-11.9;10.2;46;4
12045;Berlin Neukölln;-11.4;10.6;42;4
12047;Berlin Kreuzberg;-11.1;10.9;37;4
12049;Berlin Neukölln;-11.8;10.3;60;4
12051;Berlin Neukölln;-12.0;10.1;41;4
12053;Berlin Neukölln;-11.9;10.2;46;4
12055;Berlin Neukölln;-12.0;10.1;32;4
12057;Berlin Neukölln;-12.1;10.0;35;4
12059;Berlin Neukölln;-11.9;10.2;35;4
12099;Berlin Tempelhof;-11.9;10.2;35;4
12101;Berlin Tempelhof;-11.9;10.2;49;4
12103;Berlin Tempelhof;-11.9;10.1;48;4
12105;Berlin Mariendorf;-11.9;10.1;40;4
12107;Berlin Mariendorf;-11.9;10.2;48;4
12109;Berlin Mariendorf;-12.3;9.9;45;4
12157;Berlin Schöneberg;-12.1;9.9;50;4
12159;Berlin Friedenau;-12.0;10.0;47;4
12161;Berlin Friedenau;-12.0;10.0;47;4
12163;Berlin Steglitz;-12.0;9.9;53;4
12165;Berlin Steglitz;-12.0;10.0;44;4
12167;Berlin Steglitz;-12.0;10.0;45;4
12169;Berlin Steglitz;-12.1;9.9;50;4
12203;Berlin Lichtenfelde;-12.0;9.9;46;4
12205;Berlin Lichtenfelde;-12.1;9.9;48;4
12207;Berlin Lichtenfelde;-12.0;10.0;46;4
12209;Berlin Lichtenfelde;-12.0;10.0;47;4
12247;Berlin Lankwitz;-12.0;10.0;43;4
12249;Berlin Lankwitz;-12.1;10.0;45;4
12277;Berlin;-12.0;10.1;46;4
12279;Berlin;-12.0;10.0;46;4
12305;Berlin;-12.2;9.9;46;4
12307;Berlin;-13.0;9.6;42;4
12309;Berlin;-12.4;9.8;43;4
12347;Berlin Britz;-12.0;10.1;39;4
12349;Berlin Buckow;-12.1;10.0;45;4
12351;Berlin Buckow;-12.1;10.0;45;4
12353;Berlin Gropiusstadt;-12.8;9.7;42;4
12355;Berlin Rudow;-12.1;10.0;38;4
12357;Berlin Rudow;-12.2;9.9;36;4
12359;Berlin Britz;-12.1;10.0;45;4
12435;Berlin Alt Treptow;-12.3;9.8;40;4
12437;Berlin Baumschulenweg;-12.0;10.1;35;4
12439;Berlin Niederschöneweide;-12.3;9.9;36;4
12459;Berlin Oberschöneweide;-12.2;9.9;36;4
12487;Berlin;-12.1;10.0;34;4
12489;Berlin Teltowkanal III;-12.1;10.0;37;4
12524;Berlin Altglienicke;-12.1;10.1;44;4
12526;Berlin Bohnsdorf;-12.6;9.7;41;4
12527;Berlin Schmöckwitz;-13.3;9.5;45;4
12529;Schönefeld;-13.2;9.5;40;4
12555;Berlin Köpenick;-12.2;9.9;34;4
12557;Berlin;-12.5;9.8;33;4
12559;Berlin Köpenick;-13.2;9.6;37;4
12587;Berlin Wiesengrund;-13.2;9.5;47;4
12589;Berlin Rahnsdorf;-13.0;9.5;54;4
12619;Berlin;-12.0;10.0;55;4
12621;Berlin Kaulsdorf;-12.4;9.9;36;4
12623;Berlin Mahlsdorf;-12.2;9.9;48;4
12627;Berlin Hellersdorf;-12.1;10.1;55;4
12629;Berlin;-12.2;9.9;52;4
12679;Berlin;-12.2;10.0;62;4
12681;Berlin;-12.1;10.0;56;4
12683;Berlin Biesdorf;-12.1;10.0;51;4
12685;Berlin;-12.2;10.0;61;4
12687;Berlin;-12.2;9.9;57;4
12689;Berlin;-12.2;10.0;62;4
13051;Berlin Neu-Schönhausen;-12.6;9.7;46;4
13053;Berlin Alt-Hohenschönhausen;-12.1;10.0;59;4
13055;Berlin Alt-Hohenschönhausen;-12.0;10.1;53;4
13057;Berlin Falkenberg;-12.1;10.0;56;4
13059;Berlin Wartenberg;-12.6;9.7;52;4
13086;Berlin Weißensee;-12.1;10.0;51;4
13088;Berlin Weißensee;-12.1;10.0;53;4
13089;Berlin Heinelsdorf;-12.0;10.2;51;4
13125;Berlin Buch;-12.8;9.6;50;4
13127;Berlin Französisch Buchholz;-12.8;9.6;49;4
13129;Berlin Blankenburg;-12.3;9.9;49;4
13156;Berlin Niederschönhausen;-11.9;10.2;48;4
13158;Berlin Rosenthal;-12.2;10.0;42;4
13159;Berlin Blankenfelde;-12.9;9.6;48;4
13187;Berlin Pankow;-11.8;10.3;46;4
13189;Berlin Pankow;-12.0;10.1;54;4
13347;Berlin Wedding;-11.3;10.7;44;4
13349;Berlin Wedding;-11.3;10.6;38;4
13351;Berlin Wedding;-12.0;10.3;36;4
13353;Berlin Wedding;-11.3;10.7;42;4
13355;Berlin Wedding;-11.8;10.4;46;4
13357;Berlin Gesundbrunnen;-11.2;10.8;43;4
13359;Berlin Gesundbrunnen;-11.3;10.7;48;4
13403;Berlin Reinickendorf;-11.9;10.3;38;4
13405;Berlin Wedding;-12.2;10.0;34;4
13407;Berlin-West;-11.8;10.4;41;4
13409;Berlin-West;-11.8;10.3;42;4
13435;Berlin Märkisches Viertel;-12.1;10.1;45;4
13437;Berlin Reinickendorf;-12.0;10.2;43;4
13439;Berlin Märkisches Viertel;-12.0;10.1;45;4
13465;Berlin Frohnau;-12.4;9.7;56;4
13467;Berlin Hermsdorf;-12.2;10.0;45;4
13469;Berlin Lübars;-12.3;10.0;45;4
13503;Berlin Tegel;-12.5;9.8;38;4
13505;Berlin Tegel;-12.8;9.7;46;4
13507;Berlin Tegel;-12.3;10.0;33;4
13509;Berlin Reinickendorf;-12.0;10.2;38;4
13581;Berlin Spandau;-12.1;10.1;36;4
13583;Berlin Spandau;-12.1;10.1;38;4
13585;Berlin Spandau;-12.0;10.2;37;4
13587;Berlin Hakenfelde;-12.8;9.7;45;4
13589;Berlin Falkenhagener Feld;-12.5;9.8;42;4
13591;Berlin Staaken;-12.2;10.0;34;4
13593;Berlin Wilhelmstadt;-12.7;9.6;42;4
13595;Berlin Wlhelmstadt;-12.5;9.8;28;4
13597;Berlin Spandau;-12.1;10.1;31;4
13599;Berlin Haselhorst;-12.1;10.1;33;4
13627;Berlin Charlottenburg-Nord;-12.1;10.2;34;4
13629;Berlin Siemensstadt;-12.4;9.9;35;4
14050;Berlin Westend;-12.1;10.0;62;4
14052;Berlin Westend;-12.2;9.8;61;4
14053;Berlin Westend;-12.5;9.6;64;4
14055;Berlin Westend;-12.7;9.5;60;4
14057;Berlin Charlottenburg;-11.5;10.5;45;4
14059;Berlin Charlottenburg;-11.8;10.2;39;4
14089;Berlin Gatow;-12.6;9.6;46;4
14109;Berlin Wannsee;-12.6;9.5;61;4
14129;Berlin Nikolassee;-12.8;9.6;43;4
14163;Berlin Zehlendorf;-12.2;9.8;44;4
14165;Berlin Zehlendorf;-12.0;9.9;41;4
14167;Berlin Zehlendorf;-12.2;9.8;47;4
14169;Berlin Zehlendorf;-12.5;9.6;50;4
14193;Berlin Grunewald;-12.7;9.5;66;4
14195;Berlin Dahlem;-12.2;9.8;53;4
14197;Berlin Wilmersdorf;-12.0;10.0;44;4
14199;Berlin Schmargendorf;-12.0;9.9;47;4
14467;Potsdam;-12.1;10.0;34;4
14469;Potsdam;-12.6;9.6;41;4
14471;Potsdam;-12.5;9.6;50;4
14473;Potsdam;-12.6;9.5;69;4
14476;Potsdam;-12.7;9.7;32;4
14478;Potsdam;-12.4;9.8;36;4
14480;Potsdam;-12.4;9.7;34;4
14482;Potsdam;-12.2;9.9;39;4
14513;Teltow;-12.8;9.6;37;4
14532;Kleinmachnow;-12.8;9.6;40;4
14542;Werder/ Havel;-12.7;9.7;29;4
14547;Beelitz;-12.9;9.6;39;4
14548;Schwielowswee;-12.8;9.7;27;4
14550;Groß Kreutz;-12.9;9.6;38;4
14552;Michendorf;-12.8;9.6;42;4
14554;Seddinger See;-13.0;9.6;45;4
14558;Nuthetal;-12.9;9.6;32;4
14612;Falkensee;-12.2;10.0;33;4
14621;Schönwalde;-12.8;9.6;51;4
14624;Dallgow-Döberitz;-12.8;9.6;40;4
14641;Nauen;-12.6;9.6;37;4
14656;Brieselang;-12.8;9.7;33;4
14662;Friesack;-13.2;9.4;32;4
14669;Ketzin;-12.8;9.7;31;4
14712;Rathenow;-12.9;9.4;25;4
14715;Milower Land, Schollene, Nennhausen u.a.;-12.9;9.5;32;4
14727;Premnitz;-12.8;9.5;37;4
14728;Rhinow;-12.8;9.3;58;4
14770;Brandenburg/ Havel;-12.4;9.9;30;4
14772;Brandenburg/ Havel;-12.9;9.5;39;4
14774;Brandenburg/ Havel;-13.0;9.5;27;4
14776;Brandenburg/ Havel;-12.9;9.6;26;4
14778;Beetzsee, Wollin, Wenzlow, Golzow u.a;-12.8;9.6;27;4
14789;Wusterwitz, Rosenau, Bensdorf;-13.1;9.4;31;4
14793;Ziesar;-13.2;9.3;62;4
14797;Lehnin;-12.8;9.5;38;4
14798;Havelsee;-12.9;9.5;25;4
14806;Belzig;-13.0;9.1;122;4
14822;Brück, Borkheide u.a;-13.0;9.5;44;4
14823;Niemegk;-13.0;9.3;101;4
14827;Wiesenburg;-13.1;8.9;156;4
14828;Görzke;-13.1;9.1;119;4
14913;Jüterbog;-13.5;9.5;75;4
14929;Treuenbrietzen;-13.2;9.4;85;4
14943;Luckenwalde;-13.0;9.7;66;4
14947;Nuthe-Urstromtal;-14.1;9.5;44;4
14959;Trebbin;-13.2;9.6;34;4
14974;Ludwigsfelde;-13.0;9.5;43;4
14979;Großbeeren;-13.0;9.6;37;4
15230;Frankfurt/ Oder;-13.7;9.6;39;4
15232;Frankfurt/ Oder;-13.8;9.5;77;4
15234;Frankfurt/ Oder;-14.1;9.3;92;4
15236;Treplin, Jacobsdorf, Frankfurt (Oder);-13.9;9.4;92;4
15295;Brieskow-Finkenheerd;-14.3;9.5;20;4
15299;Müllrose;-13.8;9.5;64;4
15306;Seelow, Lietzen u.a.;-13.9;9.3;49;4
15320;Neutrebbin, Neuhardenberg;-13.7;9.4;17;4
15324;Letschin;-13.7;9.5;4;4
15326;Zeschdorf, Podelzig, Lebus;-14.1;9.3;49;4
15328;Golzow, Zechin u.a.;-13.8;9.4;9;4
15344;Strausberg;-12.8;9.4;74;4
15345;Lichtenow, Altlandsberg u.a.;-12.8;9.5;74;4
15366;Neuenhagen, Hoppegarten;-12.3;9.7;56;4
15370;Fredersdorf-Vogelsdorf, Petershagen;-12.6;9.6;51;4
15374;Müncheberg;-13.6;9.5;57;4
15377;Oberbarnim, Märkische Höhe u.a.;-13.4;9.3;98;4
15378;Rüdersdorf;-13.1;9.5;46;4
15517;Fürstenwalde/ Spree;-12.4;9.9;41;4
15518;Briesen, Rauen u.a.;-13.5;9.5;53;4
15526;Bad Saarow-Pieskow;-13.3;9.6;58;4
15528;Spreenhagen;-13.0;9.6;39;4
15537;Erkner;-13.0;9.5;53;4
15562;Rüdersdorf;-12.8;9.4;81;4
15566;Schöneiche bei Berlin;-13.1;9.5;46;4
15569;Woltersdorf;-13.0;9.5;51;4
15711;Königs Wusterhausen;-12.6;9.7;40;4
15712;Königs Wusterhausen;-13.2;9.6;32;4
15713;Königs Wusterhausen;-13.2;9.5;45;4
15732;Schulzendorf b, Eichenwade;-12.6;9.8;39;4
15738;Zeuthen;-12.6;9.7;36;4
15741;Bestensee;-13.7;9.5;35;4
15745;Wildau;-12.6;9.7;59;4
15746;Groß Köris;-14.1;9.5;42;4
15748;Märkisch Buchholz;-13.7;9.5;47;4
15749;Mittenwalde;-13.2;9.5;35;4
15754;Heidesee;-13.3;9.6;34;4
15755;Teupitz;-14.3;9.5;43;4
15757;Halbe;-14.0;9.5;43;4
15806;Zossen;-13.8;9.5;44;4
15827;Blankenfelde-Mahlow;-13.2;9.5;46;4
15831;Blankenfelde-Mahlow u.a.;-13.2;9.5;43;4
15834;Rangsdorf;-13.2;9.5;38;4
15837;Baruth;-14.1;9.3;85;4
15838;Am Mellensee;-14.2;9.4;54;4
15848;Beeskow;-13.5;9.6;49;4
15859;Storkow;-13.2;9.6;38;4
15864;Wendisch Rietz;-13.2;9.6;53;4
15868;Lieberose;-13.9;9.5;78;4
15890;Eisenhüttenstadt;-13.9;9.4;107;4
15898;Neuzelle;-14.1;9.4;87;4
15907;Lübben/ Spreewald;-13.8;9.6;53;4
15910;Schönwalde;-14.0;9.4;72;4
15913;Straupitz;-13.8;9.6;64;4
15926;Luckau, Waldrehna, Heideblick, Fürstlich Drehna;-14.0;9.5;67;4
15936;Dahme u.a.;-13.7;9.4;92;4
15938;Golßen;-14.2;9.4;63;4
16225;Eberswalde;-13.5;9.4;31;4
16227;Eberswalde;-13.3;9.5;24;4
16230;Melchow, Chorin u.a.;-13.6;9.4;15;4
16244;Schorfheide;-13.3;9.2;66;4
16247;Joachimsthal u.a.;-14.0;9.1;60;4
16248;Oderberg u.a.;-14.1;9.0;100;4
16259;Bad Freienwalde u.a.;-13.5;9.2;105;4
16269;Wriezen;-13.6;9.4;34;4
16278;Angermünde;-14.4;9.2;46;4
16303;Schwedt;-14.1;9.4;11;4
16306;Biesendahlshof, Berkholz-Meyenburg;-14.2;9.1;33;4
16307;Gartz (Oder);-14.1;9.0;47;2
16321;Bernau;-12.6;9.6;72;4
16341;Panketal;-12.6;9.6;75;4
16348;Wandlitz;-12.7;9.5;62;4
16356;Werneuchen;-12.9;9.4;74;4
16359;Biesenthal;-12.9;9.5;52;4
16515;Oranienburg, Mühlenbecker Land;-12.7;9.6;51;4
16540;Hohen Neuendorf;-12.7;9.6;55;4
16547;Birkenwerder;-12.7;9.6;47;4
16548;Glienicke/Nordbahn;-12.3;9.8;42;4
16552;Mühlenbecker Land;-12.8;9.7;42;4
16556;Borgsdorf;-12.5;9.7;41;4
16559;Liebenwalde;-12.7;9.5;41;4
16562;Hohen Neuendorf OT Bergfelde;-12.8;9.5;60;4
16567;Mühlenbecker Land;-12.8;9.6;50;4
16727;Velten, Oberkrämer;-12.8;9.5;53;4
16761;Hennigsdorf;-12.4;9.8;31;4
16766;Kremmen;-13.0;9.5;31;4
16767;Leegebruch;-12.7;9.7;32;4
16775;Gransee, Löwenberg;-13.2;9.3;63;4
16792;Zehdenick;-12.8;9.4;45;4
16798;Fürstenberg;-13.3;9.1;54;4
16816;Neuruppin;-13.0;9.4;39;4
16818;Fehrbellin, Temnitzquell, Märkisch Linden u.a.;-13.1;9.4;42;4
16827;Neuruppin;-13.3;9.3;56;4
16831;Rheinsberg;-13.0;9.2;60;4
16833;Fehrbellin;-13.2;9.4;40;4
16835;Lindow u.a.;-13.2;9.3;56;4
16837;Rheinsberg;-13.0;9.1;92;4
16845;Neustadt (Dosse) u.a.;-13.0;9.3;38;4
16866;Kyritz u.a.;-12.9;9.2;53;4
16868;Wusterhausen;-13.0;9.3;34;4
16909;Wittstock/Dosse, Heiligengrabe;-13.0;9.2;71;4
16928;Pritzwalk, Groß Pankow;-12.7;9.1;98;4
16945;Meyenburg, Kümmernitztal u.a.;-12.5;9.1;84;4
16949;Triglitz, Putlitz;-12.7;9.2;56;4
17033;Neubrandenburg;-13.2;9.3;15;4
17034;Neubrandenburg;-12.7;9.7;12;4
17036;Neubrandenburg;-13.0;9.1;65;4
17039;Sponholz, Neunkirchen u.a.;-13.0;9.2;61;4
17087;Altentreptow;-13.1;9.2;42;4
17089;Burow;-13.1;9.2;35;4
17091;Rosenow;-13.1;9.2;49;4
17094;Cölpin;-13.2;9.0;90;4
17098;Friedland;-13.2;9.3;16;4
17099;Friedland, Galenbeck, Datzetal;-13.3;9.2;19;4
17109;Demmin;-12.5;9.2;13;4
17111;Demmin u.a.;-12.7;9.2;23;4
17121;Loitz;-11.8;9.0;5;4
17126;Jarmen;-12.1;9.1;4;4
17129;Bentzin;-12.5;9.1;19;4
17139;Malchin;-12.5;9.4;3;4
17153;Stavenhagen;-12.7;9.1;71;4
17154;Neukalen;-12.4;9.3;-2;4
17159;Dargun;-12.4;9.2;12;4
17166;Dahmen, Groß Wokern, Teterow;-12.3;9.1;46;4
17168;Jördenstorf, Prebberede u.a.;-12.3;9.0;37;4
17179;Gnoien u.a.;-12.1;9.1;17;4
17192;Waren/ Müritz;-12.3;9.2;72;4
17194;Grabowhöfe, Moltzow u.a.;-12.5;9.2;69;4
17207;Röbel/ Müritz;-12.6;9.2;71;4
17209;Wredenhagen;-12.7;9.1;74;4
17213;Malchow u.a.;-12.5;9.2;65;4
17214;Nossentiner Hütte;-12.5;9.1;80;4
17217;Penzlin;-13.1;9.1;48;4
17219;Möllenhagen;-12.6;9.0;99;4
17235;Neustrelitz;-13.1;9.1;59;4
17237;Möllenbeck;-13.0;8.9;106;4
17248;Rechlin;-12.7;9.1;78;4
17252;Mirow;-12.8;9.1;80;4
17255;Wesenberg;-13.0;9.2;53;4
17258;Feldberger Seenlandschaft;-13.2;8.8;129;4
17268;Templin, Boitzenburg u.a.;-13.9;8.9;79;4
17279;Lychen;-13.6;9.0;54;4
17291;Prenzlau u.a.;-14.2;9.2;22;4
17309;Pasewalk u.a.;-13.8;9.2;6;2
17321;Löcknitz, Rothenklempenow;-13.7;9.1;13;2
17322;Blankensee, Grambow u.a.;-13.8;9.2;13;2
17326;Brüssow;-14.1;9.1;34;2
17328;Penkun u.a.;-14.2;9.1;33;2
17329;Nadrensee u.a.;-13.9;9.0;43;2
17335;Strasburg;-13.8;9.0;64;4
17337;Uckerland, Groß Luckow, Schönhausen;-13.9;8.9;75;4
17348;Woldegk;-13.3;8.9;107;4
17349;Groß Miltzow;-13.3;9.0;81;4
17358;Torgelow;-13.2;9.1;3;2
17367;Eggesin;-13.2;9.0;18;2
17373;Ueckermünde;-13.4;9.0;-2;2
17375;Vogelsang-Warsin, Meiersberg, Mönkebude u.a.;-13.3;9.0;0;2
17379;Ferdinandshof u.a.;-13.2;9.1;3;2
17389;Anklam;-12.4;9.1;7;2
17390;Klein Bünzow;-12.3;8.9;25;2
17391;Krien u.a.;-12.8;9.2;9;2
17392;Spantekow;-13.2;9.2;20;4
17398;Ducherow;-12.9;9.1;3;2
17406;Usedom u.a.;-12.4;9.0;10;2
17419;Seebad Ahlbeck;-11.8;9.0;-3;2
17424;Ostseebad Heringsdorf;-11.5;9.0;0;2
17429;Benz, Heringsdorf u.a.;-11.8;8.8;29;2
17438;Wolgast;-11.6;8.8;26;2
17440;Kröslin, Krummin, Lassan u.a.;-11.5;9.0;1;2
17449;Karlshagen;-11.3;9.0;-1;2
17454;Zinnowitz;-11.5;9.0;-4;2
17459;Koserow;-11.4;9.0;2;2
17489;Greifswald;-11.5;9.0;-1;2
17491;Greifswald;-11.5;9.0;7;2
17493;Greifswald;-11.8;9.0;-1;2
17495;Karlsburg;-11.7;8.8;42;2
17498;Neuenkirchen;-11.5;9.0;4;2
17506;Gützkow;-12.1;8.9;21;2
17509;Lubmin;-11.4;8.9;6;2
18055;Rostock;-10.7;9.3;0;2
18057;Rostock;-10.2;9.8;15;2
18059;Rostock, Papendorf u.a.;-11.8;9.0;31;2
18069;Rostock, Lambrechtshagen;-10.4;9.2;18;2
18106;Rostock;-10.0;9.5;5;2
18107;Elmenhorst/Lichtenhagen, Rostock;-10.1;9.4;7;2
18109;Rostock;-10.0;9.6;5;2
18119;Rostock;-10.2;9.5;2;2
18146;Rostock;-10.3;9.3;4;2
18147;Rostock;-10.2;9.4;2;2
18181;Rostock, Graal-Müritz;-10.2;9.4;0;2
18182;Rostock, Gelbensande, Rövershagen u.a.;-10.8;9.1;19;2
18184;Roggentin, Broderstorf u.a.;-11.6;9.0;33;2
18190;Sanitz;-12.0;8.9;40;2
18195;Tessin, Grammow u.a.;-12.0;9.0;30;2
18196;Dummerstorf;-12.0;8.9;45;4
18198;Stäbelow, Kritzmow;-11.5;9.0;41;2
18209;Bad Doberan, Bartenshagen-Parkentin u.a.;-10.2;9.1;52;2
18211;Retschow, Admannshagen-Bargeshagen u.a.;-10.2;9.3;11;2
18225;Kühlungsborn;-9.5;9.3;18;2
18230;Rerik, Bastorf, Biendorf;-10.0;9.1;28;2
18233;Neubukow, Ravensberg, Westenbrügge u.a.;-10.9;9.2;25;2
18236;Kröpelin, Carinerland;-10.9;9.1;33;2
18239;Satow;-11.5;9.0;43;2
18246;Bützow u.a.;-11.8;9.0;33;4
18249;Bernitt, Qualitz, Warnow, Zernin u.a.;-11.8;9.2;17;4
18258;Schwaan u.a.;-12.0;9.1;14;4
18273;Güstrow;-12.1;9.2;6;4
18276;Reimershagen, Lohmen, Zehna, Hägerfelde u.a.;-12.0;9.1;28;4
18279;Lalendorf, Langhagen;-12.2;9.1;33;4
18292;Krakow, Dobbin-Linstow u.a.;-12.1;9.1;46;4
18299;Laage, Wardow u.a.;-12.0;9.1;9;4
18311;Ribnitz-Damgarten;-11.2;9.1;8;2
18314;Löbnitz;-12.0;8.9;4;2
18317;Saal;-11.6;8.9;7;2
18320;Ahrenshagen-Daskow, Trinwillershagen u.a.;-11.8;8.8;19;2
18334;Bad Sülze;-11.6;9.1;-2;2
18337;Marlow;-11.3;8.9;36;2
18347;Dierhagen;-9.9;9.3;-2;2
18356;Barth;-12.0;8.8;13;2
18374;Zingst a, Darß;-10.9;9.0;7;2
18375;Prerow a, Darß;-11.7;8.8;15;2
18435;Stralsund;-10.8;8.9;14;2
18437;Stralsund;-10.7;9.1;8;2
18439;Stralsund;-10.8;8.9;14;2
18442;Niepars;-11.5;8.8;18;2
18445;Prohn;-11.3;8.8;8;2
18461;Franzburg, Richtenberg, u.a.;-11.6;8.8;27;2
18465;Tribsees;-11.8;8.9;11;4
18469;Velgast;-11.8;8.8;15;2
18507;Grimmen;-11.6;9.0;6;2
18510;Wittenhagen;-11.5;8.8;20;2
18513;Glewitz;-11.8;9.0;2;4
18516;Rakow;-11.7;8.9;13;2
18519;Miltzow u.a.;-10.8;8.8;25;2
18528;Bergen/ Rügen;-9.6;8.8;28;2
18546;Sassnitz;-9.5;8.5;108;2
18551;Sagard;-8.6;8.7;44;2
18556;Dranske;-7.9;9.0;4;2
18565;Hiddensee;-8.9;9.0;0;2
18569;Gingst;-9.5;8.9;12;2
18573;Samtens;-10.5;8.9;1;2
18574;Garz/ Rügen;-10.3;8.9;16;2
18581;Putbus;-10.2;8.7;50;2
18586;Sellin;-9.4;8.8;28;2
18609;Binz;-9.3;8.9;3;2
19053;Schwerin;-10.8;9.6;65;4
19055;Schwerin;-11.3;9.3;42;4
19057;Schwerin;-11.3;9.3;48;4
19059;Schwerin;-11.2;9.4;43;4
19061;Schwerin;-11.3;9.2;57;4
19063;Schwerin;-11.4;9.3;35;4
19065;Pinnow;-11.5;9.2;63;4
19067;Leezen;-11.4;9.2;50;2
19069;Lübstorf;-11.3;9.2;51;4
19071;Brüsewitz;-11.3;9.2;60;4
19073;Wittenförden u.a.;-11.3;9.2;50;3
19075;Pampow;-11.3;9.3;39;4
19077;Rastow;-11.6;9.2;52;4
19079;Banzkow, Sukow;-11.6;9.3;36;4
19086;Plate;-11.5;9.2;55;4
19089;Crivitz;-11.8;9.0;88;4
19205;Gadebusch;-11.1;9.2;42;2
19209;Lützow;-11.3;9.1;69;3
19217;Rehna, Carlow u.a.;-11.2;9.0;48;2
19230;Hagenow u.a.;-11.4;9.3;34;3
19243;Wittenburg u.a.;-11.1;9.3;37;3
19246;Zarrentin;-11.1;9.3;32;3
19249;Lübtheen;-11.3;9.5;13;3
19258;Boizenburg/ Elbe;-11.0;9.4;37;3
19260;Vellahn;-11.0;9.3;37;3
19273;Amt Neuhaus, Stapel;-11.2;9.4;19;3
19288;Ludwigslust;-11.8;9.4;27;4
19294;Neu Kaliß;-11.8;9.4;32;4
19300;Grabow u.a.;-12.3;9.3;33;4
19303;Dömitz;-11.7;9.4;32;4
19306;Neustadt-Glewe;-12.2;9.3;31;4
19309;Lenzen;-11.9;9.4;16;4
19322;Wittenberge, Rühstädt;-12.3;9.4;25;4
19336;Legde/Quitzöbel, Bad Wilsnack;-12.5;9.4;28;4
19339;Plattenburg;-12.5;9.4;32;4
19348;Perleberg, Berge u.a.;-12.3;9.2;52;4
19357;Karstädt, Dambeck, Klüß;-12.1;9.4;23;4
19370;Parchim;-11.5;9.7;47;4
19372;Spornitz;-12.3;9.1;82;4
19374;Mestlin, Severin u.a.;-12.0;9.1;69;4
19376;Siggelkow;-12.5;9.2;60;4
19386;Lübz, Passow;-12.3;9.0;98;4
19395;Plau am See;-12.3;9.1;72;4
19399;Goldberg;-12.3;9.1;50;4
19406;Sternberg;-11.9;9.2;41;4
19412;Brüel;-11.7;9.2;48;4
19417;Warin;-11.5;9.2;24;4
20095;Hamburg;-8.2;10.6;6;3
20097;Hamburg;-9.3;9.8;7;3
20099;Hamburg;-9.1;9.9;16;3
20144;Hamburg;-9.2;9.8;7;3
20146;Hamburg;-9.2;9.8;22;3
20148;Hamburg;-9.0;9.9;15;3
20149;Hamburg;-9.2;9.8;22;3
20249;Hamburg;-9.2;9.9;8;3
20251;Hamburg;-9.2;9.8;20;3
20253;Hamburg;-9.2;9.8;12;3
20255;Hamburg;-9.2;9.8;20;3
20257;Hamburg;-9.2;9.8;20;3
20259;Hamburg;-9.2;9.8;12;3
20354;Hamburg;-9.1;9.9;13;3
20355;Hamburg;-8.7;10.2;23;3
20357;Hamburg;-9.0;9.9;14;3
20359;Hamburg;-9.0;10.0;19;3
20457;Hamburg;-9.3;9.8;3;3
20459;Hamburg;-8.9;10.0;23;3
20535;Hamburg;-9.2;9.8;16;3
20537;Hamburg;-9.4;9.7;3;3
20539;Hamburg;-9.7;9.5;4;3
21029;Hamburg;-9.8;9.7;21;3
21031;Hamburg;-10.3;9.3;44;3
21033;Hamburg;-10.2;9.4;-1;3
21035;Hamburg;-10.2;9.4;1;3
21037;Hamburg;-10.3;9.4;-2;3
21039;Hamburg;-10.5;9.5;2;3
21073;Hamburg;-9.4;9.7;21;3
21075;Hamburg;-9.7;9.3;34;3
21077;Hamburg;-9.8;9.2;55;3
21079;Hamburg;-9.3;9.8;12;3
21107;Hamburg;-9.8;9.5;-1;3
21109;Hamburg;-9.9;9.3;1;3
21129;Hamburg;-9.8;9.3;0;1
21147;Hamburg;-9.8;9.3;0;3
21149;Hamburg;-9.6;9.3;32;3
21217;Seevetal;-10.1;9.3;2;3
21218;Seevetal;-10.1;9.2;28;3
21220;Seevetal;-10.3;9.3;19;3
21224;Rosengarten;-10.2;9.0;88;3
21227;Bendestorf;-10.3;9.3;31;3
21228;Harmstorf;-10.3;9.2;41;3
21244;Buchholz in der Nordheide;-10.1;9.3;73;3
21255;Tostedt, Kakenstorf u.a.;-10.1;9.2;66;3
21256;Handeloh;-10.3;9.2;54;3
21258;Heidenau;-10.0;9.1;42;3
21259;Otter;-10.7;9.2;49;3
21261;Welle;-10.5;9.2;46;3
21266;Jesteburg;-10.3;9.3;46;3
21271;Hanstedt, Asendorf;-10.8;9.2;60;3
21272;Eggestorf;-11.0;9.1;99;3
21274;Undeloh;-10.7;9.0;103;3
21279;Hollenstedt, Drestedt u.a.;-9.9;9.1;40;3
21335;Lüneburg;-11.1;9.4;32;3
21337;Lüneburg;-10.7;9.6;38;3
21339;Lüneburg;-10.9;9.3;42;3
21354;Bleckede;-10.9;9.5;6;3
21357;Bardowick, Wittorf, Barum;-10.6;9.5;5;3
21358;Mechtersen;-10.8;9.5;12;3
21360;Vögelsen;-10.8;9.4;18;3
21365;Adendorf;-11.0;9.5;30;3
21368;Dahlenburg;-11.2;9.3;39;3
21369;Nahrendorf;-11.1;9.1;102;3
21371;Tosterglope;-11.1;9.1;83;3
21376;Salzhausen;-11.0;9.3;43;3
21379;Scharnebeck, Echem, Lüdersburg, Rullstorf;-10.8;9.5;6;3
21380;Artlenburg;-10.8;9.5;3;3
21382;Brietlingen;-10.7;9.5;7;3
21385;Oldendorf (Luhe), Amelinghausen, Rehlingen;-11.3;9.0;93;3
21386;Betzendorf;-11.3;9.0;99;3
21388;Soderstorf;-11.1;9.1;75;3
21391;Reppenstedt, Lüneburg;-11.1;9.3;48;3
21394;Kirchgellersen, Westergellersen, Südergellersen;-11.2;9.1;86;3
21395;Tespe;-10.6;9.5;0;3
21397;Barendorf, Vastorf;-11.1;9.3;55;3
21398;Neetze;-10.9;9.5;12;3
21400;Reinstorf;-11.1;9.2;60;3
21401;Thomasburg;-11.2;9.3;41;3
21403;Wendisch Evern;-11.0;9.2;67;3
21406;Melbeck, Barnstedt;-11.3;9.3;29;3
21407;Deutsch Evern;-11.2;9.4;23;3
21409;Embsen;-11.3;9.3;46;3
21423;Winsen;-10.5;9.5;2;3
21435;Stelle;-10.5;9.4;13;3
21436;Marschacht;-10.5;9.5;4;3
21438;Brackel;-10.6;9.2;56;3
21439;Marxen;-10.5;9.3;34;3
21441;Garstedt;-10.8;9.3;31;3
21442;Toppenstedt;-10.8;9.3;45;3
21444;Vierhöfen;-10.9;9.4;27;3
21445;Wulfsen;-10.7;9.4;23;3
21447;Handorf;-10.6;9.5;2;3
21449;Radbruch;-10.8;9.4;17;3
21465;Reinbek;-10.5;9.2;50;3
21481;Lauenburg/Elbe;-10.9;9.4;34;3
21483;Gülzow;-10.8;9.4;20;3
21493;Fuhlenhagen;-10.8;9.2;44;3
21502;Geesthacht;-10.7;9.2;72;3
21509;Glinde;-10.3;9.3;24;3
21514;Bröthen;-10.8;9.4;21;3
21516;Woltersdorf, Müssen u.a.;-10.7;9.4;21;3
21521;Aumühle;-10.9;9.2;55;3
21522;Hohnstorf (Elbe), Hittbergen;-10.8;9.6;4;3
21524;Brunstorf;-10.7;9.3;48;3
21526;Hohenhorn;-10.8;9.2;61;3
21527;Kollow;-10.8;9.3;41;3
21529;Kröppelshagen-Fahrendorf;-10.7;9.1;84;3
21614;Buxtehude;-9.5;9.3;7;1
21629;Neu Wulmstorf;-9.9;9.1;49;3
21635;Jork;-9.8;9.3;-3;1
21640;Horneburg;-9.8;9.3;5;1
21641;Apensen;-10.0;9.0;47;3
21643;Beckdorf;-10.0;9.1;29;3
21644;Sauensiek;-10.1;9.1;38;3
21646;Halvesbostel;-10.0;9.1;36;3
21647;Moisburg;-9.8;9.2;18;3
21649;Regesbostel;-10.0;9.1;36;3
21680;Stade;-9.7;9.3;18;1
21682;Stade;-9.8;9.4;2;1
21683;Stade;-9.7;9.3;-2;1
21684;Stade;-9.9;9.2;15;3
21698;Harsefeld;-9.8;9.2;20;3
21702;Ahlerstedt;-10.1;9.2;31;3
21706;Drochtersen;-9.8;9.3;-2;1
21709;Himmelpforten;-9.8;9.3;6;3
21710;Engelschoff;-9.7;9.4;-2;3
21712;Großenwörden;-9.6;9.4;-2;3
21714;Hammah;-9.8;9.3;10;3
21717;Fredenbeck;-9.8;9.2;17;3
21720;Gründeich;-9.9;9.3;-1;1
21723;Hollern-Twielenfleth;-9.8;9.3;-1;1
21726;Oldendorf;-10.0;9.2;28;3
21727;Estorf;-9.8;9.3;7;3
21729;Freiburg (Elbe);-9.1;9.4;1;1
21730;Balje;-8.8;9.5;-2;1
21732;Krummendeich;-9.1;9.4;-1;1
21734;Oederquart;-9.3;9.4;-2;1
21737;Wischhafen;-9.2;9.4;-3;1
21739;Dollern;-9.7;9.1;30;1
21745;Hemmoor;-9.6;9.4;13;1
21755;Hechthausen;-9.7;9.3;15;3
21756;Osten;-9.6;9.4;-4;3
21762;Otterndorf;-8.5;9.6;2;1
21763;Neuenkirchen;-9.1;9.5;1;1
21765;Nordleda;-9.0;9.6;-2;1
21769;Lamstedt;-9.7;9.2;26;3
21770;Mittelstenahe;-9.7;9.4;18;1
21772;Stinstedt;-9.5;9.5;6;1
21775;Ihlienworth;-9.3;9.5;-3;1
21776;Wanna;-9.3;9.5;-2;1
21781;Cadenberge;-9.2;9.5;-3;1
21782;Bülkau;-9.1;9.5;-1;1
21785;Neuhaus (Oste);-8.8;9.5;0;1
21787;Oberndorf;-9.5;9.4;-3;1
21789;Wingst;-9.9;9.2;57;1
22041;Hamburg;-8.8;10.2;15;3
22043;Hamburg;-9.5;9.7;19;3
22045;Hamburg;-9.3;9.8;20;3
22047;Hamburg;-9.3;9.8;18;3
22049;Hamburg;-9.2;9.8;14;3
22081;Hamburg;-9.2;9.8;10;3
22083;Hamburg;-9.3;9.8;10;3
22085;Hamburg;-9.4;9.7;5;3
22087;Hamburg;-9.1;9.9;10;3
22089;Hamburg;-9.2;9.9;16;3
22111;Hamburg;-9.2;9.8;15;3
22113;Hamburg, Oststeinbek;-9.6;9.6;10;3
22115;Hamburg;-10.0;9.4;30;3
22117;Hamburg;-9.9;9.5;9;3
22119;Hamburg;-9.3;9.8;18;3
22143;Hamburg;-9.7;9.5;29;3
22145;Hamburg;-10.3;9.1;56;3
22147;Hamburg;-9.6;9.6;28;3
22149;Hamburg;-9.6;9.6;24;3
22159;Hamburg;-9.5;9.6;30;3
22175;Hamburg;-9.3;9.7;40;3
22177;Hamburg;-9.3;9.8;21;3
22179;Hamburg;-9.5;9.7;16;3
22297;Hamburg;-9.3;9.8;15;3
22299;Hamburg;-9.2;9.9;6;3
22301;Hamburg;-9.2;9.9;8;3
22303;Hamburg;-9.7;9.5;6;3
22305;Hamburg;-9.1;9.9;12;3
22307;Hamburg;-9.3;9.8;18;3
22309;Hamburg;-9.3;9.7;27;3
22335;Hamburg;-9.5;9.6;8;3
22337;Hamburg;-9.7;9.4;29;3
22339;Hamburg;-9.3;9.7;17;3
22359;Hamburg;-9.9;9.3;44;3
22391;Hamburg;-9.5;9.6;34;3
22393;Hamburg;-9.5;9.6;35;3
22395;Hamburg;-10.0;9.3;28;3
22397;Hamburg;-10.2;9.2;19;3
22399;Hamburg;-9.5;9.6;33;3
22415;Hamburg;-9.3;9.7;29;3
22417;Hamburg;-9.7;9.4;27;3
22419;Hamburg;-9.6;9.4;38;3
22453;Hamburg;-9.5;9.6;13;3
22455;Hamburg;-9.3;9.7;17;3
22457;Hamburg;-9.4;9.6;17;3
22459;Hamburg;-9.7;9.4;11;3
22523;Hamburg;-9.2;9.8;21;3
22525;Hamburg;-9.4;9.6;19;3
22527;Hamburg;-9.3;9.6;23;3
22529;Hamburg;-9.3;9.7;17;3
22547;Hamburg;-9.3;9.6;23;3
22549;Hamburg;-9.4;9.5;30;1
22559;Hamburg;-9.3;9.4;29;1
22587;Hamburg;-9.7;9.1;75;1
22589;Hamburg;-9.8;9.2;18;1
22605;Hamburg;-9.3;9.5;26;3
22607;Hamburg;-9.2;9.7;30;3
22609;Hamburg;-9.2;9.6;25;1
22761;Hamburg;-9.2;9.7;26;3
22763;Hamburg;-9.3;9.5;42;3
22765;Hamburg;-9.3;9.5;31;3
22767;Hamburg;-9.3;9.7;30;3
22769;Hamburg;-9.2;9.8;14;3
22844;Norderstedt;-10.0;9.1;41;3
22846;Norderstedt;-10.0;9.1;31;3
22848;Norderstedt;-10.0;9.2;18;3
22850;Norderstedt;-9.4;9.6;29;3
22851;Norderstedt;-10.0;9.1;39;3
22869;Schenefeld;-10.0;9.1;17;1
22880;Wedel;-9.7;9.4;2;1
22885;Barsbüttel;-10.3;9.2;43;3
22889;Tangstedt;-10.2;9.0;34;3
22926;Ahrensburg;-10.1;9.4;49;3
22927;Großhansdorf;-10.5;9.1;49;3
22929;Hamfelde, Kasseburg, Köthel, Rausdorf, Schönberg;-10.7;9.0;78;3
22941;Bargteheide, Delingsdorf u.a.;-10.3;9.1;44;3
22946;Trittau;-10.7;9.1;58;3
22949;Ammersbek;-10.3;9.1;25;3
22952;Lütjensee;-10.8;9.1;53;3
22955;Hoisdorf;-10.6;9.1;51;3
22956;Grönwohld;-10.8;9.1;47;3
22958;Kuddewörde;-10.9;9.2;32;3
22959;Linau;-10.8;9.1;53;3
22961;Hoisdorf;-10.7;9.1;46;3
22962;Siek;-10.5;9.1;55;3
22964;Steinburg;-10.7;9.0;50;3
22965;Todendorf;-10.6;9.1;48;3
22967;Tremsbüttel;-10.6;9.1;36;3
22969;Witzhave;-10.8;9.3;25;3
23552;Lübeck;-9.6;10.3;5;2
23554;Lübeck St, Lorenz Nord;-9.8;9.8;14;2
23556;Lübeck;-10.7;9.2;21;2
23558;Lübeck;-9.8;9.9;11;2
23560;Lübeck;-11.0;9.1;8;3
23562;Lübeck;-11.0;9.1;13;2
23564;Lübeck;-10.3;9.4;7;2
23566;Lübeck;-10.2;9.4;14;2
23568;Lübeck Schlutup/St, Gertrud;-10.5;9.1;20;2
23569;Lübeck;-10.3;9.1;21;2
23570;Lübeck;-9.1;9.2;2;2
23611;Bad Schwartau;-10.3;9.1;17;2
23617;Stockelsdorf;-10.8;9.0;35;2
23619;Zarpen;-10.8;9.1;13;3
23623;Ahrensbök;-10.5;8.8;68;3
23626;Ratekau;-9.3;9.2;0;2
23627;Groß Grönau;-11.1;9.0;28;2
23628;Krummesse, Klempau;-11.0;9.1;13;3
23629;Sarkwitz;-10.1;9.0;19;2
23669;Timmendorfer Strand;-8.7;9.2;0;2
23683;Scharbeutz;-8.2;9.2;5;2
23684;Scharbeutz, Süsel;-9.7;9.1;18;2
23689;Pansdorf;-9.7;9.0;26;2
23701;Eutin, Süsel;-10.1;8.9;43;2
23714;Malente, Kirchnüchel;-9.6;8.8;44;3
23715;Bosau;-10.0;8.8;50;3
23717;Kasseedorf;-9.5;8.9;49;3
23719;Glasau;-10.1;8.9;44;3
23730;Neustadt;-8.3;9.2;-2;2
23738;Lensahn;-8.6;9.1;14;2
23743;Grömitz;-8.4;9.1;19;2
23744;Schönwalde am Bungsberg;-9.7;8.6;105;2
23746;Kellenhusen;-8.5;9.2;2;2
23747;Dahme;-8.5;9.2;8;2
23749;Grube;-8.4;9.2;-1;2
23758;Oldenburg in Holstein;-7.8;9.2;4;2
23769;Fehmarn;-7.0;9.2;10;2
23774;Heiligenhafen;-7.3;9.3;9;2
23775;Großenbrode;-7.3;9.3;-1;2
23777;Heringsdorf;-8.1;9.1;22;2
23779;Neukirchen;-7.8;9.2;9;2
23795;Bad Segeberg;-10.4;9.0;45;3
23812;Wahlstedt;-10.1;8.9;60;3
23813;Nehms;-10.2;8.8;54;3
23815;Geschendorf;-10.8;8.9;57;3
23816;Leezen;-10.5;9.0;29;3
23818;Neuengörs;-10.7;8.9;41;3
23820;Pronstorf;-10.5;8.9;40;3
23821;Rohlstorf;-10.4;8.9;34;3
23823;Seedorf;-9.8;8.9;33;3
23824;Tensfeld;-9.9;8.9;40;3
23826;Bark;-10.4;9.0;31;3
23827;Wensin;-10.3;8.8;53;3
23829;Wittenborn;-10.4;9.0;38;3
23843;Bad Oldesloe;-10.4;9.2;16;3
23845;Seth;-10.5;9.0;34;3
23847;Lasbek;-10.9;9.0;53;3
23858;Reinfeld (Holstein);-10.8;9.1;19;3
23860;Klein Wesenberg;-10.9;9.1;11;3
23863;Bargfeld-Stegen;-10.3;9.1;27;3
23866;Nahe;-10.4;9.1;29;3
23867;Sülfeld;-10.5;9.0;32;3
23869;Elmenhorst;-10.5;9.1;35;3
23879;Mölln;-10.8;9.3;39;3
23881;Breitenfelde, Lankau;-11.1;9.2;36;3
23883;Sterley;-11.0;9.2;39;3
23896;Nusse;-11.1;9.1;44;3
23898;Sandesneben u.a.;-11.0;9.1;39;3
23899;Gudow;-10.9;9.3;40;3
23909;Ratzeburg;-10.9;9.2;1;3
23911;Ziethen;-11.2;9.0;48;3
23919;Berkenthin;-11.0;9.1;15;3
23923;Schönberg;-10.7;9.1;14;2
23936;Grevesmühlen, Stepenitztal, Upahl u.a.;-10.5;9.1;38;2
23942;Dassow;-9.4;9.1;27;2
23946;Boltenhagen;-9.7;9.2;-1;2
23948;Klütz;-9.6;9.1;17;2
23966;Wismar, Groß Krankow u.a.;-10.6;9.0;61;2
23968;Barnekow, Gägelow u.a.;-9.8;9.1;37;2
23970;Wismar;-10.7;9.0;46;2
23972;Dorf Mecklenburg, Lübow u.a.;-10.9;9.2;28;2
23974;Neuburg-Steinhausen, Hornstorf;-10.0;9.2;16;2
23992;Neukloster;-11.3;9.1;37;2
23996;Bad Kleinen u.a.;-11.2;9.0;65;4
23999;Insel Poel;-9.6;9.3;0;0
24103;Kiel;-7.9;9.6;31;2
24105;Kiel;-8.1;9.4;25;2
24106;Kiel;-7.9;9.5;19;2
24107;Kiel;-8.6;9.0;25;2
24109;Melsdorf;-8.5;9.1;33;2
24111;Kiel Russee;-8.6;9.1;16;2
24113;Kiel;-8.6;9.1;22;2
24114;Kiel;-7.9;9.7;16;2
24116;Kiel;-8.1;9.5;27;2
24118;Kiel;-7.9;9.6;33;2
24119;Kronshagen;-8.1;9.4;20;2
24143;Kiel;-8.0;9.6;24;2
24145;Kiel;-8.6;8.9;47;2
24146;Kiel;-8.7;9.0;28;2
24147;Kiel;-8.4;9.2;52;2
24148;Kiel;-8.3;9.2;22;2
24149;Kiel;-8.3;9.0;41;2
24159;Kiel;-7.7;9.3;12;2
24161;Altenholz;-8.3;9.1;16;2
24211;Preetz;-9.1;8.9;39;2
24214;Gettorf u.a.;-8.1;9.1;18;2
24217;Schönberg (Holstein);-8.2;9.1;12;2
24220;Flintbek;-8.9;8.8;48;2
24222;Schwentinental;-8.4;9.1;23;2
24223;Schwentinetal;-8.8;8.9;31;2
24226;Heikendorf;-8.3;9.1;7;2
24229;Dänischenhagen;-8.3;9.1;17;2
24232;Schönkirchen;-8.5;9.0;21;2
24235;Laboe;-8.3;9.1;11;2
24238;Selent;-9.1;8.8;46;2
24239;Achterwehr;-8.8;9.0;12;2
24241;Blumenthal;-9.1;8.8;50;3
24242;Felde;-8.8;9.0;15;3
24244;Felm;-8.2;9.1;19;2
24245;Kirchbarkau;-9.1;8.9;31;3
24247;Mielkendorf;-8.8;9.0;20;2
24248;Mönkeberg;-8.3;9.0;41;2
24250;Nettelsee;-9.2;8.8;50;3
24251;Osdorf;-8.0;9.1;13;2
24253;Probsteierhagen;-8.5;9.0;30;2
24254;Rumohr;-9.0;8.9;30;2
24256;Fargau-Pratjau;-8.6;8.8;54;2
24257;Hohenfelde;-8.2;8.9;49;2
24259;Westensee;-9.0;9.0;15;3
24306;Plön;-9.3;8.9;26;3
24321;Lütjenburg;-8.5;8.7;91;2
24326;Ascheberg;-9.5;9.0;18;3
24327;Blekendorf;-8.6;8.9;41;2
24329;Grebin;-9.3;8.8;44;3
24340;Eckernförde;-8.1;9.1;12;2
24351;Damp;-7.8;9.1;23;2
24354;Kosel, Rieseby u.a.;-8.6;9.0;16;2
24357;Fleckeby u.a.;-8.9;8.9;26;2
24358;Ascheffel;-8.8;8.8;54;2
24360;Barkelsby;-8.1;9.0;23;2
24361;Groß Wittensee;-8.8;8.9;26;2
24363;Holtsee;-8.5;9.0;22;2
24364;Holzdorf;-7.9;9.1;21;2
24366;Loose;-8.1;9.1;22;2
24367;Osterby;-8.9;9.0;18;2
24369;Waabs;-7.9;9.0;34;2
24376;Kappeln;-7.1;9.1;31;2
24392;Süderbrarup;-8.6;8.9;33;3
24395;Gelting;-7.1;9.2;4;2
24398;Dörphof;-7.3;9.2;5;2
24399;Arnis, Marienhof;-7.5;9.2;0;2
24401;Böel;-8.6;8.9;24;3
24402;Esgrus, Schrepperie;-7.8;9.0;40;2
24404;Maasholm, Schleimünde;-6.8;9.3;-2;0
24405;Mohrkirch, Rügge;-8.6;8.9;39;3
24407;Rabenkirchen-Faulück;-8.5;9.0;31;2
24409;Stoltebüll;-7.6;9.0;27;2
24534;Neumünster;-8.8;9.4;25;3
24536;Neumünster;-9.1;9.0;27;3
24537;Neumünster;-8.9;9.1;24;3
24539;Neumünster;-9.2;9.2;19;3
24558;Henstedt-Ulzburg;-10.1;9.0;30;3
24568;Kaltenkirchen;-10.0;9.1;20;3
24576;Bad Bramstedt;-9.6;9.2;12;3
24582;Bordesholm;-9.0;9.0;29;3
24589;Nortorf;-9.2;8.9;29;3
24594;Hohenwestedt;-9.3;8.9;54;3
24598;Boostedt;-9.8;8.9;54;3
24601;Wankendorf;-9.2;8.8;43;3
24610;Trappenkamp;-9.8;8.9;39;3
24613;Aukrug, Wiedenborstel;-9.3;9.0;17;3
24616;Brokstedt;-9.6;9.1;14;3
24619;Börnhöved;-9.6;8.9;40;3
24620;Bönebüttel;-9.3;9.0;26;3
24622;Gnutz;-9.0;9.0;20;3
24623;Großenaspe;-9.7;9.0;31;3
24625;Großharrie;-9.1;8.9;27;3
24626;Groß Kummerfeld;-9.7;9.0;26;3
24628;Hartenholm;-10.0;9.0;26;3
24629;Kisdorf;-10.0;8.9;72;3
24631;Langwedel;-9.1;8.9;25;3
24632;Lentföhrden;-9.9;9.0;27;3
24634;Padenstedt;-9.6;9.1;14;3
24635;Rickling;-10.2;8.9;35;3
24637;Schillsdorf;-9.1;8.8;48;3
24638;Schmalensee;-9.8;8.8;51;3
24640;Schmalfeld;-9.9;9.0;22;3
24641;Sievershütten;-10.3;9.1;24;3
24643;Struvenhütten;-10.1;9.1;21;3
24644;Timmaspe;-9.0;9.0;24;3
24646;Warder;-9.2;8.9;24;3
24647;Wasbek;-9.3;9.0;17;3
24649;Wiemersdorf;-9.6;9.0;32;3
24768;Rendsburg;-8.6;9.3;7;3
24782;Büdelsdorf, Rickert;-9.0;9.0;12;3
24783;Osterrönfeld;-8.9;9.0;9;3
24784;Westerrönfeld;-8.9;9.0;5;3
24787;Fockbek;-8.9;9.0;10;3
24790;Schacht-Audorf;-9.0;9.0;16;3
24791;Alt Duvenstedt;-9.0;9.0;7;3
24793;Bargstedt, Brammer, Oldenbüttel;-9.2;8.9;27;3
24794;Borgstedt;-9.0;9.0;14;3
24796;Bredenbek;-8.6;9.0;12;3
24797;Breiholz, Tackesdorf;-8.9;9.1;1;3
24799;Meggerdorf, Friedrichsholm, Friedrichsgraben u.a.;-9.0;9.1;-2;3
24800;Elsdorf-Westermühlen;-9.0;9.0;11;3
24802;Emkendorf;-9.1;9.0;11;3
24803;Erfde;-8.9;9.0;12;3
24805;Hamdorf;-8.8;9.0;4;3
24806;Hohn;-9.0;9.0;0;3
24808;Jevenstedt;-8.8;9.0;5;3
24809;Nübbel;-8.9;9.0;0;3
24811;Owschlag u.a.;-9.0;9.0;12;3
24813;Schülp bei Rendsburg;-8.8;9.1;-2;3
24814;Sehestedt;-8.7;9.0;10;3
24816;Hamweddel;-8.9;8.9;24;3
24817;Tetenhusen;-9.0;9.0;1;3
24819;Todenbüttel;-9.1;8.9;44;3
24837;Schleswig;-8.7;9.1;25;3
24848;Kropp u.a.;-9.1;9.0;11;3
24850;Schuby;-8.8;9.0;20;3
24852;Eggebek, Langstedt, Sollerup, Süderhackstedt;-9.0;9.0;12;3
24855;Bollingstedt, Jübek;-8.9;9.0;13;3
24857;Fahrdorf;-8.8;8.9;27;3
24860;Böklund u.a.;-8.7;8.8;42;3
24861;Bergenhusen;-8.9;9.0;18;3
24863;Börm;-9.1;9.1;-2;3
24864;Brodersby, Goltoft;-8.8;9.0;14;3
24866;Busdorf;-9.0;9.0;23;3
24867;Dannewerk;-9.2;9.0;21;3
24869;Dörpstedt;-9.0;9.1;-1;3
24870;Ellingstedt;-9.1;9.0;7;3
24872;Groß Rheide;-9.2;9.0;7;3
24873;Havetoft;-8.6;8.9;25;3
24876;Hollingstedt;-9.1;9.1;0;3
24878;Jagel, Lottorf;-9.2;9.0;15;3
24879;Idstedt;-8.7;8.8;57;3
24881;Nübel;-8.8;8.9;33;3
24882;Schaalby, Geelbek;-9.0;9.1;1;3
24884;Selk, Geltdorf, Hahnekrug;-9.1;9.0;19;3
24885;Sieverstedt;-8.7;8.9;33;3
24887;Silberstedt, Schwittschau;-9.0;9.0;5;3
24888;Steinfeld;-8.7;8.9;21;3
24890;Stolk;-8.8;8.8;43;3
24891;Struxdorf, Schnarup-Thumby;-8.7;8.9;30;3
24893;Taarstedt;-8.8;9.0;17;3
24894;Tolk, Twedt;-8.8;8.9;22;3
24896;Treia, Ahrenviölfeld;-9.0;9.0;4;3
24897;Ulsnis;-8.8;9.1;2;3
24899;Wohlde;-8.9;9.0;17;3
24937;Flensburg;-7.5;9.4;41;2
24939;Flensburg;-7.8;9.0;46;2
24941;Flensburg;-7.9;9.0;36;2
24943;Flensburg, Tastrup;-7.9;9.0;40;2
24944;Flensburg;-8.0;9.0;46;2
24955;Harrislee;-8.1;8.8;49;3
24960;Glücksburg, Munkbrarup;-8.1;9.1;17;2
24963;Tarp;-8.7;8.9;23;3
24966;Sörup;-8.1;8.8;53;2
24969;Großenwiehe, Lindewitt;-9.1;8.8;28;3
24972;Steinberg, Steinbergkirche;-7.6;9.0;35;2
24975;Husby;-8.0;8.9;40;3
24976;Handewitt;-8.1;8.9;37;3
24977;Langballig;-8.1;9.0;29;2
24980;Schafflund, Meyn u.a;-8.9;8.8;14;3
24983;Handewitt;-8.4;8.9;31;3
24986;Mittelangeln;-8.7;8.8;42;3
24988;Oeversee;-8.6;8.9;35;3
24989;Dollerup;-7.9;9.0;29;2
24991;Großsolt;-8.6;8.9;30;2
24992;Jörl;-8.9;8.9;26;3
24994;Medelby;-8.9;8.8;28;3
24996;Sterup;-8.0;8.9;41;2
24997;Wanderup;-8.8;8.9;22;3
24999;Wees;-8.1;8.9;42;2
25335;Elmshorn;-9.9;9.3;-3;1
25336;Elmshorn;-9.9;9.2;11;1
25337;Elmshorn;-9.9;9.2;13;3
25348;Glückstadt;-9.1;9.4;-1;1
25355;Barmstedt;-9.9;9.1;13;3
25358;Horst;-9.9;9.2;3;1
25361;Krempe, Grevenkop, Süderau, Muchelndorf;-9.7;9.3;-2;1
25364;Brande-Hörnerkirchen;-10.0;9.1;9;3
25365;Klein Offenseth-Sparrieshoop;-9.8;9.2;9;3
25368;Kiebitzreihe;-9.9;9.3;-2;1
25370;Seester;-9.9;9.3;-2;1
25371;Seestermühe;-9.5;9.3;0;1
25373;Ellerhoop;-9.9;9.2;5;3
25376;Borsfleth;-9.2;9.3;-3;1
25377;Kollmar, Pagensand;-9.3;9.3;-3;1
25379;Herzhorn, Kamerlanderdeich;-9.7;9.3;-4;1
25421;Pinneberg;-9.5;9.3;8;3
25436;Uetersen;-9.3;9.6;6;1
25451;Quickborn;-10.3;9.1;19;3
25462;Rellingen;-10.1;9.2;12;3
25469;Halstenbek;-9.9;9.2;17;3
25474;Ellerbek;-10.2;9.1;13;3
25479;Ellerau;-10.3;9.0;27;3
25482;Appen;-9.8;9.2;4;1
25485;Hemdingen;-10.3;9.0;21;3
25486;Alveslohe;-10.3;9.0;32;3
25488;Holm;-9.8;9.2;15;1
25489;Haseldorf;-9.8;9.3;-1;1
25491;Hetlingen;-9.9;9.3;0;1
25492;Heist;-9.8;9.2;9;1
25494;Borstel-Hohenraden;-10.1;9.1;8;3
25495;Kummerfeld;-9.9;9.1;12;3
25497;Prisdorf;-9.8;9.2;3;3
25499;Tangstedt;-10.1;9.2;5;3
25524;Itzehoe;-9.7;9.1;38;1
25541;Brunsbüttel;-8.3;9.5;-1;1
25548;Kellinghusen;-9.6;9.1;20;3
25551;Hohenlockstedt;-9.6;9.1;23;3
25554;Wilster;-9.3;9.3;-3;1
25557;Hanerau-Hademarschen, Seefeld u.a.;-9.1;9.0;31;1
25560;Schenefeld;-9.6;9.1;24;1
25563;Wrist;-9.8;9.2;5;3
25566;Lägerdorf;-9.6;9.2;2;1
25569;Kremperheide;-9.3;9.3;-4;1
25572;Sankt Margarethen;-9.1;9.4;-5;1
25573;Beidenfleth, Klein Kampen;-9.2;9.3;-2;1
25575;Beringstedt;-9.3;9.0;24;1
25576;Brokdorf;-9.1;9.4;-3;1
25578;Dägeling, Neuenbrook;-9.5;9.3;-6;1
25579;Fitzbek;-9.7;9.1;8;3
25581;Hennstedt;-9.6;8.9;63;3
25582;Hohenaspe;-9.6;9.1;12;1
25584;Holstenniendorf;-9.4;9.1;14;1
25585;Lütjenwestedt, Tackesdorf;-9.1;9.0;16;3
25587;Münsterdorf;-9.4;9.2;6;1
25588;Oldendorf;-9.4;9.2;3;1
25590;Osterstedt;-9.4;9.1;10;3
25591;Ottenbüttel;-9.5;9.1;19;1
25593;Reher;-9.6;9.0;24;1
25594;Vaale;-9.4;9.2;0;1
25596;Wacken;-9.3;9.2;4;1
25597;Westermoor;-9.4;9.2;-4;3
25599;Wewelsfleth;-9.1;9.4;-3;1
25693;Sankt Michaelisdonn.Gudendorf.Volsemenhusen.Trennewurth;-9.1;9.3;-3;1
25704;Meldorf;-9.1;9.3;0;1
25709;Kronprinzenkoog, Marne u.a.;-9.0;9.4;-1;1
25712;Burg (Dithmarschen);-9.2;9.1;29;1
25715;Eddelak, Averlak, Dingen, Ramhusen;-8.8;9.4;-2;1
25718;Friedrichskoog;-9.0;9.4;0;1
25719;Barlt, Busenwurth;-9.1;9.3;-1;1
25721;Eggstedt;-9.3;9.2;10;1
25724;Neufeld, Schmedeswurth;-8.2;9.5;-2;1
25725;Schafstedt, Weidenhof, Bornholt;-9.3;9.1;13;1
25727;Süderhastedt;-9.1;9.2;5;1
25729;Windbergen;-9.3;9.2;5;1
25746;Heide u.a.;-8.8;9.1;12;1
25761;Büsum;-8.6;9.4;0;1
25764;Wesselburen;-8.8;9.3;0;1
25767;Albersdorf;-9.0;8.8;57;1
25770;Hemmingstedt;-9.2;9.2;2;1
25774;Lunden;-8.4;9.2;-1;1
25776;Sankt Annen, Rehm-Flehde-Bargen;-8.8;9.1;-4;1
25779;Hennstedt;-8.6;9.0;8;1
25782;Tellingstedt;-8.8;9.0;12;1
25785;Nordhastedt;-8.9;9.1;3;1
25786;Dellstedt;-8.8;9.1;-1;3
25788;Delve;-8.8;9.1;0;1
25791;Linden, Barkenholm;-8.7;9.1;-1;1
25792;Neuenkirchen;-8.5;9.2;0;1
25794;Pahlen;-8.8;9.1;-2;1
25795;Weddingstedt;-8.8;9.1;-1;1
25797;Wöhrden;-9.1;9.2;1;1
25799;Wrohm;-8.8;9.0;13;3
25813;Husum, Schwesing u.a.;-8.8;9.1;-4;1
25821;Bredstedt, Breklum u.a.;-9.0;9.0;0;1
25826;Sankt Peter-Ording;-8.0;9.4;4;1
25832;Tönning;-8.4;9.3;0;1
25836;Garding, Osterhever, Poppenbüll u.a.;-8.2;9.3;-1;1
25840;Friedrichstadt, Koldenbüttel u.a.;-8.8;9.1;0;1
25842;Langenhorn, Ockholm u.a.;-9.0;8.9;-3;1
25845;Nordstrand, Elisabeth-Sophien-Koog, Südfall;-8.2;9.2;-1;1
25849;Süderoog, Pellworm;-7.0;9.4;-2;1
25850;Behrendorf, Bondelum;-8.9;8.9;14;3
25852;Bordelum;-8.8;8.9;9;1
25853;Ahrenshöft;-9.1;8.9;8;1
25855;Haselund;-9.0;8.9;14;3
25856;Hattstedt u.a.;-8.8;9.1;-3;1
25858;Högel;-9.1;8.9;6;1
25859;Hallig Hooge;-6.6;9.4;-1;1
25860;Horstedt;-8.9;9.0;6;1
25862;Joldelund;-9.0;8.8;16;1
25863;Langeneß;-7.3;9.3;0;1
25864;Löwenstedt;-9.1;8.8;20;3
25866;Mildstedt;-9.0;9.0;7;1
25867;Oland;-7.3;9.3;0;1
25868;Norderstapel;-8.8;9.1;1;3
25869;Habel, Gröde;-7.9;9.1;0;1
25870;Oldenswort;-8.5;9.2;2;1
25872;Ostenfeld;-8.8;8.8;40;3
25873;Rantrum;-9.0;8.9;15;3
25876;Schwabstedt;-8.9;8.9;32;3
25878;Drage, Seeth;-8.8;9.0;3;1
25879;Süderstapel;-8.9;9.1;0;3
25881;Tating, Westerhever, Tümlauer Koog;-8.2;9.3;-1;1
25882;Tetenbüll;-8.5;9.3;-2;1
25884;Viöl;-9.0;8.9;7;3
25885;Wester-Ohrstedt;-8.9;8.9;30;3
25887;Winnert;-9.0;9.0;4;3
25889;Uelvesbüll, Witzwort;-8.6;9.2;-4;1
25899;Niebüll;-8.6;9.0;-1;1
25917;Leck;-9.2;8.8;5;1
25920;Risum-Lindholm, Stedesand;-9.1;8.9;0;1
25923;Süderlügum, Braderup u.a.;-9.1;8.8;10;1
25924;Rodenäs;-7.6;9.1;0;1
25926;Ladelund;-9.0;8.8;20;3
25927;Neukirchen, Aventoft;-8.5;9.0;-2;1
25938;Föhr;-7.6;9.2;0;1
25946;Amrum;-6.6;9.4;16;1
25980;Sylt;-6.9;9.4;0;1
25992;List;-6.8;9.5;2;1
25996;Wenningstedt-Braderup (Sylt);-7.0;9.4;17;1
25997;Hörnum (Sylt);-7.1;9.3;4;1
25999;Kampen (Sylt);-6.8;9.5;1;1
26121;Oldenburg (Oldenburg);-8.8;10.0;9;3
26122;Oldenburg;-8.8;10.0;8;3
26123;Oldenburg (Oldenburg);-8.8;9.9;8;3
26125;Oldenburg (Oldenburg);-9.5;9.5;15;3
26127;Oldenburg (Oldenburg);-8.8;9.8;11;3
26129;Oldenburg (Oldenburg);-9.0;9.7;6;3
26131;Oldenburg (Oldenburg);-9.1;9.7;2;3
26133;Oldenburg (Oldenburg);-8.8;10.0;4;3
26135;Oldenburg (Oldenburg);-9.3;9.6;4;3
26160;Bad Zwischenahn;-9.5;9.6;8;3
26169;Friesoythe;-9.5;9.6;5;3
26180;Rastede;-9.4;9.6;3;1
26188;Edewecht;-9.5;9.6;3;3
26197;Großenkneten;-9.6;9.4;59;3
26203;Wardenburg;-9.6;9.5;10;3
26209;Hatten;-9.6;9.5;10;3
26215;Wiefelstede;-9.6;9.5;10;1
26219;Bösel;-9.6;9.6;5;3
26316;Varel;-8.9;9.5;15;1
26340;Zetel;-8.7;9.5;5;1
26345;Bockhorn;-9.0;9.6;3;1
26349;Jade;-9.0;9.7;-2;1
26382;Wilhelmshaven;-7.8;9.9;0;1
26384;Wilhelmshaven;-7.9;9.8;1;1
26386;Wilhelmshaven;-8.2;9.6;2;1
26388;Wilhelmshaven;-8.2;9.6;-2;1
26389;Wilhelmshaven;-8.0;9.7;1;1
26409;Wittmund;-8.6;9.7;1;1
26419;Schortens;-8.6;9.6;0;1
26427;Esens, Neuharlingersiel u.a.;-8.2;9.7;0;1
26434;Wangerland;-8.1;9.6;-2;1
26441;Jever;-8.5;9.6;1;1
26446;Friedeburg;-8.7;9.5;3;1
26452;Sande;-8.5;9.6;-2;1
26465;Langeoog;-6.9;9.9;-1;1
26474;Spiekeroog;-6.9;9.9;0;1
26486;Wangerooge;-7.9;9.7;3;1
26487;Blomberg, Neuschoo;-8.5;9.7;3;1
26489;Ochtersum;-8.4;9.7;5;1
26506;Norden;-7.5;9.8;-1;1
26524;Hage, Halbemond u.a.;-7.5;9.8;2;1
26529;Upgant-Schott, Osteel u.a.;-8.6;9.7;-3;3
26532;Großheide;-8.4;9.7;2;1
26548;Norderney;-7.1;9.9;1;1
26553;Dornum;-7.5;9.9;-2;1
26556;Westerholt, Schweindorf u.a.;-8.3;9.7;0;1
26571;Juist, Memmert;-7.3;9.9;6;1
26579;Baltrum;-7.3;9.9;0;1
26603;Aurich;-8.4;9.8;7;3
26605;Aurich;-8.7;9.6;5;3
26607;Aurich;-8.7;9.6;6;3
26624;Südbrookmerland;-9.0;9.7;-1;3
26629;Großefehn;-8.9;9.6;5;3
26632;Ihlow;-9.1;9.6;-1;3
26639;Wiesmoor;-8.9;9.5;16;3
26655;Westerstede;-9.5;9.6;8;3
26670;Uplengen;-9.3;9.6;7;3
26676;Barßel;-9.4;9.6;1;3
26683;Saterland;-9.5;9.6;4;3
26689;Apen;-9.3;9.6;0;3
26721;Emden;-8.9;9.7;0;1
26723;Emden;-9.1;9.7;-2;1
26725;Emden;-9.3;9.6;-2;1
26736;Krummhörn;-8.8;9.7;-1;1
26759;Hinte;-9.3;9.6;-1;1
26789;Leer;-8.7;9.9;2;3
26802;Moormerland;-9.1;9.7;-2;3
26810;Westoverledingen;-9.3;9.6;0;3
26817;Rhauderfehn;-9.3;9.6;3;3
26826;Weener;-9.1;9.8;-1;3
26831;Bunde;-9.3;9.7;-3;1
26835;Hesel, Neukamperfehn u.a.;-9.3;9.5;12;3
26842;Ostrhauderfehn;-9.4;9.6;1;3
26844;Jemgum;-9.3;9.7;-4;1
26845;Nortmoor;-9.3;9.6;0;3
26847;Detern;-9.3;9.6;0;3
26849;Filsum;-9.3;9.6;3;3
26871;Papenburg;-9.3;9.7;0;3
26892;Dörpen, Lehe, u.a.;-9.3;9.8;3;3
26897;Esterwegen u.a.;-9.6;9.6;31;3
26899;Rhede (Ems);-9.3;9.7;1;3
26901;Lorup, Rastdorf;-9.4;9.7;23;3
26903;Surwold;-9.5;9.7;7;3
26904;Börger;-9.6;9.6;40;3
26906;Dersum;-9.3;9.8;5;3
26907;Walchum;-9.3;9.8;6;3
26909;Neubörger, Neulehe;-9.4;9.7;6;3
26919;Brake;-9.1;9.7;1;3
26931;Elsfleth;-9.4;9.6;0;3
26935;Stadland;-9.1;9.7;2;1
26936;Stadland;-9.0;9.7;-1;1
26937;Stadland;-8.6;9.7;-2;1
26939;Ovelgönne;-9.3;9.7;-2;3
26954;Nordenham;-8.8;9.8;1;1
26969;Butjadingen;-8.8;9.7;-1;1
27211;Bassum;-9.7;9.6;45;3
27232;Sulingen;-9.9;9.8;44;3
27239;Twistringen;-9.7;9.6;48;3
27243;Harpstedt, Groß Ippener, Colnrade u.a.;-9.6;9.5;44;3
27245;Bahrenborstel, Barenburg, Kirchdorf;-10.3;10.0;46;3
27246;Borstel;-10.3;10.0;34;3
27248;Ehrenburg;-9.8;9.7;44;3
27249;Maasen, Mellinghausen;-10.2;9.9;48;3
27251;Neuenkirchen, Scholen;-10.0;9.7;52;3
27252;Schwaförden;-10.1;9.7;55;3
27254;Siedenburg, Staffhorst;-10.3;9.9;45;3
27257;Affinghausen und Sudwalde;-9.8;9.6;51;3
27259;Freistatt, Varrel, Wehrbleck;-9.8;9.9;39;3
27283;Verden;-10.1;9.6;21;3
27299;Langwedel;-9.8;9.5;13;3
27305;Bruchhausen-Vilsen, Süstedt;-10.0;9.6;57;3
27308;Kirchlinteln;-10.3;9.5;39;3
27313;Dörverden;-10.5;9.6;23;3
27318;Hoya, Hoyerhagen, Hilgermissen;-10.2;9.7;13;3
27321;Thedinghausen, Emtinghausen;-9.6;9.6;6;3
27324;Eystrup, Hassel u.a.;-10.5;9.8;17;3
27327;Martfeld, Schwarme;-9.6;9.7;12;3
27330;Asendorf;-10.3;9.8;51;3
27333;Schweringen, Warpe, Bücken;-10.6;9.8;25;3
27336;Rethem (Aller), Häuslingen, Frankenfeld;-10.6;9.8;18;3
27337;Blender;-9.8;9.7;8;3
27339;Riede;-9.5;9.6;7;3
27356;Rotenburg;-10.1;9.4;30;3
27367;Sottrum, Reeßum, Bötersen u.a.;-9.9;9.4;20;3
27374;Visselhövede;-10.5;9.3;55;3
27383;Scheeßel;-10.3;9.4;28;3
27386;Bothel, Kirchwalsede u.a.;-10.1;9.4;23;3
27389;Fintel, Lauenbrück u.a.;-10.4;9.3;42;3
27404;Zeven, Elsdorf;-10.0;9.2;43;3
27412;Tarmstedt, Breddorf u.a.;-10.0;9.2;52;3
27419;Sittensen u.a.;-10.1;9.2;31;3
27432;Bremervörde;-9.7;9.3;3;3
27442;Gnarrenburg;-9.8;9.3;6;3
27446;Selsingen;-10.1;9.2;38;3
27449;Kutenholz;-10.0;9.2;20;3
27472;Cuxhaven;-7.7;9.8;-2;1
27474;Cuxhaven;-7.9;9.7;-1;1
27476;Cuxhaven;-8.4;9.6;7;1
27478;Cuxhaven;-8.8;9.6;0;1
27499;Neuwerk;-8.3;9.6;0;1
27568;Bremerhaven;-8.1;10.0;1;1
27570;Bremerhaven;-7.8;10.3;2;1
27572;Bremerhaven;-8.6;9.8;0;1
27574;Bremerhaven;-8.4;9.9;4;1
27576;Bremerhaven;-8.4;9.9;1;1
27578;Bremerhaven;-8.6;9.8;9;1
27580;Bremerhaven;-8.1;10.0;2;1
27607;Geestland;-9.3;9.5;7;1
27612;Loxstedt;-9.2;9.7;5;1
27616;Beverstedt;-9.4;9.5;6;3
27619;Schiffdorf;-9.3;9.6;-3;1
27624;Geestland;-9.6;9.5;9;3
27628;Hagen;-9.4;9.6;7;1
27639;Wurster Nordseeküste;-9.1;9.6;0;1
27711;Osterholz-Scharmbeck;-9.7;9.3;39;3
27721;Ritterhude;-9.4;9.5;27;3
27726;Worpswede;-9.6;9.5;3;3
27729;Hambergen, Holste u.a.;-9.7;9.3;24;3
27749;Delmenhorst;-8.9;10.0;8;3
27751;Delmenhorst;-9.3;9.6;5;3
27753;Delmenhorst;-9.0;9.9;7;3
27755;Delmenhorst;-9.3;9.6;9;3
27777;Ganderkesee;-9.4;9.4;34;3
27793;Wildeshausen;-9.6;9.5;38;3
27798;Hude (Oldenburg);-9.5;9.6;2;3
27801;Dötlingen;-9.6;9.4;38;3
27804;Berne;-9.4;9.6;-1;3
27809;Lemwerder;-9.5;9.6;-1;3
28195;Bremen;-8.6;10.1;17;3
28197;Bremen;-9.3;9.6;2;3
28199;Bremen;-8.8;10.0;5;3
28201;Bremen;-9.1;9.8;0;3
28203;Bremen;-8.8;10.0;8;3
28205;Bremen;-8.8;10.0;8;3
28207;Bremen;-8.8;10.0;7;3
28209;Bremen;-8.8;10.0;7;3
28211;Bremen;-8.8;10.1;5;3
28213;Bremen;-9.1;9.7;1;3
28215;Bremen;-9.0;9.9;4;3
28217;Bremen;-9.0;9.9;6;3
28219;Bremen;-9.4;9.6;0;3
28237;Bremen;-9.0;9.7;5;3
28239;Bremen;-8.9;9.9;8;3
28259;Bremen;-9.1;9.8;5;3
28277;Bremen;-9.0;9.9;6;3
28279;Bremen;-9.1;9.8;6;3
28307;Bremen;-9.1;9.8;7;3
28309;Bremen;-8.8;10.0;5;3
28325;Bremen;-8.8;10.0;4;3
28327;Bremen;-8.8;10.0;3;3
28329;Bremen;-8.8;10.0;6;3
28355;Bremen;-9.5;9.6;9;3
28357;Bremen;-9.4;9.6;1;3
28359;Bremen;-9.1;9.7;2;3
28717;Bremen;-9.1;9.6;22;3
28719;Bremen;-9.0;9.7;6;3
28755;Bremen;-9.0;9.7;18;3
28757;Bremen;-9.0;9.7;26;3
28759;Bremen;-9.0;9.8;21;3
28777;Bremen;-9.3;9.6;7;3
28779;Bremen;-9.1;9.6;6;3
28790;Schwanewede;-9.4;9.5;8;3
28816;Stuhr;-9.3;9.6;8;3
28832;Achim;-9.7;9.5;24;3
28844;Weyhe;-9.2;9.6;10;3
28857;Syke;-9.7;9.5;47;3
28865;Lilienthal;-9.5;9.6;0;3
28870;Ottersberg;-9.7;9.5;6;3
28876;Oyten;-9.6;9.5;12;3
28879;Grasberg;-9.6;9.5;4;3
29221;Celle;-10.7;10.2;38;3
29223;Celle;-11.1;9.9;52;3
29225;Celle;-11.0;9.9;37;3
29227;Celle;-11.1;9.8;39;3
29229;Celle, Wittbeck;-11.2;9.6;50;3
29303;Bergen, Lohheide u.a.;-11.2;9.1;74;3
29308;Winsen (Aller);-11.1;9.6;33;3
29313;Hambühren;-11.1;9.7;43;3
29320;Hermannsburg;-11.3;9.2;59;3
29323;Wietze;-11.2;9.7;43;3
29328;Faßberg;-11.7;9.1;66;3
29331;Lachendorf;-11.3;9.6;52;3
29336;Nienhagen;-11.1;9.8;39;3
29339;Wathlingen;-11.2;9.7;49;3
29342;Wienhausen;-11.1;9.7;39;3
29345;Unterlüß;-11.7;9.0;127;3
29348;Eschede;-11.5;9.2;89;3
29351;Eldingen;-11.3;9.4;66;3
29352;Adelheidsdorf;-11.1;9.8;42;3
29353;Ahnsbeck;-11.3;9.6;53;3
29355;Beedenbostel;-11.3;9.5;54;3
29356;Bröckel;-11.2;9.7;43;3
29358;Eicklingen;-11.1;9.7;40;3
29359;Habighorst;-11.3;9.3;72;3
29361;Höfer;-11.3;9.4;68;3
29362;Hohne;-11.3;9.6;48;3
29364;Langlingen;-11.2;9.7;44;3
29365;Sprakensehl;-11.7;9.1;128;3
29367;Steinhorst;-11.4;9.3;86;3
29369;Ummern;-11.3;9.5;60;3
29378;Wittingen;-11.8;9.3;87;3
29379;Wittingen;-11.6;9.4;74;3
29386;Hankensbüttel, Obernholz, Dedelstorf;-11.6;9.2;112;3
29389;Bad Bodenteich;-11.8;9.3;57;3
29392;Wesendorf;-11.3;9.5;59;3
29393;Groß Oesingen;-11.4;9.4;76;3
29394;Lüder;-11.8;9.3;66;3
29396;Schönewörde;-11.5;9.5;60;3
29399;Wahrenholz;-11.4;9.5;57;3
29410;Salzwedel;-11.7;9.6;20;4
29413;Dähre, Diesdorf, Wallstawe;-11.8;9.3;69;4
29416;Kuhfelde;-11.8;9.3;44;4
29439;Lüchow;-11.6;9.5;14;4
29451;Dannenberg;-11.6;9.5;11;4
29456;Hitzacker (Elbe);-11.6;9.4;27;4
29459;Clenze;-11.8;9.3;44;4
29462;Wustrow;-11.6;9.4;16;4
29465;Schnega;-11.8;9.3;49;4
29468;Bergen;-11.8;9.3;50;4
29471;Gartow;-12.0;9.4;35;4
29472;Damnatz;-11.6;9.5;10;4
29473;Göhrde;-11.4;9.1;94;3
29475;Gorleben;-11.9;9.4;25;4
29476;Gusborn;-11.7;9.5;12;4
29478;Höhbeck;-12.0;9.3;40;4
29479;Jameln;-11.6;9.4;22;4
29481;Karwitz;-11.6;9.3;51;4
29482;Küsten;-11.6;9.4;26;4
29484;Langendorf;-11.7;9.4;31;4
29485;Lemgow;-11.8;9.4;29;4
29487;Luckau (Wendland);-11.7;9.4;27;4
29488;Lübbow;-11.7;9.4;17;4
29490;Neu Darchau;-11.2;9.2;75;3
29491;Prezelle;-11.8;9.4;20;4
29493;Schnackenburg;-12.1;9.5;14;4
29494;Trebel;-11.8;9.4;33;4
29496;Waddeweitz;-11.7;9.3;49;4
29497;Woltersdorf;-11.7;9.4;22;4
29499;Zernien;-11.6;9.1;91;4
29525;Uelzen;-11.1;9.5;37;3
29549;Bad Bevensen;-11.6;9.3;35;3
29553;Bienenbüttel;-11.3;9.4;23;3
29556;Suderburg;-12.0;9.1;74;3
29559;Wrestedt;-11.8;9.1;85;3
29562;Suhlendorf;-11.8;9.2;56;3
29565;Wriedel;-11.8;9.0;95;3
29571;Rosche;-11.6;9.1;86;3
29574;Ebstorf;-12.0;9.1;70;3
29575;Altenmedingen;-11.3;9.2;63;3
29576;Barum;-12.0;9.1;72;3
29578;Eimke;-11.7;9.0;97;3
29579;Emmendorf;-11.8;9.3;31;3
29581;Gerdau;-12.0;9.2;59;3
29582;Hanstedt;-12.0;9.1;77;3
29584;Himbergen;-11.6;9.2;60;3
29585;Jelmstorf;-11.7;9.2;49;3
29587;Natendorf;-11.8;9.1;68;3
29588;Oetzen;-11.8;9.3;45;3
29590;Rätzlingen;-12.0;9.2;58;3
29591;Römstedt;-11.6;9.2;52;3
29593;Schwienau;-12.0;9.2;55;3
29594;Soltendiek;-11.7;9.2;63;3
29597;Stoetze;-11.7;9.1;75;3
29599;Weste;-11.7;9.2;63;3
29614;Soltau;-10.3;9.3;72;3
29633;Munster;-11.6;9.1;79;3
29640;Schneverdingen, Heimbuch;-10.6;9.1;113;3
29643;Neuenkirchen;-10.5;9.3;60;3
29646;Bispingen;-10.8;9.1;89;3
29649;Wietzendorf;-11.1;9.1;73;3
29664;Walsrode, Ostenholz;-10.6;9.5;37;3
29683;Bad Fallingbostel, Osterheide;-10.5;9.2;68;3
29690;Schwarmstedt u.a.;-10.8;9.8;25;3
29693;Hodenhagen u.a.;-10.6;9.7;19;3
29699;Bomlitz;-10.4;9.3;60;3
30159;Hannover;-10.0;10.9;57;3
30161;Hannover;-10.7;10.4;63;3
30163;Hannover;-10.7;10.4;57;3
30165;Hannover;-10.8;10.1;53;3
30167;Hannover;-10.7;10.3;62;3
30169;Hannover;-10.6;10.4;55;3
30171;Hannover;-10.6;10.4;58;3
30173;Hannover;-10.7;10.4;60;3
30175;Hannover;-10.7;10.3;57;3
30177;Hannover;-10.7;10.3;58;3
30179;Hannover;-10.5;10.4;51;3
30419;Hannover;-11.0;10.1;54;3
30449;Hannover;-10.7;10.3;67;3
30451;Hannover;-10.8;10.2;63;3
30453;Hannover;-10.6;10.4;58;3
30455;Hannover;-10.7;10.3;64;3
30457;Hannover;-10.7;10.2;62;3
30459;Hannover;-10.7;10.2;58;3
30519;Hannover;-10.7;10.4;60;3
30521;Hannover;-10.7;10.2;76;3
30539;Hannover;-11.3;9.7;100;3
30559;Hannover;-10.8;10.1;72;3
30625;Hannover;-10.7;10.3;59;3
30627;Hannover;-10.6;10.4;59;3
30629;Hannover;-11.3;9.8;65;3
30655;Hannover;-10.7;10.3;53;3
30657;Hannover;-11.0;10.0;59;3
30659;Hannover;-11.1;9.9;61;3
30669;Langenhagen (Flughafen);-11.3;9.9;47;3
30823;Garbsen;-10.8;10.1;47;3
30826;Garbsen;-11.0;10.0;51;3
30827;Garbsen;-10.9;10.0;56;3
30851;Langenhagen;-10.6;10.4;52;3
30853;Langenhagen;-11.0;10.0;52;3
30855;Langenhagen;-11.3;9.8;50;3
30880;Laatzen;-11.1;9.8;63;3
30890;Barsinghausen;-10.9;10.0;60;3
30900;Wedemark;-11.1;9.8;58;3
30916;Isernhagen;-11.3;9.8;65;3
30926;Seelze;-11.1;9.9;68;3
30938;Burgwedel;-11.1;9.8;45;3
30952;Ronnenberg;-11.1;9.9;79;3
30966;Hemmingen;-11.0;9.9;64;3
30974;Wennigsen (Deister);-11.1;9.8;87;3
30982;Pattensen;-11.2;9.8;74;3
30989;Gehrden;-11.1;9.9;75;3
31008;Elze;-11.1;9.7;85;3
31020;Salzhemmendorf;-11.5;9.4;154;3
31028;Gronau (Leine);-11.2;9.8;79;3
31036;Eime;-11.1;9.6;105;3
31061;Alfeld (Leine);-11.1;9.6;108;7
31073;Grünenplan, Delligsen;-12.0;9.3;146;7
31079;Eberholzen, Sibbesse, Westfeld, Almstedt, Adenstedt;-12.0;8.9;241;3
31084;Freden (Leine);-11.8;9.4;118;7
31089;Duingen;-12.2;9.0;203;7
31134;Hildesheim;-10.7;10.2;81;3
31135;Hildesheim;-11.0;9.9;93;3
31137;Hildesheim;-10.8;10.1;76;3
31139;Hildesheim;-11.5;9.1;217;3
31141;Hildesheim;-11.0;9.6;112;3
31157;Sarstedt;-10.9;10.0;66;3
31162;Bad Salzdetfurth;-11.5;9.6;120;3
31167;Bockenem;-11.7;9.6;123;7
31171;Nordstemmen;-11.2;9.8;73;3
31174;Schellerten;-11.1;9.7;97;3
31177;Harsum;-11.2;9.7;87;3
31180;Giesen;-11.2;9.8;79;3
31185;Söhlde;-11.3;9.7;94;3
31188;Holle;-11.5;9.6;119;3
31191;Algermissen;-11.2;9.8;70;3
31195;Lamspringe, Neuhof;-12.2;8.8;262;7
31199;Diekholzen;-11.7;9.0;219;3
31224;Peine;-11.1;9.8;67;3
31226;Peine;-11.1;9.8;66;3
31228;Peine;-11.1;9.8;70;3
31234;Edemissen;-11.3;9.7;73;3
31241;Ilsede;-11.1;9.8;75;3
31246;Lahstedt;-11.3;9.7;101;3
31249;Hohenhameln;-11.2;9.7;90;3
31275;Lehrte;-11.2;9.8;66;3
31303;Burgdorf;-11.2;9.7;62;3
31311;Uetze;-11.2;9.7;51;3
31319;Sehnde;-11.3;9.8;67;3
31515;Wunstorf;-10.6;10.1;62;3
31535;Neustadt am Rübenberge;-10.8;10.0;52;3
31542;Bad Nenndorf;-10.8;10.1;66;3
31547;Rehburg-Loccum;-10.7;10.1;56;3
31552;Apelern, Rodenberg;-10.7;9.9;88;3
31553;Auhagen, Sachsenhagen;-10.7;10.1;49;3
31555;Suthfeld;-10.8;10.1;54;3
31556;Wölpinghausen;-10.7;9.9;96;3
31558;Hagenburg;-10.6;10.1;42;3
31559;Haste, Hohnhorst;-10.8;10.1;53;3
31582;Nienburg/Weser;-10.5;10.1;28;3
31592;Stolzenau;-10.6;10.2;33;3
31595;Steyerberg;-10.4;10.1;30;3
31600;Uchte;-10.3;10.1;45;3
31603;Diepenau;-10.3;10.1;41;3
31604;Raddestorf;-10.5;10.1;49;3
31606;Warmsen;-10.4;10.1;43;3
31608;Marklohe;-10.8;9.9;66;3
31609;Balge;-10.6;10.0;23;3
31613;Wietzen;-10.6;9.9;67;3
31618;Liebenau;-10.6;10.1;33;3
31619;Binnen;-10.8;10.0;50;3
31621;Pennigsehl;-10.5;10.0;45;3
31622;Heemsen;-10.6;9.9;20;3
31623;Drakenburg;-10.7;10.0;21;3
31626;Haßbergen;-10.6;9.8;24;3
31627;Rohrsen;-10.6;9.8;35;3
31628;Landesbergen;-10.6;10.1;27;3
31629;Estorf;-10.7;10.1;40;3
31632;Husum;-10.8;10.1;38;3
31633;Leese;-10.6;10.2;33;3
31634;Steimbke;-10.7;9.9;25;3
31636;Linsburg;-10.8;10.0;44;3
31637;Rodewald;-10.7;9.9;32;3
31638;Stöckse;-11.0;9.9;67;3
31655;Stadthagen;-10.6;10.0;97;3
31675;Bückeburg;-10.5;10.2;48;3
31683;Obernkirchen;-10.8;9.6;204;3
31688;Nienstädt;-10.4;10.0;119;3
31691;Helpsen, Seggebruch;-10.5;10.2;58;3
31693;Hespe;-10.5;10.2;57;3
31698;Lindhorst;-10.7;10.1;50;3
31699;Beckedorf;-10.7;10.1;62;3
31700;Heuerßen;-10.6;10.1;72;3
31702;Lüdersfeld;-10.6;10.1;57;3
31707;Heeßen, Bad Eilsen;-10.5;10.0;99;3
31708;Ahnsen;-10.5;10.2;69;3
31710;Buchholz;-10.5;9.9;129;7
31711;Luhden;-10.4;9.9;126;3
31712;Niederwöhren;-10.6;10.2;61;3
31714;Lauenhagen;-10.6;10.1;54;3
31715;Meerbeck;-10.5;10.2;48;3
31717;Nordsehl;-10.6;10.2;55;3
31718;Pollhagen;-10.6;10.2;50;3
31719;Wiedensahl;-10.6;10.2;58;5
31737;Rinteln;-10.3;10.1;55;7
31749;Auetal;-10.8;9.6;172;7
31785;Hameln;-10.3;10.2;74;7
31787;Hameln;-10.6;10.0;68;7
31789;Hameln;-10.8;9.9;65;7
31812;Bad Pyrmont;-11.3;9.4;144;6
31832;Springe;-11.1;9.8;83;3
31840;Hessisch Oldendorf;-10.7;10.0;61;7
31848;Bad Münder am Deister;-10.7;9.7;120;7
31855;Aerzen;-11.3;9.2;192;7
31860;Emmerthal;-11.1;9.8;82;7
31863;Coppenbrügge;-11.6;8.7;277;7
31867;Pohle, Lauenau, Messenkamp, Hülsede etc;-10.8;10.0;86;3
31868;Ottenstein;-12.2;8.5;296;7
32049;Herford;-10.2;9.7;123;6
32051;Herford;-10.0;9.9;91;6
32052;Herford;-10.0;9.9;79;6
32105;Bad Salzuflen;-10.0;10.0;93;6
32107;Bad Salzuflen;-10.0;9.8;100;6
32108;Bad Salzuflen;-10.2;9.6;137;5
32120;Hiddenhausen;-10.0;9.8;95;6
32130;Enger;-9.9;10.0;92;6
32139;Spenge;-9.9;9.9;82;6
32257;Bünde;-10.1;10.0;77;6
32278;Kirchlengern;-10.1;9.8;123;6
32289;Rödinghausen;-10.1;9.8;111;6
32312;Lübbecke;-10.1;10.1;64;6
32339;Espelkamp;-10.2;10.0;49;5
32351;Stemwede;-9.8;9.9;43;5
32361;Preußisch Oldendorf;-10.2;10.0;55;6
32369;Rahden;-10.0;10.0;38;5
32423;Minden;-10.0;10.5;42;5
32425;Minden;-10.3;10.2;58;5
32427;Minden;-10.0;10.4;53;5
32429;Minden;-10.3;10.2;55;5
32457;Porta Westfalica;-10.3;9.9;102;5
32469;Petershagen;-10.4;10.2;37;5
32479;Hille;-10.3;10.1;50;6
32545;Bad Oeynhausen;-10.3;9.7;140;5
32547;Bad Oeynhausen;-10.2;10.0;79;5
32549;Bad Oeynhausen;-10.3;10.1;64;6
32584;Löhne;-9.8;10.3;53;5
32602;Vlotho;-10.2;9.7;115;5
32609;Hüllhorst;-10.1;9.8;118;6
32657;Lemgo;-10.0;10.0;110;6
32676;Lügde;-11.6;9.1;176;6
32683;Barntrup;-11.5;8.9;239;6
32689;Kalletal;-11.3;8.9;282;5
32694;Dörentrup;-10.7;9.4;178;6
32699;Extertal;-11.0;9.4;189;7
32756;Detmold;-9.7;10.2;142;6
32758;Detmold;-10.3;9.6;150;6
32760;Detmold;-10.7;9.5;169;6
32791;Lage;-10.3;9.7;128;6
32805;Horn-Bad Meinberg;-11.1;9.2;201;6
32816;Schieder-Schwalenberg;-11.6;8.8;239;6
32825;Blomberg;-11.3;9.0;225;6
32832;Augustdorf;-10.6;9.4;209;6
32839;Steinheim;-11.1;9.3;158;6
33014;Bad Driburg;-11.5;9.1;205;6
33034;Brakel;-11.4;9.3;141;6
33039;Nieheim;-11.3;9.1;185;6
33098;Paderborn;-9.6;10.1;140;6
33100;Paderborn;-10.7;9.4;221;6
33102;Paderborn;-9.6;10.3;110;6
33104;Paderborn;-10.2;9.9;106;6
33106;Paderborn;-10.3;10.0;107;5
33129;Delbrück;-10.3;10.0;100;5
33142;Büren;-11.1;8.8;320;6
33154;Salzkotten;-10.1;10.1;101;5
33161;Hövelhof;-10.4;9.9;116;5
33165;Lichtenau;-11.3;8.8;299;6
33175;Bad Lippspringe;-10.2;9.8;146;6
33178;Borchen;-10.5;9.4;212;6
33181;Wünnenberg;-11.3;8.7;338;6
33184;Altenbeken;-11.3;8.7;323;6
33189;Schlangen;-10.6;9.5;203;6
33330;Gütersloh;-9.7;10.3;78;5
33332;Gütersloh;-9.5;10.6;81;5
33333;Bertelsmann;-9.9;10.2;83;5
33334;Gütersloh;-9.7;10.3;78;5
33335;Gütersloh;-10.1;10.0;93;5
33378;Rheda-Wiedenbrück;-9.6;10.4;77;5
33397;Rietberg;-10.1;10.2;75;5
33415;Verl;-10.2;10.0;94;5
33428;Harsewinkel;-10.2;10.2;61;5
33442;Herzebrock-Clarholz;-10.2;10.2;70;5
33449;Langenberg;-10.1;10.1;88;5
33602;Bielefeld;-8.8;10.9;119;6
33604;Bielefeld;-10.0;9.8;204;6
33605;Bielefeld;-10.1;9.8;157;6
33607;Bielefeld;-9.5;10.5;96;6
33609;Bielefeld;-9.6;10.3;96;6
33611;Bielefeld;-9.7;10.2;105;6
33613;Bielefeld;-9.7;10.2;92;6
33615;Bielefeld;-9.5;10.4;118;6
33617;Bielefeld;-9.6;10.0;162;6
33619;Bielefeld;-10.3;9.8;135;6
33647;Bielefeld;-9.7;10.3;120;6
33649;Bielefeld;-10.1;10.0;99;6
33659;Bielefeld;-10.2;10.0;123;6
33689;Bielefeld;-10.3;9.8;140;6
33699;Bielefeld;-10.2;9.7;155;6
33719;Bielefeld;-9.9;9.9;93;6
33729;Bielefeld;-9.9;9.9;82;6
33739;Bielefeld;-10.1;9.7;142;6
33758;Schloß Holte-Stukenbrock;-10.3;9.8;131;6
33775;Versmold;-10.1;10.1;67;5
33790;Halle (Westfalen);-10.1;10.0;93;6
33803;Steinhagen;-10.3;10.0;93;6
33813;Oerlinghausen;-11.0;9.0;306;6
33818;Leopoldshöhe;-10.1;9.8;115;6
33824;Werther (Westf.);-10.3;9.7;137;6
33829;Borgholzhausen;-10.1;9.7;150;6
34117;Kassel;-10.1;10.3;184;7
34119;Kassel;-10.4;9.9;177;7
34121;Kassel;-10.3;10.0;171;7
34123;Kassel;-10.4;9.9;143;7
34125;Kassel;-10.8;9.6;183;7
34127;Kassel;-10.5;9.9;166;7
34128;Kassel;-11.3;9.1;241;7
34130;Kassel;-10.6;9.7;215;7
34131;Kassel;-12.4;8.0;453;7
34132;Kassel;-11.5;8.9;281;7
34134;Kassel;-10.7;9.6;159;7
34212;Melsungen;-12.2;8.7;325;7
34225;Baunatal;-11.1;9.3;206;7
34233;Kassel, Fuldatal;-11.7;8.9;252;7
34246;Vellmar;-10.8;9.5;190;7
34253;Lohfelden;-11.2;9.2;220;7
34260;Kaufungen;-11.6;9.1;232;7
34266;Niestetal;-11.6;9.1;220;7
34270;Schauenburg;-12.2;8.2;411;7
34277;Fuldabrück;-11.6;9.2;191;7
34281;Gudensberg;-11.8;9.1;231;7
34286;Spangenberg;-12.6;8.1;420;7
34289;Zierenberg;-11.7;8.7;289;7
34292;Ahnatal;-11.7;8.9;251;7
34295;Edermünde;-11.6;9.1;215;7
34298;Helsa;-12.3;8.3;384;7
34302;Guxhagen;-11.8;8.9;265;7
34305;Niedenstein;-12.1;8.8;283;7
34308;Bad Emstal;-12.1;8.8;291;7
34311;Naumburg;-12.1;8.9;268;7
34314;Espenau;-11.7;9.0;240;7
34317;Habichtswald;-12.6;7.7;489;7
34320;Söhrewald;-12.8;7.8;470;7
34323;Malsfeld;-12.3;8.8;282;7
34326;Morschen;-11.7;9.2;180;7
34327;Körle;-11.7;8.9;253;7
34329;Nieste;-11.9;8.7;307;7
34346;Hann, Münden, Gutsbezirk Reinhardswald;-11.6;9.0;229;7
34355;Staufenberg;-11.8;8.8;277;7
34359;Reinhardshagen;-11.2;9.4;117;7
34369;Hofgeismar;-11.7;8.6;313;7
34376;Immenhausen;-11.7;8.6;308;7
34379;Calden;-11.5;8.9;239;7
34385;Bad Karlshafen;-11.6;9.2;159;7
34388;Trendelburg;-11.6;8.9;223;7
34393;Grebenstein;-11.5;9.1;189;7
34396;Liebenau (Hessen);-11.3;9.1;170;7
34399;Oberweser;-11.5;9.2;146;7
34414;Warburg;-11.6;9.1;184;6
34431;Marsberg;-11.4;8.9;259;6
34434;Borgentreich;-11.5;9.0;209;6
34439;Willebadessen;-11.7;8.6;292;6
34454;Bad Arolsen;-11.6;8.8;286;7
34466;Wolfhagen;-11.5;8.9;268;7
34471;Volkmarsen;-11.3;9.1;179;7
34474;Diemelstadt;-11.9;8.6;311;6
34477;Twistetal;-11.6;8.8;269;6
34479;Breuna;-11.9;8.6;318;7
34497;Korbach;-11.9;8.4;378;6
34508;Willingen (Upland);-13.2;7.0;635;6
34513;Waldeck;-12.1;8.3;382;7
34516;Vöhl;-11.9;8.5;350;7
34519;Diemelsee;-11.7;8.4;382;6
34537;Bad Wildungen;-12.3;8.3;394;7
34549;Edertal;-12.0;9.2;201;7
34560;Fritzlar;-12.0;9.1;239;7
34576;Homberg;-12.0;8.6;330;7
34582;Borken;-11.8;9.4;181;7
34587;Felsberg;-11.8;9.4;164;7
34590;Wabern;-11.9;9.4;162;7
34593;Knüllwald;-12.8;7.7;497;7
34596;Bad Zwesten;-12.0;9.1;227;7
34599;Neuental;-11.7;9.1;242;7
34613;Schwalmstadt;-11.6;9.2;233;7
34621;Frielendorf;-12.0;8.7;311;7
34626;Neukirchen (Knüll);-12.0;8.8;300;7
34628;Willingshausen;-11.6;9.1;234;7
34630;Gilserberg;-12.1;8.6;342;7
34632;Jesberg;-11.8;9.0;248;7
34633;Ottrau;-12.0;8.7;329;7
34637;Schrecksbach;-11.5;9.1;224;7
34639;Schwarzenborn;-13.1;7.6;509;7
35037;Marburg;-11.5;9.5;202;7
35039;Marburg;-11.4;9.4;216;7
35041;Marburg;-11.5;9.2;243;7
35043;Marburg;-11.5;9.1;273;7
35066;Frankenberg;-11.6;8.6;347;6
35075;Gladenbach;-11.2;9.0;301;6
35080;Bad Endbach;-11.6;8.5;403;6
35083;Wetter;-11.6;8.9;284;7
35085;Ebsdorfergrund;-11.5;9.3;216;7
35088;Battenberg;-11.3;8.8;311;6
35091;Cölbe;-11.6;9.2;232;7
35094;Lahntal;-11.4;9.3;217;7
35096;Weimar (Lahn);-11.3;9.4;203;7
35099;Burgwald;-11.8;8.4;390;6
35102;Lohra;-11.0;9.1;279;7
35104;Lichtenfels;-12.0;8.2;425;6
35108;Allendorf;-11.5;8.8;313;6
35110;Frankenau;-11.8;8.4;372;7
35112;Fronhausen;-11.1;9.6;168;7
35114;Haina;-12.3;8.2;428;7
35116;Hatzfeld;-11.6;8.3;431;6
35117;Münchhausen;-11.6;8.8;307;6
35119;Rosenthal;-11.7;8.6;341;7
35216;Biedenkopf;-11.5;8.4;416;6
35232;Dautphetal;-11.4;8.8;343;6
35236;Breidenbach;-11.3;8.3;441;6
35239;Steffenberg;-11.4;8.5;408;6
35260;Stadtallendorf;-11.8;9.0;273;7
35274;Kirchhain;-11.5;9.3;199;7
35279;Neustadt;-11.8;9.0;249;7
35282;Rauschenberg;-11.8;8.9;276;7
35285;Gemünden;-11.8;9.0;259;7
35287;Amöneburg;-11.6;9.3;212;7
35288;Wohratal;-11.7;9.1;240;7
35305;Grünberg;-11.3;9.0;304;7
35315;Homberg (Ohm);-11.6;9.1;253;7
35321;Laubach;-11.2;9.3;254;7
35325;Mücke;-11.6;9.1;268;7
35327;Ulrichstein;-12.7;7.4;589;7
35329;Gemünden (Felda);-11.7;8.9;297;7
35390;Gießen;-10.5;10.1;163;7
35392;Gießen;-10.9;9.7;187;7
35394;Gießen;-11.0;9.6;200;7
35396;Gießen;-11.0;9.6;189;7
35398;Gießen;-11.1;9.7;152;7
35410;Hungen;-10.6;9.9;154;7
35415;Pohlheim;-11.2;9.4;239;7
35418;Buseck;-11.1;9.3;245;7
35423;Lich;-10.9;9.7;180;7
35428;Langgöns;-11.2;9.4;234;7
35435;Wettenberg;-11.2;9.2;271;7
35440;Linden;-11.1;9.6;168;7
35444;Biebertal;-11.3;8.8;339;7
35447;Reiskirchen;-11.1;9.5;205;7
35452;Heuchelheim;-11.3;9.5;189;7
35457;Lollar;-11.3;9.3;234;7
35460;Staufenberg;-11.3;9.5;187;7
35463;Fernwald;-11.2;9.4;237;7
35466;Rabenau;-11.3;9.1;278;7
35469;Allendorf;-11.2;9.4;198;7
35510;Butzbach;-10.8;9.3;268;7
35516;Münzenberg;-10.9;9.8;168;7
35519;Rockenberg;-10.9;9.8;181;12
35576;Wetzlar;-10.6;10.0;150;7
35578;Wetzlar;-10.8;9.5;240;7
35579;Wetzlar;-11.1;9.5;199;7
35580;Wetzlar;-11.0;9.5;180;7
35581;Wetzlar;-11.3;9.3;237;7
35582;Wetzlar;-11.2;9.6;170;7
35583;Wetzlar Garbeinheim;-10.9;9.6;155;7
35584;Wetzlar;-11.1;9.4;226;7
35585;Wetzlar;-11.2;8.9;327;7
35586;Wetzlar;-11.0;9.6;186;7
35606;Solms;-10.7;9.7;142;7
35614;Aßlar;-11.1;9.0;315;7
35619;Braunfels;-11.1;9.5;194;7
35625;Hüttenberg;-11.1;9.2;266;7
35630;Ehringshausen;-10.9;9.2;259;7
35633;Lahnau;-11.3;9.4;208;7
35638;Leun;-11.0;9.4;220;7
35641;Schöffengrund;-10.8;9.2;280;7
35644;Hohenahr;-11.1;9.0;300;6
35647;Waldsolms;-10.8;9.2;279;7
35649;Bischoffen;-11.2;9.0;297;6
35683;Dillenburg;-11.0;9.4;235;6
35684;Dillenburg;-11.1;8.6;382;6
35685;Dillenburg;-11.1;8.7;359;6
35686;Dillenburg;-11.1;8.6;387;6
35687;Dillenburg;-10.9;9.0;317;6
35688;Dillenburg;-11.1;8.8;338;6
35689;Dillenburg;-11.3;8.6;378;6
35690;Dillenburg;-11.3;8.3;459;6
35708;Haiger;-11.0;9.0;305;6
35713;Eschenburg;-11.2;8.9;327;6
35716;Dietzhölztal;-11.5;7.7;552;6
35719;Angelburg;-11.3;8.3;457;6
35745;Herborn;-11.0;9.2;268;6
35753;Greifenstein;-11.1;8.7;385;6
35756;Mittenaar;-11.2;9.0;293;6
35759;Driedorf;-11.1;8.1;498;6
35764;Sinn;-11.3;9.4;208;6
35767;Breitscheid;-11.2;8.3;468;6
35768;Siegbach;-11.3;8.4;422;6
35781;Weilburg;-10.8;9.7;187;7
35789;Weilmünster;-10.8;9.3;272;7
35792;Löhnberg;-11.1;9.4;217;7
35794;Mengerskirchen;-10.9;8.8;372;6
35796;Weinbach;-10.8;9.6;199;7
35799;Merenberg;-10.8;9.2;290;7
36037;Fulda;-11.3;9.4;280;7
36039;Fulda;-12.3;8.4;412;7
36041;Fulda;-12.0;9.0;271;7
36043;Fulda;-11.8;9.1;282;7
36088;Hünfeld;-12.3;9.0;260;7
36093;Künzell;-12.2;8.7;346;7
36100;Petersberg;-12.1;8.9;292;7
36103;Flieden;-12.0;8.8;316;7
36110;Schlitz;-12.3;8.9;273;7
36115;Hilders, Ehrenberg;-13.1;8.0;487;10
36119;Neuhof;-12.1;8.6;359;7
36124;Eichenzell;-12.2;8.7;351;7
36129;Gersfeld;-13.3;7.3;629;10
36132;Eiterfeld;-12.6;8.5;365;7
36137;Großenlüder;-12.1;8.9;284;7
36142;Tann;-13.2;8.0;478;10
36145;Hofbieber;-12.8;8.2;449;7
36148;Kalbach;-12.3;8.3;441;10
36151;Burghaun;-12.5;8.7;303;7
36154;Hosenfeld;-12.0;8.7;336;7
36157;Ebersburg;-12.4;8.4;402;10
36160;Dipperz;-12.3;8.4;390;7
36163;Poppenhausen;-12.8;7.8;534;10
36166;Haunetal;-12.5;8.7;297;7
36167;Nüsttal;-12.4;8.6;358;7
36169;Rasdorf;-12.6;8.7;331;7
36179;Bebra;-12.5;8.8;275;7
36199;Rotenburg an der Fulda;-12.5;8.8;292;7
36205;Sontra;-12.0;9.0;251;7
36208;Wildeck;-12.7;8.7;306;7
36211;Alheim;-11.8;9.2;185;7
36214;Nentershausen;-12.5;8.6;332;7
36217;Ronshausen;-12.6;8.7;314;7
36219;Cornberg;-12.5;8.6;323;7
36251;Bad Hersfeld, Ludwigsau;-12.7;8.5;347;7
36266;Heringen;-12.5;9.0;249;7
36269;Philippsthal;-12.6;8.8;310;7
36272;Niederaula;-12.2;9.1;216;7
36275;Kirchheim (Hessen);-12.6;8.8;279;7
36277;Schenklengsfeld;-12.6;8.5;342;7
36280;Oberaula;-12.5;8.6;328;7
36282;Hauneck;-12.4;9.1;212;7
36284;Hohenroda;-12.5;8.5;356;7
36286;Neuenstein (Hessen);-12.8;8.1;432;7
36287;Breitenbach am Herzberg;-12.4;8.8;290;7
36289;Friedewald;-12.8;8.1;433;7
36304;Alsfeld;-11.7;8.9;281;7
36318;Schwalmtal;-11.8;8.8;307;7
36320;Kirtorf;-12.0;8.7;328;7
36323;Grebenau;-12.3;8.7;314;7
36325;Feldatal;-12.1;8.2;434;7
36326;Antrifttal;-11.7;9.0;254;7
36329;Romrod;-11.8;8.7;332;7
36341;Lauterbach;-11.8;8.7;349;7
36355;Grebenhain;-12.1;8.2;442;7
36358;Herbstein;-12.2;8.1;472;7
36364;Bad Salzschlirf;-12.1;8.9;262;7
36367;Wartenberg;-12.0;9.0;262;7
36369;Lautertal;-12.4;7.8;510;7
36381;Schlüchtern;-11.5;9.3;256;7
36391;Sinntal;-11.4;9.2;262;10
36396;Steinau an der Straße;-11.0;9.9;187;7
36399;Freiensteinau;-12.2;8.1;481;7
36404;Vacha, Unterbreizbach;-13.3;7.9;475;7
36414;Unterbreizbach;-12.3;9.0;257;7
36419;Geisa;-12.8;8.3;405;7
36433;Bad Salzungen;-12.6;8.9;302;7
36448;Bad Liebenstein;-13.2;8.2;436;10
36452;Kaltennordheim;-13.0;8.3;409;10
36456;Barchfeld-Immelborn;-12.1;9.2;245;7
36457;Stadtlengsfeld, Weilar, Urnshausen;-12.5;8.9;301;7
36460;Krayenberggemeinde, Frauensee;-12.8;8.5;362;7
36466;Dermbach, Wiesenthal;-12.7;8.6;362;10
36469;Tiefenort;-12.6;8.7;323;7
37073;Göttingen;-10.6;10.4;151;7
37075;Göttingen;-12.3;8.9;238;7
37077;Göttingen;-12.3;8.6;311;7
37079;Göttingen;-12.1;8.9;248;7
37081;Göttingen;-11.3;9.7;156;7
37083;Göttingen;-12.1;9.3;160;7
37085;Göttingen;-12.3;8.7;302;7
37115;Duderstadt;-11.9;9.2;184;7
37120;Bovenden;-12.1;9.3;154;7
37124;Rosdorf;-12.2;9.1;212;7
37127;Dransfeld u.a.;-12.5;8.3;376;7
37130;Gleichen;-12.1;9.0;240;7
37133;Friedland;-12.1;9.1;207;7
37136;Seulingen, Waake u.a.;-12.0;9.0;221;7
37139;Adelebsen;-12.0;9.1;195;7
37154;Northeim;-11.7;9.4;117;7
37170;Uslar;-11.7;9.1;200;7
37176;Nörten-Hardenberg;-12.1;9.2;151;7
37181;Hardegsen;-12.6;8.4;344;7
37186;Moringen;-12.1;8.8;253;7
37191;Katlenburg-Lindau;-12.0;9.2;143;7
37194;Bodenfelde, Wahlsburg;-11.8;8.9;234;7
37197;Hattorf;-12.1;9.1;177;7
37199;Wulften;-12.0;9.2;157;7
37213;Witzenhausen;-11.5;9.2;184;7
37214;Witzenhausen;-12.3;8.7;308;7
37215;Witzenhausen;-12.3;8.7;317;7
37216;Witzenhausen, Gutsbezirk;-12.6;7.9;456;7
37217;Witzenhausen;-12.7;8.2;402;7
37218;Witzenhausen;-11.7;9.0;223;7
37235;Hessisch Lichtenau;-12.7;8.2;403;7
37242;Bad Sooden-Allendorf;-12.4;8.7;316;7
37247;Großalmerode;-12.8;7.9;463;7
37249;Neu-Eichenberg;-12.0;8.8;277;7
37269;Eschwege;-11.9;9.1;237;7
37276;Meinhard;-12.1;9.0;249;7
37281;Wanfried;-12.0;9.4;164;7
37284;Waldkappel;-12.5;8.8;293;7
37287;Wehretal;-11.8;9.3;183;7
37290;Meißner;-12.5;8.7;303;7
37293;Herleshausen;-12.8;8.7;312;7
37296;Ringgau;-12.8;8.5;358;7
37297;Berkatal;-12.2;9.0;244;7
37299;Weißenborn;-12.8;8.8;307;7
37308;Heiligenstadt;-13.1;7.8;467;7
37318;Arenshausen, Uder u.a.;-12.6;8.4;365;7
37327;Leinefelde-Worbis, Wingerode, Hausen;-12.5;8.6;337;7
37339;Worbis;-13.2;8.0;435;7
37345;Am Ohmberg, Sonnenstein;-12.7;8.8;263;7
37351;Dingelstädt;-12.7;8.6;342;7
37355;Niederorschel u.a.;-12.7;8.7;298;7
37359;Küllstedt;-12.8;8.1;432;7
37412;Herzberg, Elbingerode, Hörden;-12.3;8.9;221;7
37431;Bad Lauterberg;-13.5;7.7;444;6
37434;Gieboldehausen, Rhumequelle;-11.9;9.2;150;7
37441;Bad Sachsa;-13.2;8.3;352;7
37444;Braunlage;-14.2;6.2;683;6
37445;Walkenried;-13.0;8.7;271;7
37447;Wieda;-13.5;7.9;405;6
37449;Zorge;-13.6;7.2;529;6
37520;Osterode am Harz;-12.9;8.4;335;6
37539;Bad Grund;-12.3;9.0;213;7
37574;Einbeck, Kreiensen;-12.1;9.4;117;7
37581;Bad Gandersheim;-12.3;9.1;174;7
37586;Dassel;-11.9;9.1;172;7
37589;Kalefeld;-12.3;9.2;137;7
37603;Holzminden;-12.5;8.2;367;7
37619;Bodenwerder, Pegestorf, Kirchbrak, Hehlen;-11.4;9.6;81;7
37620;Halle;-11.6;9.5;110;7
37627;Stadtoldendorf u.a.;-11.9;8.8;239;7
37632;Holzen, Eschershausen, Eimen;-12.1;8.8;231;7
37633;Dielmissen;-11.7;9.4;117;7
37635;Lüerdissen;-11.8;9.3;141;7
37639;Bevern;-11.6;9.3;125;7
37640;Golmbach;-11.7;9.2;142;7
37642;Holenberg;-11.8;8.8;230;7
37643;Negenborn;-11.9;9.0;186;7
37647;Brevörde, Polle, Vahlbruch;-11.6;9.3;132;7
37649;Heinsen;-11.9;8.7;257;7
37671;Höxter;-11.5;9.2;147;7
37688;Beverungen;-11.6;8.7;277;7
37691;Boffzen, Derental;-12.4;8.3;362;7
37696;Marienmünster;-11.6;8.8;242;6
37697;Lauenförde;-11.6;9.1;165;7
37699;Fürstenberg;-11.5;8.9;225;7
38100;Braunschweig;-10.3;10.8;74;3
38102;Braunschweig;-10.7;10.3;74;3
38104;Braunschweig;-11.5;9.7;82;3
38106;Braunschweig;-10.8;10.2;73;3
38108;Braunschweig;-11.4;9.8;70;3
38110;Braunschweig;-11.4;9.8;79;3
38112;Braunschweig;-11.3;9.8;65;3
38114;Braunschweig;-11.0;10.1;71;3
38116;Braunschweig;-11.3;9.8;89;3
38118;Braunschweig;-10.7;10.3;74;3
38120;Braunschweig;-11.4;9.7;84;3
38122;Braunschweig;-11.5;9.7;89;3
38124;Braunschweig;-11.2;9.9;75;3
38126;Braunschweig;-11.5;9.7;95;3
38154;Königslutter am Elm;-11.9;9.5;112;3
38159;Vechelde;-11.3;9.7;79;3
38162;Cremlingen;-11.7;9.5;119;3
38165;Lehre;-11.6;9.7;86;3
38170;Schöppenstedt;-12.0;9.6;104;3
38173;Sickte, Dettum u.a.;-11.7;9.6;107;3
38176;Wendeburg;-11.3;9.7;70;3
38179;Schwülper;-11.4;9.7;69;3
38226;Salzgitter;-11.0;10.0;92;3
38228;Salzgitter;-11.4;9.7;93;3
38229;Salzgitter;-11.5;9.7;88;3
38239;Salzgitter;-11.4;9.7;85;3
38259;Salzgitter;-11.9;9.5;146;3
38268;Lengede;-11.2;9.7;82;3
38271;Baddeckenstedt;-11.5;9.7;102;3
38272;Burgdorf;-11.5;9.6;109;3
38274;Elbe;-11.7;9.6;114;3
38275;Haverlah;-11.8;9.4;155;3
38277;Heere;-11.8;9.4;150;3
38279;Sehlde;-12.4;8.9;266;3
38300;Wolfenbüttel;-11.5;9.8;86;3
38302;Wolfenbüttel;-11.5;9.7;92;3
38304;Wolfenbüttel;-11.7;9.5;129;3
38312;Dorstadt, Flöthe, Börßum u.a.;-11.6;9.7;86;3
38315;Schladen-Werla;-12.0;9.7;94;3
38319;Remlingen;-12.0;9.6;109;3
38321;Denkte;-11.6;9.7;95;3
38322;Hedeper;-12.1;9.6;107;3
38324;Kissenbrück;-11.8;9.6;101;3
38325;Roklum;-12.1;9.6;110;3
38327;Semmenstedt;-12.0;9.6;113;3
38329;Wittmar;-11.9;9.5;126;3
38350;Helmstedt;-11.9;9.6;116;3
38364;Schöningen;-12.1;9.4;166;3
38368;Rennau, Querenhorst, Mariental, Grasleben;-12.2;9.3;161;4
38372;Büddenstedt;-12.2;9.4;130;4
38373;Süpplingen, Frellstedt;-12.1;9.5;108;3
38375;Räbke;-12.2;9.3;155;3
38376;Süpplingenburg;-12.1;9.5;102;3
38378;Warberg;-12.2;9.4;142;3
38379;Wolsdorf;-12.1;9.4;123;3
38381;Jerxheim;-12.3;9.5;115;3
38382;Beierstedt;-12.2;9.6;94;3
38384;Gevensleben;-12.1;9.6;104;3
38387;Söllingen;-12.3;9.6;97;3
38440;Wolfsburg;-11.1;10.0;61;3
38442;Wolfsburg;-11.5;9.7;57;3
38444;Wolfsburg;-11.8;9.5;128;3
38446;Wolfsburg;-11.8;9.5;105;3
38448;Wolfsburg;-11.7;9.6;80;3
38458;Velpke;-12.1;9.5;75;4
38459;Bahrdorf;-12.2;9.4;99;4
38461;Danndorf;-11.9;9.6;60;3
38462;Grafhorst;-11.9;9.6;55;4
38464;Groß Twülpstedt;-12.1;9.4;117;3
38465;Brome;-12.0;9.4;82;4
38467;Bergfeld;-11.8;9.5;68;3
38468;Ehra-Lessien;-11.6;9.5;79;3
38470;Parsau;-11.8;9.5;62;4
38471;Rühen;-11.8;9.6;60;3
38473;Tiddische;-11.8;9.6;65;3
38474;Tülau;-11.9;9.5;74;3
38476;Barwedel;-11.6;9.6;73;3
38477;Jembke;-11.6;9.6;73;3
38479;Tappenbeck;-11.6;9.6;63;3
38486;Klötze, Apenburg-Winterfeld;-12.2;9.3;83;4
38489;Beetzendorf, Rohrberg, Jübar;-11.8;9.4;42;4
38518;Gifhorn;-11.3;9.7;58;3
38524;Sassenburg;-11.5;9.6;63;3
38527;Meine;-11.5;9.7;75;3
38528;Adenbüttel;-11.4;9.7;70;3
38530;Didderse;-11.3;9.8;60;3
38531;Rötgesbüttel;-11.4;9.7;64;3
38533;Vordorf;-11.4;9.7;76;3
38536;Meinersen;-11.2;9.7;49;3
38539;Müden (Aller);-11.3;9.7;58;3
38542;Leiferde;-11.3;9.7;54;3
38543;Hillerse;-11.3;9.7;65;3
38547;Calberlah;-11.5;9.7;57;3
38550;Isenbüttel;-11.4;9.7;59;3
38551;Ribbesbüttel;-11.4;9.7;58;3
38553;Wasbüttel;-11.5;9.7;61;3
38554;Weyhausen;-11.6;9.6;61;3
38556;Bokensdorf;-11.6;9.6;69;3
38557;Osloß;-11.5;9.6;65;3
38559;Wagenhoff, Ringelah;-11.3;9.6;58;3
38640;Goslar;-12.4;9.3;263;6
38642;Goslar;-12.5;9.4;204;6
38644;Goslar;-12.9;8.8;324;6
38667;Bad Harzburg, Torfhaus;-13.5;8.0;403;6
38678;Clausthal-Zellerfeld, Oberschulenberg;-13.7;7.0;568;6
38685;Langelsheim;-12.7;9.0;267;6
38690;Goslar;-12.3;9.5;141;3
38700;Braunlage;-13.7;6.9;575;6
38704;Liebenburg;-12.3;9.3;185;3
38707;Altenau, Schulenberg;-13.7;7.6;467;6
38709;Wildemann;-13.3;8.1;387;6
38723;Seesen;-12.2;9.2;216;7
38729;Hahausen, Lutter, Wallmoden;-12.2;9.4;153;3
38820;Halberstadt;-12.5;9.7;135;3
38822;Halberstadt, Groß Quenstedt;-12.7;9.4;133;3
38828;Wegeleben;-12.8;9.4;105;4
38829;Harsleben;-12.8;9.4;125;4
38835;Osterwieck;-12.7;9.4;175;3
38836;Badersleben u.a.;-12.5;9.5;123;3
38838;Huy;-12.5;9.5;107;3
38855;Wernigerode, Nordharz;-12.9;9.5;227;3
38871;Ilsenburg, Nordharz;-13.1;9.4;210;3
38875;Oberharz am Brocken;-13.8;7.3;504;6
38877;Oberharz am Brocken;-13.7;7.1;549;6
38879;Wernigerode;-15.6;4.7;979;8
38889;Blankenburg, Oberharz am Brocken;-14.0;7.7;440;6
38895;Langenstein, Derenburg;-13.2;9.3;210;3
38899;Oberharz am Brocken;-14.2;7.4;495;6
39104;Magdeburg;-12.0;9.9;41;4
39106;Magdeburg;-11.7;10.1;47;4
39108;Magdeburg;-11.1;10.6;59;4
39110;Magdeburg;-12.4;9.5;72;4
39112;Magdeburg;-11.7;10.2;57;4
39114;Magdeburg;-12.5;9.6;44;4
39116;Magdeburg;-12.3;9.5;85;4
39118;Magdeburg;-11.9;9.9;65;4
39120;Magdeburg;-12.3;9.4;73;4
39122;Magdeburg;-12.6;9.4;78;4
39124;Magdeburg;-11.8;9.9;54;4
39126;Magdeburg;-12.2;9.6;44;4
39128;Magdeburg;-12.0;9.8;54;4
39130;Magdeburg;-12.0;9.8;62;4
39164;Wanzleben-Börde;-12.6;9.4;98;4
39167;Eichenbarleben, Ochtmersleben, Irxleben, Schnarsleben, Wellen etc;-12.5;9.3;132;4
39171;Sülzetal;-12.6;9.4;71;4
39175;Gerwisch, Biederitz, Menz, Körbelitz etc;-12.5;9.5;44;4
39179;Barleben;-12.3;9.5;51;4
39217;Schönebeck (Elbe);-12.6;9.5;49;4
39218;Schönebeck;-12.1;9.8;51;4
39221;Welsleben, Biere, Eickendorf, Eggersdorf, Großmühlingen etc;-12.7;9.4;68;4
39240;Calbe, Rosenburg, Lödderitz etc;-12.8;9.5;53;4
39245;Gommern, Dannigkow;-12.5;9.5;52;4
39249;Barby;-12.6;9.5;49;4
39261;Zerbst/Anhalt;-12.8;9.5;75;4
39264;Güterglück, Lübs, Deetz, Jütrichau etc;-12.8;9.4;77;4
39279;Loburg, Leitzkau;-12.8;9.3;83;4
39288;Burg;-12.8;9.5;38;4
39291;Möckern, Schermen, Nedlitz etc;-12.7;9.3;76;4
39307;Genthin, Hohenseeden, Zabakuck u.a.;-13.2;9.4;41;4
39317;Elbe-Parey;-13.1;9.4;40;4
39319;Jerichow;-13.0;9.4;37;4
39326;Wolmirstedt u.a.;-12.5;9.5;52;4
39340;Haldensleben;-12.1;9.5;55;4
39343;Erxleben, Nordgermersleben u.a.;-12.3;9.4;111;4
39345;Haldensleben, Flechtingen, Bülstringen u.a.;-12.3;9.4;87;4
39356;Weferlingen, Behnsdorf, Belsdorf etc;-12.1;9.4;95;4
39359;Rätzlingen, Wegenstedt, Calvörde, Böddensell etc;-12.1;9.4;77;4
39365;Harbke, Sommersdorf, Wefensleben, Ummendorf, Eilsleben;-12.3;9.3;156;4
39387;Oschersleben (Bode);-12.3;9.6;76;4
39393;Hötensleben, Völpke, Ottleben, Hamersleben etc;-12.2;9.5;106;4
39397;Schwanebeck, Gröningen, Kroppenstedt;-12.6;9.5;87;4
39418;Staßfurt;-12.5;9.6;66;4
39435;Egeln, Unseburg, Wolmirsleben, Borne etc;-12.6;9.5;67;4
39439;Güsten;-12.8;9.5;75;4
39443;Staßfurt;-12.7;9.5;68;4
39444;Hecklingen;-12.8;9.2;160;4
39446;Staßfurt;-12.6;9.5;64;4
39448;Börde-Hakel;-12.6;9.5;73;4
39517;Tangerhütte u.a.;-12.5;9.4;36;4
39524;Sandau;-13.0;9.3;43;4
39539;Havelberg;-12.6;9.4;21;4
39576;Stendal;-12.5;9.4;31;4
39579;Bismark, Rochau;-12.4;9.3;48;4
39590;Tangermünde;-12.6;9.4;34;4
39596;Goldbeck, Arneburg u.a.;-12.7;9.4;33;4
39599;Bismark;-12.4;9.3;47;4
39606;Osterburg, Altmärkische Höhe;-12.4;9.4;22;4
39615;Seehausen, Werben, Leppin, Wahrenberg etc;-12.4;9.4;25;4
39619;Arendsee;-12.1;9.4;36;4
39624;Kalbe, Bismark;-12.2;9.3;60;4
39629;Bismark;-12.3;9.4;40;4
39638;Gardelegen;-12.3;9.3;80;4
39646;Oebisfelde;-12.1;9.5;58;4
39649;Gardelegen;-12.2;9.4;55;4
40210;Düsseldorf;-6.8;11.9;41;5
40211;Düsseldorf;-6.8;11.9;41;5
40212;Düsseldorf;-6.9;11.8;43;5
40213;Düsseldorf;-6.9;11.8;43;5
40215;Düsseldorf;-6.8;12.1;43;5
40217;Düsseldorf;-6.9;12.0;41;5
40219;Düsseldorf;-7.8;11.3;38;5
40221;Düsseldorf;-8.0;11.0;33;5
40223;Düsseldorf;-7.8;11.2;37;5
40225;Düsseldorf;-7.7;11.3;43;5
40227;Düsseldorf;-7.3;11.6;46;5
40229;Düsseldorf;-8.0;11.0;44;5
40231;Düsseldorf;-7.7;11.3;45;5
40233;Düsseldorf;-7.4;11.5;43;5
40235;Düsseldorf;-7.5;11.4;41;5
40237;Düsseldorf;-7.5;11.4;44;5
40239;Düsseldorf;-7.6;11.4;44;5
40468;Düsseldorf;-7.7;11.3;42;5
40470;Düsseldorf;-7.8;11.3;43;5
40472;Düsseldorf;-8.1;11.0;37;5
40474;Düsseldorf;-7.9;11.1;33;5
40476;Düsseldorf;-7.6;11.5;45;5
40477;Düsseldorf;-7.6;11.4;44;5
40479;Düsseldorf;-7.7;11.3;44;5
40489;Düsseldorf;-8.4;10.8;35;5
40545;Düsseldorf;-7.9;11.1;27;5
40547;Düsseldorf;-7.8;11.3;38;5
40549;Düsseldorf;-7.8;11.3;38;5
40589;Düsseldorf;-8.0;11.0;38;5
40591;Düsseldorf;-7.6;11.4;44;5
40593;Düsseldorf;-7.9;10.9;37;5
40595;Düsseldorf;-7.8;11.1;44;5
40597;Düsseldorf;-7.6;11.3;45;5
40599;Düsseldorf;-7.8;11.2;43;5
40625;Düsseldorf;-7.9;11.1;40;5
40627;Düsseldorf;-8.0;11.0;44;5
40629;Düsseldorf;-8.3;10.5;102;5
40667;Meerbusch;-8.4;10.8;37;5
40668;Meerbusch;-8.3;10.9;35;5
40670;Meerbusch;-8.3;10.9;42;5
40699;Erkrath;-8.3;10.6;92;5
40721;Hilden, Düsseldorf;-7.7;11.2;43;5
40723;Hilden;-7.7;11.2;53;5
40724;Hilden;-8.1;10.8;74;5
40764;Langenfeld;-8.0;11.0;54;5
40789;Monheim am Rhein;-8.1;10.9;43;5
40822;Mettmann;-8.4;10.4;140;5
40878;Ratingen;-7.9;11.2;51;5
40880;Ratingen;-8.4;10.8;42;5
40882;Ratingen;-8.3;10.4;126;5
40883;Ratingen;-8.3;10.5;126;5
40885;Ratingen;-8.3;10.6;74;5
41061;Mönchengladbach;-7.0;11.7;72;5
41063;Mönchengladbach;-8.0;10.9;68;5
41065;Mönchengladbach;-7.7;11.1;43;5
41066;Mönchengladbach;-7.6;11.0;41;5
41068;Mönchengladbach;-8.2;10.8;69;5
41069;Mönchengladbach;-8.2;10.8;77;5
41169;Mönchengladbach;-8.4;10.7;73;5
41179;Mönchengladbach;-8.4;10.8;69;5
41189;Mönchengladbach;-8.5;10.7;73;5
41199;Mönchengladbach;-8.0;10.9;65;5
41236;Mönchengladbach;-7.5;11.3;54;5
41238;Mönchengladbach;-7.8;11.1;50;5
41239;Mönchengladbach;-7.6;11.2;78;5
41334;Nettetal;-8.1;10.7;44;5
41352;Korschenbroich;-8.1;10.8;44;5
41363;Jüchen;-8.3;10.8;69;5
41366;Schwalmtal;-8.5;10.7;66;5
41372;Niederkrüchten;-8.7;10.7;69;5
41379;Brüggen;-8.6;10.6;71;5
41460;Neuss;-7.8;11.2;35;5
41462;Neuss;-7.9;11.1;39;5
41464;Neuss;-7.8;11.2;40;5
41466;Neuss;-7.9;11.1;40;5
41468;Neuss;-8.2;10.9;38;5
41469;Neuss;-8.3;10.8;37;5
41470;Neuss;-8.2;10.9;39;5
41472;Neuss;-8.2;10.8;53;5
41515;Grevenbroich;-8.2;10.8;57;5
41516;Grevenbroich;-8.1;10.8;48;5
41517;Grevenbroich;-8.4;10.8;64;5
41539;Dormagen;-8.2;10.8;39;5
41540;Dormagen;-8.2;10.8;45;5
41541;Dormagen;-8.1;10.8;37;5
41542;Dormagen;-8.2;10.8;39;5
41564;Kaarst;-8.2;10.9;38;5
41569;Rommerskirchen;-8.4;10.7;67;5
41747;Viersen;-7.7;11.0;54;5
41748;Viersen;-7.8;10.9;41;5
41749;Viersen;-8.1;10.8;36;5
41751;Viersen;-8.1;10.7;60;5
41812;Erkelenz;-8.6;10.8;90;5
41836;Hückelhoven;-8.6;10.9;47;5
41844;Wegberg;-8.7;10.7;79;5
41849;Wassenberg;-8.7;10.8;41;5
42103;Wuppertal;-8.3;10.6;173;6
42105;Wuppertal;-8.1;10.7;180;6
42107;Wuppertal;-8.3;10.6;201;6
42109;Wuppertal;-8.3;10.5;190;6
42111;Wuppertal;-8.7;9.9;252;5
42113;Wuppertal;-8.5;10.2;211;5
42115;Wuppertal;-8.2;10.6;209;6
42117;Wuppertal;-8.2;10.6;174;6
42119;Wuppertal;-8.6;10.1;300;6
42275;Wuppertal;-7.8;11.1;159;6
42277;Wuppertal;-8.4;10.5;194;6
42279;Wuppertal;-9.2;9.6;292;6
42281;Wuppertal;-8.4;10.4;221;6
42283;Wuppertal;-8.3;10.6;205;6
42285;Wuppertal;-8.3;10.3;248;6
42287;Wuppertal;-8.9;9.7;287;6
42289;Wuppertal;-8.5;10.2;252;6
42327;Wuppertal;-8.3;10.2;209;6
42329;Wuppertal;-8.5;10.1;258;6
42349;Wuppertal;-9.0;9.7;289;6
42369;Wuppertal;-8.7;9.9;282;6
42389;Wuppertal;-8.5;10.4;208;6
42399;Wuppertal;-9.7;9.4;296;6
42477;Radevormwald;-9.8;9.1;339;6
42489;Wülfrath;-8.7;10.2;191;5
42499;Hückeswagen;-9.7;9.4;290;6
42549;Velbert;-8.5;10.2;238;5
42551;Velbert;-8.7;10.1;219;5
42553;Velbert;-8.5;10.3;171;5
42555;Velbert;-8.3;10.6;109;5
42579;Heiligenhaus;-8.3;10.5;126;5
42651;Solingen;-8.3;10.5;193;6
42653;Solingen;-8.6;10.1;255;6
42655;Solingen;-8.0;10.8;190;5
42657;Solingen;-8.1;10.6;186;5
42659;Solingen;-8.5;10.4;135;6
42697;Solingen;-8.3;10.7;114;5
42699;Solingen;-8.1;10.7;128;5
42719;Solingen;-8.1;10.6;194;5
42781;Haan;-8.6;10.3;177;5
42799;Leichlingen;-8.8;10.3;173;5
42853;Remscheid;-8.8;9.8;308;6
42855;Remscheid;-8.8;10.1;202;6
42857;Remscheid;-8.8;10.1;251;6
42859;Remscheid;-9.0;10.1;250;6
42897;Remscheid;-9.4;9.3;334;6
42899;Remscheid;-8.8;9.7;315;6
42929;Wermelskirchen;-9.1;10.1;203;6
44135;Dortmund;-7.5;11.4;98;5
44137;Dortmund;-8.0;11.0;97;5
44139;Dortmund;-8.1;10.9;103;5
44141;Dortmund;-8.2;10.8;125;5
44143;Dortmund;-8.2;10.8;105;5
44145;Dortmund;-8.0;11.0;76;5
44147;Dortmund;-7.9;11.1;71;5
44149;Dortmund;-8.2;10.8;99;5
44225;Dortmund;-8.3;10.7;114;5
44227;Dortmund;-8.7;10.4;97;5
44229;Dortmund;-8.7;10.4;154;5
44263;Dortmund;-8.2;10.8;112;5
44265;Dortmund;-9.1;9.9;194;5
44267;Dortmund;-9.1;10.1;197;5
44269;Dortmund;-8.6;10.6;114;5
44287;Dortmund;-8.7;10.5;118;5
44289;Dortmund;-9.0;10.2;150;5
44309;Dortmund;-8.8;10.6;89;5
44319;Dortmund;-9.1;10.5;72;5
44328;Dortmund;-8.6;10.6;75;5
44329;Dortmund;-9.1;10.4;81;5
44339;Dortmund;-8.7;10.4;103;5
44357;Dortmund;-8.6;10.4;83;5
44359;Dortmund;-8.6;10.4;63;5
44369;Dortmund;-8.3;10.8;68;5
44379;Dortmund;-8.1;11.0;74;5
44388;Dortmund;-8.3;10.7;101;5
44532;Lünen;-9.0;10.6;57;5
44534;Lünen;-9.0;10.4;56;5
44536;Lünen;-9.0;10.4;71;5
44575;Castrop-Rauxel;-8.3;10.8;73;5
44577;Castrop-Rauxel;-8.6;10.4;121;5
44579;Castrop-Rauxel;-8.3;10.6;57;5
44581;Castrop-Rauxel;-8.5;10.5;60;5
44623;Herne;-8.0;11.0;75;5
44625;Herne;-7.6;11.2;64;5
44627;Herne;-8.5;10.5;115;5
44628;Herne;-8.1;10.9;51;5
44629;Herne;-7.8;11.1;52;5
44649;Herne;-7.8;11.1;45;5
44651;Herne;-7.8;11.1;52;5
44652;Herne;-7.5;11.3;47;5
44653;Herne;-7.8;11.1;47;5
44787;Bochum;-7.3;11.5;103;5
44789;Bochum;-7.8;11.0;106;5
44791;Bochum;-8.0;10.8;132;5
44793;Bochum;-8.1;10.8;64;5
44795;Bochum;-7.9;10.9;136;5
44797;Bochum;-8.4;10.5;121;5
44799;Bochum;-7.9;10.9;146;5
44801;Bochum;-8.1;10.7;138;5
44803;Bochum;-8.0;10.8;119;5
44805;Bochum;-8.3;10.6;124;5
44807;Bochum;-8.2;10.7;112;5
44809;Bochum;-7.8;11.1;79;5
44866;Bochum;-7.8;11.1;75;5
44867;Bochum;-8.0;10.9;87;5
44869;Bochum;-8.1;10.7;119;5
44879;Bochum;-8.1;10.7;102;5
44892;Bochum;-8.3;10.7;103;5
44894;Bochum;-8.1;10.9;102;5
45127;Essen;-7.1;11.6;87;5
45128;Essen;-7.2;11.5;101;5
45130;Essen;-7.6;11.0;110;5
45131;Essen;-8.0;10.7;119;5
45133;Essen;-8.2;10.5;153;5
45134;Essen;-8.2;10.6;136;5
45136;Essen;-7.8;11.0;112;5
45138;Essen;-7.6;11.0;102;5
45139;Essen;-7.6;11.0;96;5
45141;Essen;-7.9;10.9;50;5
45143;Essen;-7.5;11.3;58;5
45144;Essen;-7.7;11.1;81;5
45145;Essen;-7.6;11.1;100;5
45147;Essen;-7.7;11.0;103;5
45149;Essen;-8.0;10.7;137;5
45219;Essen;-8.1;10.7;85;5
45239;Essen;-8.4;10.4;164;5
45257;Essen;-8.3;10.6;94;5
45259;Essen;-8.0;10.8;130;5
45276;Essen;-7.6;11.2;69;5
45277;Essen;-7.6;11.1;88;5
45279;Essen;-8.0;10.9;97;5
45289;Essen;-8.3;10.6;90;5
45307;Essen;-7.9;10.9;82;5
45309;Essen;-7.8;11.0;72;5
45326;Essen;-7.6;11.2;47;5
45327;Essen;-7.8;11.1;47;5
45329;Essen;-7.3;11.4;35;5
45355;Essen;-7.7;11.1;66;5
45356;Essen;-7.5;11.3;40;5
45357;Essen;-7.8;11.0;70;5
45359;Essen;-8.0;10.8;86;5
45468;Mülheim an der Ruhr;-7.6;11.3;44;5
45470;Mülheim an der Ruhr;-8.2;10.6;81;5
45472;Mülheim an der Ruhr;-7.9;10.9;110;5
45473;Mülheim an der Ruhr;-7.7;11.2;61;5
45475;Mülheim an der Ruhr;-7.6;11.2;58;5
45476;Mülheim an der Ruhr;-7.5;11.3;34;5
45478;Mülheim an der Ruhr;-8.0;11.0;42;5
45479;Mülheim an der Ruhr;-8.3;10.7;87;5
45481;Mülheim an der Ruhr;-8.2;10.7;70;5
45525;Hattingen;-8.1;10.8;92;5
45527;Hattingen;-8.6;10.3;159;5
45529;Hattingen;-8.7;10.0;217;5
45549;Sprockhövel;-8.8;9.9;240;5
45657;Recklinghausen;-8.1;10.8;77;5
45659;Recklinghausen;-8.2;10.7;98;5
45661;Recklinghausen;-7.9;11.1;50;5
45663;Recklinghausen;-8.1;10.9;59;5
45665;Recklinghausen;-8.5;10.5;78;5
45699;Herten;-8.0;10.9;46;5
45701;Herten;-8.5;10.5;75;5
45711;Datteln;-8.8;10.4;62;5
45721;Haltern am See;-8.5;10.4;46;5
45731;Waltrop;-8.6;10.5;73;5
45739;Oer-Erkenschwick;-8.7;10.3;111;5
45768;Marl;-8.3;10.5;49;5
45770;Marl;-8.3;10.6;58;5
45772;Marl;-8.2;10.7;39;5
45879;Gelsenkirchen;-7.3;11.6;47;5
45881;Gelsenkirchen;-7.6;11.3;34;5
45883;Gelsenkirchen;-8.0;10.9;42;5
45884;Gelsenkirchen Rotthausen;-7.7;11.1;51;5
45886;Gelsenkirchen;-7.6;11.2;50;5
45888;Gelsenkirchen;-7.8;11.1;50;5
45889;Gelsenkirchen;-7.4;11.3;40;5
45891;Gelsenkirchen;-8.1;11.0;49;5
45892;Gelsenkirchen;-8.3;10.7;37;5
45894;Gelsenkirchen;-7.9;10.9;86;5
45896;Gelsenkirchen;-8.0;10.9;64;5
45897;Gelsenkirchen;-8.1;11.0;46;5
45899;Gelsenkirchen;-7.8;11.1;37;5
45964;Gladbeck;-8.1;10.8;56;5
45966;Gladbeck;-8.1;10.8;64;5
45968;Gladbeck;-7.8;11.2;29;5
46045;Oberhausen;-7.4;11.4;43;5
46047;Oberhausen;-7.4;11.3;46;5
46049;Oberhausen;-7.6;11.3;33;5
46117;Oberhausen;-7.8;11.1;38;5
46119;Oberhausen;-7.9;11.0;72;5
46145;Oberhausen;-8.0;10.9;61;5
46147;Oberhausen;-8.1;10.8;44;5
46149;Oberhausen;-7.7;11.2;31;5
46236;Bottrop;-7.9;11.0;54;5
46238;Bottrop;-7.7;11.1;41;5
46240;Bottrop;-8.1;10.8;46;5
46242;Bottrop;-7.9;11.0;65;5
46244;Bottrop;-8.4;10.5;65;5
46282;Dorsten;-8.2;10.6;37;5
46284;Dorsten;-8.3;10.5;37;5
46286;Dorsten;-8.4;10.3;65;5
46325;Borken;-8.5;10.3;48;5
46342;Velen;-8.8;10.1;71;5
46348;Raesfeld;-8.6;10.3;55;5
46354;Südlohn;-8.7;10.2;47;5
46359;Heiden;-8.6;10.1;88;5
46395;Bocholt;-8.3;10.5;22;5
46397;Bocholt;-8.6;10.2;43;5
46399;Bocholt;-8.4;10.4;22;5
46414;Rhede;-8.3;10.4;31;5
46419;Isselburg;-8.3;10.5;16;5
46446;Emmerich am Rhein;-8.1;10.6;26;5
46459;Rees;-8.2;10.5;16;5
46483;Wesel;-8.0;10.8;25;5
46485;Wesel;-8.1;10.6;29;5
46487;Wesel;-8.2;10.5;19;5
46499;Hamminkeln;-8.3;10.5;21;5
46509;Xanten;-8.2;10.6;18;5
46514;Schermbeck;-8.3;10.4;46;5
46519;Alpen;-8.3;10.6;21;5
46535;Dinslaken;-7.8;11.1;30;5
46537;Dinslaken;-8.0;10.9;30;5
46539;Dinslaken;-8.3;10.6;40;5
46562;Voerde (Niederrhein);-8.2;10.6;25;5
46569;Hünxe;-8.3;10.5;30;5
47051;Duisburg;-7.8;11.2;41;5
47053;Duisburg;-7.7;11.3;35;5
47055;Duisburg;-8.1;11.0;33;5
47057;Duisburg;-8.1;10.8;73;5
47058;Duisburg;-7.9;11.1;35;5
47059;Duisburg;-7.1;11.7;27;5
47119;Duisburg;-7.8;11.1;29;5
47137;Duisburg;-7.6;11.4;29;5
47138;Duisburg;-7.8;11.1;29;5
47139;Duisburg;-7.9;11.0;30;5
47166;Duisburg;-7.8;11.1;27;5
47167;Duisburg;-7.6;11.3;34;5
47169;Duisburg;-7.6;11.2;23;5
47178;Duisburg;-8.1;10.8;21;5
47179;Duisburg;-7.8;11.1;18;5
47198;Duisburg;-7.8;11.2;29;5
47199;Duisburg;-8.2;10.7;30;5
47226;Duisburg;-7.8;11.2;31;5
47228;Duisburg;-7.8;11.4;24;5
47229;Duisburg;-7.8;11.3;27;5
47239;Duisburg;-8.0;11.1;28;5
47249;Duisburg;-7.9;11.2;36;5
47259;Duisburg;-8.3;10.8;31;5
47269;Duisburg;-8.4;10.8;43;5
47279;Duisburg;-8.3;10.8;37;5
47441;Moers;-8.1;10.9;27;5
47443;Moers;-7.9;11.0;26;5
47445;Moers;-8.0;10.9;23;5
47447;Moers;-8.2;10.8;28;5
47475;Kamp-Lintfort;-8.2;10.7;25;5
47495;Rheinberg;-8.2;10.7;20;5
47506;Neukirchen-Vluyn;-8.2;10.8;33;5
47509;Rheurdt;-8.3;10.6;52;5
47533;Kleve;-8.1;10.6;12;5
47546;Kalkar;-8.1;10.6;13;5
47551;Bedburg-Hau;-8.1;10.5;46;5
47559;Kranenburg;-8.2;10.5;13;5
47574;Goch;-8.1;10.7;12;5
47589;Uedem;-8.2;10.5;44;5
47608;Geldern;-8.3;10.6;23;5
47623;Kevelaer;-8.2;10.7;21;5
47624;Kevelaer;-8.4;10.6;26;5
47625;Kevelaer-Wetten;-8.3;10.6;22;5
47626;Kevelaer-Winnekendonk;-8.3;10.6;22;5
47627;Kevelaer-Kervenheim;-8.3;10.6;28;5
47638;Straelen;-8.2;10.6;45;5
47647;Kerken;-8.1;10.7;33;5
47652;Weeze;-8.3;10.6;19;5
47661;Issum;-8.3;10.6;26;5
47665;Sonsbeck;-8.3;10.6;27;5
47669;Wachtendonk;-8.2;10.7;31;5
47798;Krefeld;-7.0;11.7;43;5
47799;Krefeld;-7.6;11.3;38;5
47800;Krefeld;-7.7;11.3;35;5
47802;Krefeld;-8.3;10.8;33;5
47803;Krefeld;-7.9;11.1;39;5
47804;Krefeld;-8.1;10.8;36;5
47805;Krefeld;-7.6;11.4;38;5
47807;Krefeld;-7.9;11.1;40;5
47809;Krefeld;-8.2;10.9;36;5
47829;Krefeld;-8.0;10.9;34;5
47839;Krefeld;-8.1;10.8;36;5
47877;Willich;-8.2;10.8;38;5
47906;Kempen;-8.1;10.7;35;5
47918;Tönisvorst;-8.1;10.8;38;5
47929;Grefrath;-8.1;10.8;32;5
48143;Münster;-7.9;11.3;65;5
48145;Münster;-8.7;10.7;62;5
48147;Münster;-8.5;10.6;62;5
48149;Münster;-8.8;10.7;70;5
48151;Münster;-8.6;10.8;65;5
48153;Münster;-8.8;10.6;68;5
48155;Münster;-8.8;10.6;60;5
48157;Münster;-9.2;10.2;54;5
48159;Münster;-9.2;10.1;60;5
48161;Münster;-9.2;10.1;74;5
48163;Münster;-9.3;10.2;62;5
48165;Münster;-9.3;10.2;57;5
48167;Münster;-9.3;10.2;56;5
48231;Warendorf;-9.7;10.2;54;5
48249;Dülmen;-8.9;10.2;82;5
48268;Greven;-9.1;10.2;48;5
48282;Emsdetten;-8.8;10.4;43;5
48291;Telgte;-9.1;10.2;55;5
48301;Nottuln;-9.2;10.0;91;5
48308;Senden;-9.3;10.2;58;5
48317;Drensteinfurt;-9.5;10.2;62;5
48324;Sendenhorst;-9.7;10.2;61;5
48329;Havixbeck;-9.2;10.1;69;5
48336;Sassenberg;-9.9;10.2;59;5
48341;Altenberge;-9.2;10.0;87;5
48346;Ostbevern;-9.3;10.2;51;5
48351;Everswinkel;-9.5;10.1;69;5
48356;Nordwalde;-9.1;10.2;46;5
48361;Beelen;-10.0;10.2;63;5
48366;Laer;-9.1;10.0;74;5
48369;Saerbeck;-9.3;10.2;48;5
48429;Rheine;-8.3;10.5;43;5
48431;Rheine;-8.2;10.5;41;5
48432;Rheine;-8.8;10.2;36;5
48455;Bad Bentheim;-8.9;10.0;67;5
48465;Engden, Isterberg, Schüttorf u.a.;-9.1;10.1;30;5
48477;Hörstel;-9.1;10.1;43;5
48480;Lünne, Schapen, Spelle;-9.1;10.1;34;5
48485;Neuenkirchen;-8.9;10.2;54;5
48488;Emsbüren;-9.2;10.1;30;5
48493;Wettringen;-9.1;10.1;38;5
48496;Hopsten;-9.2;10.1;39;5
48499;Salzbergen;-9.0;10.1;36;5
48527;Nordhorn;-9.0;10.1;18;5
48529;Nordhorn;-9.0;10.1;25;5
48531;Nordhorn;-9.0;10.1;22;5
48565;Steinfurt;-9.1;10.0;88;5
48599;Gronau;-8.8;10.1;42;5
48607;Ochtrup;-9.1;10.1;60;5
48612;Horstmar;-9.3;9.8;127;5
48619;Heek;-9.1;10.0;49;5
48624;Schöppingen;-9.1;9.9;80;5
48629;Metelen;-9.1;10.0;55;5
48653;Coesfeld;-8.9;10.0;81;5
48683;Ahaus;-9.0;10.0;51;5
48691;Vreden;-8.8;10.1;36;5
48703;Stadtlohn;-8.8;10.1;58;5
48712;Gescher;-8.8;10.1;61;5
48720;Rosendahl;-9.1;9.9;104;5
48727;Billerbeck;-9.3;9.8;152;5
48734;Reken;-8.7;10.1;81;5
48739;Legden;-9.0;10.0;63;5
49074;Osnabrück;-8.5;11.0;65;5
49076;Osnabrück;-9.7;9.9;80;5
49078;Osnabrück;-9.6;10.0;68;5
49080;Osnabrück;-9.5;10.1;80;5
49082;Osnabrück;-9.7;9.9;118;5
49084;Osnabrück;-9.0;10.4;71;5
49086;Osnabrück;-9.8;10.0;74;5
49088;Osnabrück;-9.1;10.3;69;5
49090;Osnabrück;-9.8;9.8;108;5
49124;Georgsmarienhütte;-9.8;9.8;104;6
49134;Wallenhorst;-9.6;9.9;94;5
49143;Bissendorf;-9.8;9.9;79;6
49152;Bad Essen;-10.1;10.0;49;5
49163;Bohmte;-9.6;9.9;42;5
49170;Hagen am Teutoburger Wald;-9.7;9.8;109;6
49176;Hilter;-9.8;9.7;139;6
49179;Ostercappeln;-9.6;9.9;52;5
49186;Bad Iburg;-9.8;9.9;98;6
49191;Belm;-9.8;9.7;118;6
49196;Bad Laer;-9.8;10.0;87;6
49201;Dissen;-9.9;9.8;124;6
49205;Hasbergen;-9.8;9.9;82;5
49214;Bad Rothenfelde;-10.0;10.0;90;6
49219;Glandorf;-9.5;10.1;60;5
49324;Melle;-9.8;10.0;75;6
49326;Melle;-9.9;9.8;106;6
49328;Melle;-10.1;9.9;74;6
49356;Diepholz;-9.7;9.8;38;3
49377;Vechta;-9.7;9.7;41;3
49393;Lohne;-9.6;9.8;36;3
49401;Damme;-9.7;9.7;67;5
49406;Barnstorf, Eydelstedt, Drentwede;-9.8;9.8;38;3
49413;Dinklage;-9.5;9.9;28;3
49419;Wagenfeld;-9.8;9.9;38;3
49424;Goldenstedt;-9.7;9.7;39;3
49429;Visbek;-9.6;9.6;49;3
49434;Neuenkirchen-Vörden;-9.7;9.7;100;5
49439;Steinfeld;-9.7;9.8;44;5
49448;Lemförde u.a.;-9.7;9.8;37;5
49451;Holdorf;-9.6;9.8;42;5
49453;Barver, Dickel, Hemsloh, Rehden, Wetschen, Wehrblecker Heide;-9.8;9.7;49;3
49456;Bakum;-9.6;9.8;30;3
49457;Drebber;-9.8;9.8;35;3
49459;Lembruch;-9.7;9.8;35;5
49477;Ibbenbüren;-9.1;10.1;61;6
49479;Ibbenbüren;-9.1;10.1;61;6
49492;Westerkappeln;-9.6;9.9;67;5
49497;Mettingen;-9.3;10.0;59;5
49504;Lotte;-9.6;10.0;63;5
49509;Recke;-9.2;10.1;44;5
49525;Lengerich;-9.3;10.1;59;5
49536;Lienen;-9.5;10.1;68;5
49545;Tecklenburg;-9.7;9.7;146;6
49549;Ladbergen;-9.3;10.2;51;5
49565;Bramsche;-9.6;10.0;46;5
49577;Kettenkamp, Eggermühlen, Ankum;-9.6;9.8;65;5
49584;Fürstenau;-9.2;10.0;50;5
49586;Merzen, Neuenkirchen;-9.3;10.0;56;5
49593;Bersenbrück;-9.4;9.9;43;3
49594;Alfhausen;-9.5;9.9;43;5
49596;Gehrde;-9.5;9.9;33;3
49597;Rieste;-9.5;9.9;51;5
49599;Voltlage;-9.2;10.0;43;5
49610;Quakenbrück;-9.4;9.9;24;3
49624;Löningen;-9.1;10.0;25;3
49626;Berge, Bippen;-9.3;9.9;62;3
49632;Essen (Oldenburg);-9.4;9.9;28;3
49635;Badbergen;-9.5;9.9;27;3
49637;Menslage;-9.3;10.0;23;3
49638;Nortrup;-9.3;10.0;27;3
49661;Cloppenburg;-9.1;9.8;46;3
49681;Garrel;-9.5;9.6;22;3
49685;Emstek;-9.7;9.6;59;3
49688;Lastrup;-9.5;9.8;39;3
49692;Cappeln (Oldenburg);-9.6;9.7;36;3
49696;Molbergen;-9.6;9.7;32;3
49699;Lindern (Oldenburg);-9.3;9.8;36;3
49716;Meppen;-8.8;10.1;14;3
49733;Haren;-8.8;10.0;9;3
49740;Haselünne;-9.1;10.1;15;3
49744;Geeste;-9.0;10.1;15;3
49751;Sögel u.a.;-9.3;9.8;48;3
49757;Werlte, Vrees, Lahn;-9.3;9.8;37;3
49762;Sustrum, Lathen u.a.;-9.1;9.9;8;3
49767;Twist;-9.1;10.1;16;3
49770;Herzlake, Dohren;-9.2;10.0;28;3
49774;Lähden;-9.2;10.0;33;3
49777;Stavern;-9.2;9.9;36;3
49779;Oberlangen, Niederlangen;-9.0;9.9;10;3
49808;Lingen;-8.9;10.1;15;3
49809;Lingen;-8.7;10.2;29;3
49811;Lingen;-9.1;9.9;52;3
49824;Ringe, Laar, Emlichheim;-8.8;10.1;15;5
49828;Esche, Georgsdorf, Lage, Neuenhaus, Osterwald;-8.9;10.1;18;5
49832;Andervenne, Beesten, Freren, Messingen, Thuine;-9.3;10.0;39;5
49835;Wietmarschen;-9.0;10.1;21;5
49838;Lengerich u.a.;-9.1;10.0;25;3
49843;Uelsen, Halle, Gölenkamp, Getelo;-9.0;10.0;50;5
49844;Bawinkel;-9.1;10.1;20;3
49846;Hoogstede;-9.0;10.1;16;5
49847;Itterbeck/Wielen;-9.1;10.0;33;5
49849;Wilsum;-9.0;10.0;26;5
50126;Bergheim;-8.6;10.9;59;5
50127;Bergheim;-8.4;10.9;68;5
50129;Bergheim;-8.6;10.7;96;5
50169;Kerpen;-8.6;10.8;83;5
50170;Kerpen;-8.6;10.7;103;5
50171;Kerpen;-8.5;10.8;91;5
50181;Bedburg;-8.6;10.7;87;5
50189;Elsdorf;-8.5;10.9;80;5
50226;Frechen;-8.7;10.8;71;5
50259;Pulheim;-8.5;10.8;55;5
50321;Brühl;-8.4;10.8;85;5
50354;Hürth;-8.5;10.8;99;5
50374;Erftstadt;-8.6;10.8;100;5
50389;Wesseling;-8.0;11.1;57;5
50667;Köln;-7.0;12.0;61;5
50668;Köln;-7.2;11.9;57;5
50670;Köln;-7.7;11.4;54;5
50672;Köln;-7.0;12.1;55;5
50674;Köln;-7.7;11.5;51;5
50676;Köln;-7.0;12.1;49;5
50677;Köln;-7.7;11.4;52;5
50678;Köln;-7.0;12.1;54;5
50679;Köln;-7.7;11.4;42;5
50733;Köln;-7.7;11.4;52;5
50735;Köln;-8.0;11.1;35;5
50737;Köln;-7.7;11.3;50;5
50739;Köln;-7.8;11.3;46;5
50765;Köln;-8.5;10.8;49;5
50767;Köln;-8.1;11.0;47;5
50769;Köln;-8.3;10.9;44;5
50823;Köln;-7.6;11.5;52;5
50825;Köln;-7.7;11.3;50;5
50827;Köln;-7.8;11.2;48;5
50829;Köln;-8.1;11.1;46;5
50858;Köln;-8.2;11.0;59;5
50859;Köln;-8.5;10.9;56;5
50931;Köln;-7.8;11.5;51;5
50933;Köln;-7.8;11.3;51;5
50935;Köln;-8.0;11.3;61;5
50937;Köln;-7.9;11.3;50;5
50939;Köln;-7.8;11.3;55;5
50968;Köln;-7.9;11.3;53;5
50969;Köln;-8.0;11.2;53;5
50996;Köln;-8.0;11.2;47;5
50997;Köln;-8.6;10.8;51;5
50999;Köln;-8.1;11.1;51;5
51061;Köln;-8.1;11.0;47;5
51063;Köln;-8.1;11.2;24;5
51065;Köln;-7.9;11.3;47;5
51067;Köln;-8.2;11.0;47;5
51069;Köln;-8.3;10.9;60;5
51103;Köln;-8.0;11.2;51;5
51105;Köln;-7.9;11.3;49;5
51107;Köln;-8.7;10.8;54;5
51109;Köln;-8.2;10.9;50;5
51143;Köln;-8.7;10.8;54;5
51145;Köln;-8.2;11.0;53;5
51147;Köln;-8.3;10.9;63;5
51149;Köln;-8.4;10.9;51;5
51371;Leverkusen;-8.3;10.9;44;5
51373;Leverkusen;-7.8;11.3;55;5
51375;Leverkusen;-8.4;10.8;72;5
51377;Leverkusen;-8.3;11.0;83;5
51379;Leverkusen;-8.0;11.1;59;5
51381;Leverkusen;-8.5;10.7;108;5
51399;Burscheid;-8.8;10.3;184;5
51427;Bergisch Gladbach;-8.9;10.6;85;5
51429;Bergisch Gladbach;-9.3;10.1;230;5
51465;Bergisch Gladbach;-8.8;10.5;131;5
51467;Bergisch Gladbach;-8.6;10.5;133;5
51469;Bergisch Gladbach;-8.2;11.1;78;5
51491;Overath;-9.3;10.2;170;6
51503;Rösrath;-8.8;10.5;137;5
51515;Kürten;-9.3;10.1;188;6
51519;Odenthal;-9.1;10.2;189;5
51545;Waldbröl;-9.8;9.4;312;6
51570;Windeck;-9.1;10.4;131;6
51580;Reichshof;-10.2;8.9;370;6
51588;Nümbrecht;-9.6;9.7;263;6
51597;Morsbach;-9.7;9.8;231;6
51598;Friesenhagen;-9.8;9.4;303;6
51643;Gummersbach;-9.6;9.9;225;6
51645;Gummersbach;-9.6;9.8;235;6
51647;Gummersbach;-10.0;9.1;345;6
51674;Wiehl;-9.5;10.0;200;6
51688;Wipperfürth;-9.9;9.2;324;6
51702;Bergneustadt;-10.0;9.1;344;6
51709;Marienheide;-10.1;8.9;359;6
51766;Engelskirchen;-9.3;10.2;162;6
51789;Lindlar;-9.3;9.9;224;6
52062;Aachen;-7.1;11.5;171;6
52064;Aachen;-7.8;10.8;211;6
52066;Aachen;-7.8;10.8;211;6
52068;Aachen;-7.8;11.0;185;6
52070;Aachen;-8.1;10.8;152;6
52072;Aachen;-8.6;10.5;169;5
52074;Aachen;-8.5;10.3;224;6
52076;Aachen;-8.8;10.1;270;6
52078;Aachen;-8.4;10.4;238;6
52080;Aachen;-8.7;10.5;181;6
52134;Herzogenrath;-8.3;10.8;112;5
52146;Würselen;-8.8;10.4;181;5
52152;Simmerath;-10.7;8.2;534;6
52156;Monschau;-10.8;8.2;523;6
52159;Roetgen;-9.9;9.0;434;6
52222;Stolberg (Rhld.);-8.7;10.4;204;6
52223;Stolberg (Rhld.);-8.8;10.1;264;6
52224;Stolberg;-8.8;10.0;284;6
52249;Eschweiler;-8.7;10.5;159;5
52349;Düren;-8.0;11.0;127;5
52351;Düren;-8.3;10.9;142;5
52353;Düren;-8.6;10.7;111;5
52355;Düren;-8.7;10.6;139;5
52372;Kreuzau;-8.5;10.6;153;6
52379;Langerwehe;-8.8;10.3;197;5
52382;Niederzier;-8.8;10.7;117;5
52385;Nideggen;-9.1;9.9;286;6
52388;Nörvenich;-8.7;10.7;121;5
52391;Vettweiß;-8.8;10.6;149;5
52393;Hürtgenwald;-9.5;9.3;384;6
52396;Heimbach;-8.9;10.1;253;6
52399;Merzenich;-8.7;10.7;123;5
52428;Jülich;-8.1;10.9;88;5
52441;Linnich;-8.6;10.9;63;5
52445;Titz;-8.6;10.7;91;5
52457;Aldenhoven;-8.7;10.7;108;5
52459;Inden;-8.5;10.8;97;5
52477;Alsdorf;-8.5;10.6;162;5
52499;Baesweiler;-8.7;10.7;114;5
52511;Geilenkirchen;-8.8;10.9;81;5
52525;Waldfeucht, Heinsberg;-8.6;10.9;49;5
52531;Übach-Palenberg;-8.3;10.8;104;5
52538;Gangelt, Selfkant;-8.8;10.8;71;5
53111;Bonn;-7.4;11.7;65;5
53113;Bonn;-8.3;11.0;66;5
53115;Bonn;-7.9;11.3;70;5
53117;Bonn;-8.2;11.1;59;5
53119;Bonn;-8.1;11.0;64;5
53121;Bonn;-8.3;10.9;73;5
53123;Bonn;-8.1;11.0;80;5
53125;Bonn;-8.9;10.3;178;5
53127;Bonn;-8.7;10.5;160;5
53129;Bonn;-8.1;11.2;60;5
53173;Bonn;-8.0;11.3;67;5
53175;Bonn;-8.3;11.1;64;5
53177;Bonn;-9.1;10.3;194;5
53179;Bonn;-8.4;10.8;93;5
53225;Bonn;-8.1;11.1;56;5
53227;Bonn;-8.1;11.1;76;5
53229;Bonn;-8.6;10.7;116;5
53332;Bornheim;-8.8;10.7;82;5
53340;Meckenheim;-9.0;10.3;179;6
53343;Wachtberg;-9.2;10.1;225;5
53347;Alfter;-8.9;10.3;170;5
53359;Rheinbach;-8.8;10.3;195;6
53424;Remagen;-9.0;10.4;175;5
53426;Schalkenbach, Königsfeld, Dedenbach;-9.9;9.4;324;6
53474;Bad Neuenahr-Ahrweiler;-9.6;9.7;301;6
53489;Sinzig;-9.1;10.2;185;5
53498;Bad Breisig, Waldorf, Gönnersdorf;-9.3;10.1;217;5
53501;Grafschaft;-9.2;10.1;220;6
53505;Altenahr, Berg, Kalenborn, Kirchsahr;-10.1;9.3;336;6
53506;Ahrbrück, Heckenbach, Hönningen, Kesseling, Rech;-9.8;9.7;260;6
53507;Dernau;-9.2;10.2;173;6
53508;Mayschoß;-9.2;10.1;197;6
53518;Adenau, Kottenborn u.a.;-10.3;9.1;374;6
53520;Reifferscheid, Kaltenborn, Wershofen u.a.;-11.0;8.4;492;6
53533;Antweiler, Aremberg, Dorsel, Eichenbach, Aremberg, Fuchshofen und Müsch;-10.5;8.9;409;6
53534;Barweiler, Bauler, Hoffeld, Pomster, Wiesemscheid, Wirft;-10.6;8.8;429;6
53539;Bodenbach, Kelberg, Kirsbach u.a.;-11.0;8.4;487;6
53545;Linz am Rhein, Ockenfels;-8.9;10.5;137;5
53547;Breitscheid, Dattenberg, Hausen, Hümmerich, Kasbach-Ohlenberg, Roßbach u;-9.4;10.0;251;5
53557;Bad Hönningen;-9.1;10.3;154;5
53560;Vettelschloß, Kretzhaus (Linz am Rhein);-9.8;9.4;350;5
53562;Sankt Katharinen (Landkreis Neuwied);-9.8;9.5;330;6
53567;Asbach, Buchholz;-9.3;9.9;269;6
53572;Bruchhausen, Unkel;-9.1;10.3;190;5
53577;Neustadt (Wied);-9.3;10.1;220;6
53578;Windhagen;-9.4;9.8;282;6
53579;Erpel;-9.3;10.1;224;5
53604;Bad Honnef;-9.5;9.8;290;5
53619;Rheinbreitbach;-9.0;10.2;202;5
53639;Königswinter;-9.1;10.3;176;5
53721;Siegburg;-9.0;10.5;113;5
53757;Sankt Augustin;-8.1;11.1;68;5
53773;Hennef (Sieg);-9.2;10.2;185;6
53783;Eitorf;-9.0;10.6;130;6
53797;Lohmar;-9.0;10.6;70;5
53804;Much;-9.4;10.1;214;6
53809;Ruppichteroth;-9.3;10.2;186;6
53819;Neunkirchen-Seelscheid;-9.2;10.3;160;6
53840;Troisdorf;-8.2;11.1;61;5
53842;Troisdorf;-9.1;10.6;98;5
53844;Troisdorf;-8.4;10.9;58;5
53859;Niederkassel;-8.9;10.8;55;5
53879;Euskirchen;-8.3;10.7;164;6
53881;Euskirchen;-8.7;10.4;178;6
53894;Mechernich;-9.3;9.8;309;6
53902;Bad Münstereifel;-11.2;8.2;513;6
53909;Zülpich;-8.7;10.5;169;6
53913;Swisttal;-8.8;10.5;139;6
53919;Weilerswist;-8.6;10.6;128;5
53925;Kall;-11.0;8.3;506;6
53937;Schleiden;-11.1;8.2;531;6
53940;Hellenthal;-11.2;8.1;531;6
53945;Blankenheim;-10.5;8.9;403;6
53947;Nettersheim;-11.3;8.1;529;6
53949;Dahlem;-11.6;7.9;565;6
54290;Trier;-8.8;10.7;137;7
54292;Trier;-9.0;10.6;124;7
54293;Trier;-9.4;9.8;295;7
54294;Trier;-9.2;10.3;181;7
54295;Trier;-9.3;10.2;265;7
54296;Trier;-9.5;10.1;234;7
54298;Welschbillig, Igel, Aach;-9.8;9.5;365;7
54306;Kordel;-9.5;9.9;270;7
54308;Langsur;-9.4;10.1;239;7
54309;Newel;-9.8;9.4;381;7
54310;Ralingen;-9.4;10.1;228;7
54311;Trierweiler;-9.4;9.8;293;7
54313;Zemmer;-9.7;9.5;354;7
54314;Zerf;-9.8;9.5;374;7
54316;Pluwig;-9.3;10.1;243;7
54317;Osburg, Gusterath, Farschweiler, Kasel u.a.;-10.4;9.0;449;7
54318;Mertesdorf;-9.3;10.2;192;7
54320;Waldrach;-9.4;9.9;277;7
54329;Konz;-9.3;9.8;300;7
54331;Pellingen;-9.3;9.8;300;7
54332;Wasserliesch;-9.6;9.7;348;7
54338;Schweich;-9.2;10.3;171;7
54340;Leiwen u.a.;-9.5;10.0;246;7
54341;Fell;-9.3;10.2;204;7
54343;Föhren;-9.5;10.1;228;7
54344;Kenn;-9.1;10.3;175;7
54346;Mehring;-9.3;10.2;202;7
54347;Neumagen-Dhron;-9.5;9.9;260;7
54349;Trittenheim;-9.6;9.7;331;7
54411;Deuselbach, Hermeskeil, Rorodt;-11.3;8.5;531;6
54413;Gusenburg;-11.4;8.3;548;6
54421;Reinsfeld;-11.1;8.6;508;6
54422;Neuhütten;-11.8;8.1;581;6
54424;Thalfang;-10.6;9.0;448;6
54426;Malborn;-10.7;8.9;457;6
54427;Kell am See;-11.0;8.7;502;6
54429;Schillingen;-10.8;8.8;483;6
54439;Saarburg;-9.8;9.4;395;7
54441;Ayl, Trassem u.a.;-9.1;10.3;201;7
54450;Freudenburg;-9.8;9.5;380;7
54451;Irsch;-10.1;9.3;411;7
54453;Nittel;-9.5;9.7;334;7
54455;Serrig;-9.0;10.3;190;7
54456;Tawern;-9.3;9.9;288;7
54457;Wincheringen;-9.2;10.0;275;7
54459;Wiltingen;-9.5;9.8;321;7
54470;Bernkastel-Kues u.a.;-9.2;10.4;123;7
54472;Monzelfeld, Hochscheid u.a.;-10.6;8.9;427;6
54483;Kleinich;-10.8;8.7;457;6
54484;Maring-Noviand;-9.3;10.2;178;7
54486;Mülheim (Mosel);-9.3;10.2;186;7
54487;Wintrich;-10.1;9.3;376;7
54492;Zeltingen-Rachtig, Erden, Lösnich u.a.;-9.3;10.3;122;7
54497;Morbach;-10.4;9.2;407;6
54498;Piesport;-9.2;10.4;137;7
54516;Wittlich;-9.3;10.2;178;7
54518;Binsfeld, Heckenmünster;-9.6;9.8;275;7
54523;Hetzerath, Dierscheid, Heckenmünster;-9.3;10.1;200;7
54524;Klausen;-9.4;10.1;217;7
54526;Landscheid;-10.0;9.5;327;7
54528;Salmtal;-9.3;10.2;178;7
54529;Spangdahlem;-10.0;9.4;354;7
54531;Manderscheid;-10.6;8.9;404;6
54533;Bettenfeld, Niederöfflingen u.a.;-10.1;9.5;328;7
54534;Großlittgen;-9.9;9.6;313;7
54536;Kröv;-10.2;9.3;361;7
54538;Bausendorf;-11.1;8.5;467;7
54539;Ürzig;-9.3;10.1;188;7
54550;Daun;-11.2;8.3;500;6
54552;Mehren u.a.;-11.3;8.1;528;6
54558;Gillenfeld;-10.8;8.8;424;7
54568;Gerolstein;-10.5;9.0;393;6
54570;Pelm, Neroth u.a.;-12.4;7.3;662;6
54574;Birresborn;-10.7;8.8;432;6
54576;Hillesheim;-10.7;8.6;454;6
54578;Walsdorf, Nohn u.a.;-11.0;8.3;505;6
54579;Üxheim;-10.5;8.9;403;6
54584;Jünkerath;-10.7;8.6;452;6
54585;Esch;-11.6;7.9;559;6
54586;Schüller;-11.6;7.9;565;6
54587;Lissendorf;-10.6;8.7;435;6
54589;Stadtkyll;-12.0;7.7;601;6
54595;Prüm;-11.5;8.1;542;6
54597;Pronsfeld;-11.5;8.0;547;6
54608;Bleialf;-10.8;8.5;471;6
54610;Büdesheim;-11.3;8.2;523;6
54611;Hallschlag;-11.7;7.8;578;6
54612;Lasel;-10.8;8.7;454;6
54614;Schönecken;-10.5;8.9;422;6
54616;Winterspelt;-10.8;8.3;504;6
54617;Lützkampen;-10.7;8.3;509;6
54619;Üttfeld;-10.8;8.3;512;6
54634;Bitburg;-9.7;9.7;327;7
54636;Rittersdorf u.a.;-9.7;9.6;324;7
54646;Bettingen;-9.6;9.7;314;7
54647;Dudeldorf;-9.8;9.8;282;7
54649;Waxweiler;-10.3;9.0;416;6
54655;Kyllburg;-10.7;8.8;438;6
54657;Badem, Gindorf, Neidenbach;-9.8;9.6;322;6
54662;Speicher;-9.8;9.6;338;7
54664;Preist;-9.6;9.6;329;7
54666;Irrel;-9.2;10.3;182;7
54668;Ferschweiler;-9.2;10.2;189;7
54669;Bollendorf;-9.1;10.3;170;7
54673;Neuerburg u.a.;-10.7;8.6;486;6
54675;Körperich u.a.;-9.6;9.7;319;6
54687;Arzfeld;-10.8;8.6;480;6
54689;Daleiden, Preischeid u.a.;-10.5;8.6;476;6
55116;Mainz;-8.6;11.7;95;12
55118;Mainz;-8.9;11.4;93;12
55120;Mainz;-9.5;11.0;87;12
55122;Mainz;-9.1;11.1;107;12
55124;Mainz;-9.5;10.8;122;12
55126;Mainz;-9.8;10.4;178;12
55127;Mainz;-10.1;10.2;214;12
55128;Mainz;-9.6;10.8;121;12
55129;Mainz Ebersheim, Hechtsheim;-10.0;10.5;167;12
55130;Mainz;-9.5;10.9;88;12
55131;Mainz;-9.0;11.3;123;12
55218;Ingelheim am Rhein;-9.5;10.8;112;12
55232;Alzey;-10.0;10.4;200;12
55234;Albig;-10.1;10.3;212;12
55237;Flonheim;-10.2;10.6;140;12
55239;Gau-Odernheim;-10.1;10.6;144;12
55246;Wiesbaden;-9.6;10.8;98;12
55252;Mainz-Kastel;-9.6;10.9;87;12
55257;Budenheim;-9.8;10.7;128;12
55262;Heidesheim am Rhein;-9.8;10.8;83;12
55263;Wackernheim;-10.2;10.1;223;12
55268;Nieder-Olm;-9.8;10.7;137;12
55270;Ober-Olm;-10.3;10.1;224;12
55271;Stadecken-Elsheim;-10.0;10.7;110;12
55276;Oppenheim;-10.1;10.9;90;12
55278;Mommenheim;-10.1;10.6;159;12
55283;Nierstein;-10.0;10.7;140;12
55286;Wörrstadt;-10.3;10.2;222;12
55288;Armsheim;-10.4;10.0;249;12
55291;Saulheim;-10.0;10.6;149;12
55294;Bodenheim;-9.8;10.8;106;12
55296;Harxheim;-10.0;10.6;137;12
55299;Nackenheim;-10.0;10.7;125;12
55411;Bingen am Rhein;-9.7;10.7;104;12
55413;Weiler bei Bingen;-12.1;7.8;614;7
55422;Bacharach, Breitscheid;-10.5;9.1;379;7
55424;Münster-Sarmsheim;-9.5;10.4;154;12
55425;Waldalgesheim;-10.5;9.1;359;12
55430;Oberwesel;-10.1;9.6;288;7
55432;Niederburg;-11.1;8.5;486;7
55435;Gau-Algesheim;-9.9;10.7;112;12
55437;Ockenheim;-10.1;10.3;196;12
55442;Stromberg;-10.5;9.3;337;6
55444;Seibersbach;-10.6;9.1;365;6
55450;Langenlonsheim;-9.9;10.5;143;12
55452;Guldental;-10.1;9.9;241;12
55457;Gensingen;-10.0;10.7;102;12
55459;Aspisheim, Grolsheim;-10.0;10.6;120;12
55469;Simmern/Hunsrück u.a.;-10.4;9.2;342;6
55471;Tiefenbach u.a.;-10.4;9.3;328;6
55481;Kirchberg u.a.;-10.7;9.0;402;6
55483;Dickenschied u.a.;-10.7;8.9;414;6
55487;Sohren;-10.7;8.9;417;6
55490;Gemünden;-10.5;9.3;321;6
55491;Büchenbeuren;-10.8;8.7;455;6
55494;Rheinböllen;-10.9;8.7;451;6
55496;Argenthal;-11.6;8.2;537;6
55497;Ellern (Hunsrück), Schnorbach;-10.8;8.8;446;6
55499;Riesweiler;-11.0;8.7;458;6
55543;Bad Kreuznach;-10.2;10.1;215;12
55545;Bad Kreuznach;-9.3;11.0;103;12
55546;Hackenheim;-10.2;10.3;180;12
55559;Bretzenheim;-9.9;10.6;131;12
55566;Sobernheim;-10.6;9.2;341;6
55568;Staudernheim;-10.1;9.7;253;12
55569;Monzingen;-10.3;9.5;287;6
55571;Odernheim am Glan;-9.8;9.9;222;12
55576;Sprendlingen;-10.0;10.6;113;12
55578;Wallertheim;-10.1;10.4;163;12
55583;Bad Kreuznach;-10.1;10.3;161;12
55585;Norheim u.a.;-9.9;9.9;237;12
55590;Meisenheim;-9.7;10.2;167;12
55592;Rehborn;-10.1;9.7;265;12
55593;Rüdesheim;-10.1;10.4;145;12
55595;Hargesheim;-10.8;9.0;385;12
55596;Waldböckelheim;-9.8;10.0;198;12
55597;Wöllstein;-10.1;10.5;132;12
55599;Gau-Bickelheim;-10.0;10.5;145;12
55606;Kirn;-10.6;9.3;314;12
55608;Bergen;-11.1;8.7;426;6
55618;Simmertal;-10.7;9.2;344;6
55619;Hennweiler;-10.8;8.8;406;6
55621;Hundsbach;-10.8;9.2;346;12
55624;Rhaunen;-10.5;9.2;350;6
55626;Bundenbach;-10.7;8.9;391;6
55627;Merxheim;-10.2;9.6;256;12
55629;Seesbach;-10.8;8.8;424;6
55743;Idar-Oberstein;-10.8;9.0;359;6
55756;Herrstein;-10.8;8.9;370;6
55758;Niederwörresbach;-11.2;8.5;466;6
55765;Birkenfeld u.a.;-10.7;8.9;416;6
55767;Brücken, Oberbrombach u.a.;-11.2;8.5;483;6
55768;Hoppstädten-Weiersbach;-10.5;9.3;328;6
55774;Baumholder;-10.8;8.9;416;6
55776;Berglangenbach, Ruschberg u.a.;-10.8;9.0;395;6
55777;Berschweiler bei Baumholder;-11.2;8.6;479;6
55779;Heimbach;-10.8;9.0;393;6
56068;Koblenz;-8.1;11.4;74;5
56070;Koblenz;-8.2;11.2;68;5
56072;Koblenz;-9.1;10.3;183;5
56073;Koblenz;-8.5;10.8;173;5
56075;Koblenz;-10.1;9.4;346;5
56076;Koblenz;-9.3;10.0;291;5
56077;Koblenz;-9.3;10.1;246;5
56112;Lahnstein (ohne Exklave);-9.1;10.5;151;7
56130;Bad Ems;-9.0;10.4;134;7
56132;Dausenau, Nievern;-9.1;10.5;117;7
56133;Fachbach, Exklave Lahnstein;-9.6;9.9;258;7
56154;Boppard;-10.4;9.0;405;7
56170;Bendorf;-9.3;10.1;246;5
56179;Vallendar;-9.2;10.3;189;5
56182;Urbar (bei Koblenz);-8.8;10.7;127;5
56191;Weitersburg;-9.0;10.4;168;5
56203;Höhr-Grenzhausen;-9.5;10.1;261;5
56204;Hillscheid;-10.2;9.1;389;7
56206;Hilgert;-9.8;9.7;308;6
56218;Mülheim-Kärlich;-9.0;10.7;101;5
56220;Urmitz;-9.0;10.4;175;5
56235;Ransbach-Baumbach;-9.7;9.8;306;6
56237;Nauort;-9.9;9.6;321;6
56242;Selters (Westerwald);-9.5;9.9;259;6
56244;Freilingen, Freirachdorf u.a.;-10.0;9.5;322;6
56249;Herschbach;-10.2;9.2;356;6
56253;Treis-Karden;-9.7;9.8;266;7
56254;Müden;-9.5;9.9;238;7
56269;Dierdorf;-9.3;10.0;233;6
56271;Kleinmaischeid;-9.5;9.7;291;6
56276;Großmaischeid;-9.6;9.8;283;6
56281;Emmelshausen;-10.8;8.7;455;7
56283;Wildenbungert, Gondershausen, Nörtershausen u.a.;-10.1;9.5;322;7
56288;Kastellaun;-11.2;8.5;491;6
56290;Beltheim;-10.1;9.4;332;7
56291;Leiningen;-11.3;8.3;521;6
56294;Münstermaifeld;-9.7;9.8;270;5
56295;Lonnig;-9.6;9.9;258;5
56299;Ochtendung;-9.6;10.1;203;5
56305;Puderbach;-9.4;10.0;232;6
56307;Dürrholz;-10.1;9.3;353;6
56316;Raubach;-9.4;10.0;228;6
56317;Urbach;-10.0;9.4;336;6
56321;Rhens;-9.3;10.1;229;7
56322;Spay;-9.2;10.2;198;7
56323;Waldesch, Hünenfeld;-10.1;9.3;355;7
56329;Sankt Goar;-10.0;9.7;286;7
56330;Kobern-Gondorf;-9.2;10.2;192;5
56332;Lehmen, Niederfell, Oberfell, Wolken u.a.;-9.4;10.1;224;7
56333;Winningen;-9.2;10.2;206;5
56335;Neuhäusel;-9.7;9.8;284;7
56337;Eitelborn;-9.7;9.8;280;7
56338;Braubach;-10.1;9.2;370;7
56340;Osterspai;-10.2;9.2;371;7
56341;Kamp-Bornhofen-Filsen;-9.8;9.8;289;7
56346;Sankt Goarshausen;-10.0;9.6;309;7
56348;Bornich, Patersberg;-10.0;9.7;278;7
56349;Kaub;-10.3;9.1;374;7
56355;Nastätten u.a.;-9.8;9.7;277;7
56357;Miehlen u.a.;-10.2;9.3;353;7
56368;Katzenelnbogen;-10.0;9.7;268;7
56370;Schönborn;-10.0;9.7;268;7
56377;Nassau;-9.3;10.3;154;7
56379;Singhofen;-9.3;10.3;143;7
56410;Montabaur;-9.8;9.7;264;6
56412;Nentershausen, Hübingen, Niederelbert u.a.;-9.8;9.8;234;6
56414;Meudt, Molsberg, Hundsangen, Niederahr u.a.;-10.3;9.4;310;6
56422;Wirges, Stadt;-9.8;9.7;288;6
56424;Mogendorf, Ebernhahn, Staudt u.a.;-9.8;9.8;265;6
56427;Siershahn;-9.8;9.7;299;6
56428;Dernbach (Westerwald);-10.1;9.3;352;6
56457;Westerburg;-10.5;8.8;415;6
56459;Bellingen, Kölbingen, Gemünden etc;-10.8;8.4;478;6
56462;Höhn;-11.0;8.1;515;6
56470;Bad Marienberg (Westerwald);-10.9;8.2;496;6
56472;Nisterau u.a.;-11.0;8.1;511;6
56477;Rennerod, Zehnhausen, Nister-Möhrendorf, Waigandshain;-11.0;8.1;513;6
56479;Oberrod u.a.;-11.0;8.1;507;6
56564;Neuwied;-8.1;11.4;69;5
56566;Neuwied;-9.2;10.7;85;5
56567;Neuwied;-9.0;10.5;143;5
56575;Weißenthurm;-8.4;11.0;92;5
56579;Rengsdorf;-9.7;9.8;291;6
56581;Melsbach;-10.0;9.5;331;6
56584;Anhausen;-10.1;9.4;340;6
56587;Straßenhaus;-10.0;9.4;342;6
56588;Waldbreitbach, Hasuen;-9.2;10.4;140;6
56589;Niederbreitbach;-9.1;10.5;96;5
56593;Horhausen (Westerwald);-9.5;9.7;299;6
56594;Willroth;-10.2;9.1;395;6
56598;Rheinbrohl;-9.7;9.7;291;5
56599;Leutesdorf;-9.5;10.1;220;5
56626;Andernach;-9.3;10.3;178;5
56630;Kretz;-9.2;10.5;126;5
56637;Plaidt;-9.1;10.6;108;5
56642;Kruft;-9.4;10.3;164;5
56645;Nickenich;-9.5;10.1;206;5
56648;Saffig;-9.1;10.4;162;5
56651;Niederzissen;-9.9;9.4;325;6
56653;Wehr;-9.8;9.6;297;6
56656;Brohl-Lützing;-9.3;10.1;208;5
56659;Burgbrohl;-9.3;10.1;202;6
56727;Mayen;-10.6;8.8;431;6
56729;Ettringen;-11.0;8.4;486;6
56736;Kottenheim;-9.6;10.1;199;6
56743;Mendig;-9.5;10.0;256;6
56745;Bell;-10.6;8.9;406;6
56746;Kempenich;-11.3;8.1;527;6
56751;Polch;-9.5;10.0;225;5
56753;Mertloch, Welling u.a.;-9.5;10.0;212;6
56754;Binningen;-9.6;9.8;250;7
56759;Kaisersesch;-11.5;8.0;541;6
56761;Düngenheim;-11.1;8.5;461;6
56766;Ulmen;-11.1;8.5;459;6
56767;Uersfeld;-10.9;8.6;446;6
56769;Retterath;-11.5;8.0;544;6
56812;Cochem;-9.3;10.4;96;7
56814;Ediger-Eller;-9.3;10.4;96;7
56818;Klotten;-10.3;9.3;339;7
56820;Senheim;-9.3;10.0;212;7
56821;Ellenz-Poltersdorf;-9.3;10.4;100;7
56823;Büchel;-11.1;8.5;465;6
56825;Gevenich;-10.8;8.7;426;7
56826;Lutzerath;-10.7;8.8;412;7
56828;Alflen;-11.0;8.6;446;6
56829;Pommern;-9.8;9.7;280;7
56841;Traben-Trarbach;-9.2;10.4;101;7
56843;Irmenach;-10.4;9.1;387;6
56850;Enkirch u.a.;-10.2;9.2;368;7
56856;Zell (Mosel);-9.7;9.8;258;7
56858;Peterswald-Löffelscheid u.a.;-10.5;9.0;393;7
56859;Bullay, Alf, Zell;-9.6;9.9;228;7
56861;Reil;-10.1;9.4;339;7
56862;Pünderich;-9.4;10.4;92;7
56864;Bad Bertrich;-10.3;9.1;369;7
56865;Blankenrath u.a.;-10.8;8.8;439;7
56867;Briedel;-10.5;9.1;385;7
56869;Mastershausen;-10.8;8.7;454;6
57072;Siegen;-10.2;9.1;365;6
57074;Siegen;-9.9;9.4;304;6
57076;Siegen;-9.3;10.0;252;6
57078;Siegen;-10.1;9.2;342;6
57080;Siegen;-9.6;9.7;273;6
57223;Kreuztal;-10.5;8.9;370;6
57234;Wilnsdorf;-10.7;8.6;424;6
57250;Netphen;-11.0;8.5;428;6
57258;Freudenberg;-10.1;9.2;337;6
57271;Hilchenbach;-10.9;8.5;428;6
57290;Neunkirchen;-9.8;9.6;275;6
57299;Burbach;-11.1;8.0;515;6
57319;Bad Berleburg;-12.3;7.4;593;6
57334;Bad Laasphe;-11.7;8.0;497;6
57339;Erndtebrück;-11.8;7.8;527;6
57368;Lennestadt;-11.3;7.8;532;6
57392;Schmallenberg;-11.1;8.3;455;6
57399;Kirchhundem;-10.4;8.8;374;6
57413;Finnentrop;-10.6;8.6;400;6
57439;Attendorn;-9.8;9.4;262;6
57462;Olpe;-10.2;9.0;347;6
57482;Wenden;-10.5;8.7;415;6
57489;Drolshagen;-10.5;8.6;409;6
57518;Betzdorf;-9.9;9.3;330;6
57520;Emmerzhausen, Niederdreisbach, Steinebach;-10.8;8.4;468;6
57537;Wissen, Hövels u.a.;-9.3;10.1;205;6
57539;Fürthen;-9.3;10.0;242;6
57548;Kirchen (Sieg);-9.8;9.4;300;6
57555;Mudersbach;-9.4;9.9;213;6
57562;Herdorf;-9.7;9.6;263;6
57567;Daaden;-10.0;9.3;300;6
57572;Niederfischbach;-10.0;9.4;296;6
57577;Hamm (Sieg);-9.2;10.2;177;6
57578;Elkenroth;-10.6;8.4;454;6
57580;Gebhardshain;-10.1;9.0;372;6
57581;Katzwinkel (Sieg);-9.7;9.8;239;6
57583;Nauroth;-10.3;8.8;402;6
57584;Scheuerfeld;-9.3;10.1;188;6
57586;Weitefeld;-10.9;8.3;471;6
57587;Birken-Honigsessen;-9.8;9.5;290;6
57589;Pracht;-9.3;10.0;226;6
57610;Altenkirchen (Westerwald);-9.6;9.9;258;6
57612;Birnbach;-9.5;9.9;250;6
57614;Steimel;-9.9;9.4;327;6
57627;Hachenburg;-10.1;9.3;338;6
57629;Malberg, Norken, Höchstenbach u.a.;-10.1;9.3;338;6
57632;Flammersfeld;-9.6;9.8;286;6
57635;Weyerbusch;-9.4;9.8;265;6
57636;Mammelzen;-9.6;9.8;268;6
57638;Neitersen;-9.3;10.1;199;6
57639;Oberdreis;-9.9;9.4;329;6
57641;Oberlahr;-9.2;10.3;169;6
57642;Alpenrod;-10.3;8.7;412;6
57644;Hattert;-9.9;9.4;318;6
57645;Nister;-10.1;9.0;372;6
57647;Nistertal, Enspel;-10.1;9.2;325;6
57648;Unnau;-10.3;8.7;411;6
58089;Hagen;-8.5;10.5;126;6
58091;Hagen;-9.2;9.8;171;6
58093;Hagen;-8.8;10.3;132;6
58095;Hagen;-8.2;10.8;135;6
58097;Hagen;-8.3;10.6;147;6
58099;Hagen;-8.7;10.4;102;6
58119;Hagen;-9.0;10.1;179;6
58135;Hagen;-9.7;9.3;310;6
58239;Schwerte;-9.2;10.2;116;6
58256;Ennepetal;-10.0;9.0;341;6
58285;Gevelsberg;-9.0;9.9;210;6
58300;Wetter (Ruhr);-8.7;10.3;125;5
58313;Herdecke;-9.1;9.9;233;5
58332;Schwelm;-8.8;10.2;228;6
58339;Breckerfeld;-10.3;8.7;377;6
58452;Witten;-8.4;10.5;114;5
58453;Witten;-8.8;10.2;189;5
58454;Witten;-8.5;10.5;99;5
58455;Witten;-8.3;10.6;121;5
58456;Witten;-8.8;10.1;195;5
58507;Lüdenscheid;-9.7;9.0;412;6
58509;Lüdenscheid;-9.9;8.8;411;6
58511;Lüdenscheid;-9.8;8.9;403;6
58513;Lüdenscheid;-10.4;8.6;384;6
58515;Lüdenscheid;-10.2;8.8;370;6
58540;Meinerzhagen;-10.8;8.3;451;6
58553;Halver;-10.3;8.6;408;6
58566;Kierspe;-10.5;8.6;405;6
58579;Schalksmühle;-10.3;8.8;349;6
58636;Iserlohn;-9.5;9.7;227;6
58638;Iserlohn;-9.5;9.5;271;6
58640;Iserlohn;-9.3;10.0;153;6
58642;Iserlohn;-9.1;10.0;139;6
58644;Iserlohn;-10.1;9.0;312;6
58675;Hemer;-10.0;9.1;331;6
58706;Menden;-9.3;10.2;161;6
58708;Menden;-9.3;10.1;209;6
58710;Menden;-9.5;9.9;158;6
58730;Fröndenberg/Ruhr;-9.8;9.7;219;5
58739;Wickede (Ruhr);-9.6;10.1;138;5
58762;Altena;-9.3;9.7;172;6
58769;Nachrodt-Wiblingwerde;-10.8;8.3;451;6
58791;Werdohl;-9.6;9.5;235;6
58802;Balve;-9.7;9.4;235;6
58809;Neuenrade;-10.4;8.7;378;6
58840;Plettenberg;-10.2;8.9;353;6
58849;Herscheid;-10.6;8.4;421;6
59063;Hamm;-9.0;10.8;65;5
59065;Hamm;-9.0;10.8;65;5
59067;Hamm;-9.1;10.7;60;5
59069;Hamm;-9.6;10.2;93;5
59071;Hamm;-9.7;10.2;79;5
59073;Hamm;-9.6;10.2;72;5
59075;Hamm;-9.5;10.2;92;5
59077;Hamm;-9.6;10.3;62;5
59174;Kamen;-9.1;10.6;67;5
59192;Bergkamen;-9.3;10.4;81;5
59199;Bönen;-9.6;10.3;69;5
59227;Ahlen;-9.7;10.2;75;5
59229;Ahlen;-9.7;10.2;83;5
59269;Beckum;-9.8;10.1;117;5
59302;Oelde;-10.1;10.0;126;5
59320;Ennigerloh;-10.0;10.0;119;5
59329;Wadersloh;-10.0;10.1;79;5
59348;Lüdinghausen;-9.0;10.3;72;5
59368;Werne;-9.1;10.4;64;5
59379;Selm;-9.1;10.3;92;5
59387;Ascheberg;-9.6;10.2;62;5
59394;Nordkirchen;-9.4;10.3;61;5
59399;Olfen;-9.0;10.3;50;5
59423;Unna;-9.4;10.2;130;5
59425;Unna;-9.1;10.7;76;5
59427;Unna;-9.6;10.1;117;5
59439;Holzwickede;-9.3;10.0;182;5
59457;Werl;-9.5;10.3;83;5
59469;Ense;-9.7;9.8;199;5
59494;Soest;-9.4;10.3;102;5
59505;Bad Sassendorf;-9.9;10.1;103;5
59510;Lippetal;-9.9;10.2;81;5
59514;Welver;-9.7;10.2;77;5
59519;Möhnesee;-10.0;9.7;208;6
59555;Lippstadt;-9.3;10.6;76;5
59556;Lippstadt;-9.9;10.2;70;5
59557;Lippstadt;-9.5;10.3;85;5
59558;Lippstadt;-9.8;10.2;76;5
59581;Warstein;-10.8;8.5;407;6
59590;Geseke;-10.1;10.0;110;5
59597;Erwitte;-9.9;10.1;101;5
59602;Rüthen;-11.0;8.7;361;6
59609;Anröchte;-10.3;9.5;231;6
59755;Arnsberg;-9.6;9.9;179;6
59757;Arnsberg;-10.0;9.4;269;6
59759;Arnsberg;-9.7;9.9;165;6
59821;Arnsberg;-9.6;9.8;188;6
59823;Arnsberg;-10.6;8.6;388;6
59846;Sundern;-10.3;8.9;348;6
59872;Meschede;-10.5;8.7;371;6
59889;Eslohe;-10.3;8.9;343;6
59909;Bestwig;-10.5;8.8;341;6
59929;Brilon;-11.3;8.4;411;6
59939;Olsberg;-11.5;8.0;485;6
59955;Winterberg;-13.2;6.8;673;6
59964;Medebach;-11.8;8.1;448;6
59969;Bromskirchen, Hallenberg;-12.1;7.7;527;6
60311;Frankfurt am Main;-9.2;11.2;101;12
60313;Frankfurt am Main;-8.3;11.8;108;12
60314;Frankfurt am Main;-9.3;11.2;101;12
60316;Frankfurt am Main;-9.2;11.3;110;12
60318;Frankfurt am Main;-8.3;11.7;126;12
60320;Frankfurt am Main;-9.2;11.2;125;12
60322;Frankfurt am Main;-9.1;11.3;118;12
60323;Frankfurt am Main;-9.7;11.0;106;12
60325;Frankfurt am Main;-9.1;11.3;106;12
60326;Frankfurt am Main;-9.2;11.1;96;12
60327;Frankfurt am Main;-9.1;11.3;100;12
60329;Frankfurt am Main;-8.3;11.8;104;12
60385;Frankfurt am Main;-9.3;11.1;118;12
60386;Frankfurt am Main;-9.6;11.1;102;12
60388;Frankfurt am Main;-10.1;10.5;154;12
60389;Frankfurt am Main;-9.8;10.7;146;12
60431;Frankfurt am Main;-9.6;11.0;102;12
60433;Frankfurt am Main;-9.7;10.8;119;12
60435;Frankfurt am Main;-10.0;10.6;145;12
60437;Frankfurt am Main;-10.0;10.6;138;12
60438;Frankfurt am Main;-10.0;10.5;141;12
60439;Frankfurt am Main;-9.6;10.8;125;12
60486;Frankfurt am Main;-9.2;11.2;114;12
60487;Frankfurt am Main;-9.1;11.3;112;12
60488;Frankfurt am Main;-9.5;11.0;101;12
60489;Frankfurt am Main;-9.3;11.1;103;12
60528;Frankfurt am Main;-9.8;10.8;111;12
60529;Frankfurt am Main;-9.8;10.8;93;12
60549;Frankfurt am Main;-9.5;11.0;114;12
60594;Frankfurt am Main;-9.2;11.2;101;12
60596;Frankfurt am Main;-9.2;11.3;102;12
60598;Frankfurt am Main;-10.0;10.7;123;12
60599;Frankfurt am Main;-10.0;10.6;157;12
61118;Bad Vilbel;-10.0;10.7;111;12
61130;Nidderau;-10.3;10.3;161;12
61137;Schöneck;-10.2;10.5;138;12
61138;Niederdorfelden;-10.3;10.5;133;12
61169;Friedberg (Hessen);-10.2;10.3;160;12
61184;Karben;-10.1;10.6;124;12
61191;Rosbach v.d, Höhe;-10.4;10.0;201;12
61194;Niddatal;-10.3;10.4;132;12
61197;Florstadt;-10.4;10.3;137;12
61200;Wölfersheim;-10.6;10.1;147;12
61203;Reichelsheim (Wetterau);-10.5;10.3;133;12
61206;Wöllstadt;-10.3;10.4;131;12
61209;Echzell;-10.5;10.2;131;12
61231;Bad Nauheim;-10.6;10.2;138;12
61239;Ober-Mörlen;-10.7;9.5;249;7
61250;Usingen;-11.1;9.1;341;7
61267;Neu-Anspach;-11.0;9.2;343;7
61273;Wehrheim;-11.0;9.3;317;7
61276;Weilrod;-11.1;8.7;447;7
61279;Grävenwiesbach;-11.0;9.0;344;7
61348;Bad Homburg v.d, Höhe;-9.8;10.4;192;12
61350;Bad Homburg v.d, Höhe;-10.7;9.6;281;7
61352;Bad Homburg v.d, Höhe;-9.9;10.5;147;12
61381;Friedrichsdorf;-10.7;9.5;298;7
61389;Schmitten;-11.2;8.6;479;10
61440;Oberursel (Taunus);-10.4;9.8;264;7
61449;Steinbach (Taunus);-10.1;10.3;182;12
61462;Königstein im Taunus;-10.9;9.0;413;7
61476;Kronberg im Taunus;-10.5;9.8;272;7
61479;Glashütten;-11.3;8.6;489;7
63065;Offenbach am Main;-9.6;11.1;103;12
63067;Offenbach am Main;-9.5;11.2;103;12
63069;Offenbach am Main;-10.3;10.6;132;12
63071;Offenbach am Main;-10.0;10.7;134;12
63073;Offenbach am Main;-10.3;10.6;126;12
63075;Offenbach am Main;-10.0;10.8;101;12
63110;Rodgau;-10.2;10.7;126;12
63128;Dietzenbach;-10.1;10.6;147;12
63150;Heusenstamm;-10.3;10.6;133;12
63165;Mühlheim am Main;-10.3;10.7;116;12
63179;Obertshausen;-10.3;10.7;117;12
63225;Langen;-9.8;10.8;130;12
63263;Neu-Isenburg;-9.8;10.8;124;12
63303;Dreieich;-10.1;10.5;167;12
63322;Rödermark;-10.3;10.6;158;12
63329;Egelsbach;-9.8;10.8;118;12
63450;Hanau;-9.4;11.3;107;12
63452;Hanau;-9.9;10.9;106;12
63454;Hanau;-10.1;10.7;115;12
63456;Hanau;-10.2;10.8;101;12
63457;Hanau;-10.3;10.7;118;12
63477;Maintal;-10.3;10.6;137;12
63486;Bruchköbel;-10.3;10.6;114;12
63500;Seligenstadt;-10.2;10.7;116;12
63505;Langenselbold;-10.4;10.5;137;12
63512;Hainburg;-10.2;10.7;106;12
63517;Rodenbach;-10.5;10.5;141;12
63526;Erlensee;-10.0;10.7;113;12
63533;Mainhausen;-10.4;10.6;124;12
63538;Großkrotzenburg;-9.9;10.9;110;12
63543;Neuberg;-10.5;10.2;178;12
63546;Hammersbach;-10.4;10.4;145;12
63549;Ronneburg;-10.5;10.2;165;12
63571;Gelnhausen;-10.8;10.0;210;12
63579;Freigericht;-10.7;10.1;200;12
63584;Gründau;-10.9;9.8;219;12
63589;Linsengericht;-10.8;10.0;187;12
63594;Hasselroth;-10.4;10.4;145;12
63599;Biebergemünd;-11.9;8.5;443;12
63607;Wächtersbach;-11.4;9.2;312;7
63619;Bad Orb;-11.3;9.6;247;12
63628;Bad Soden-Salmünster;-11.5;9.2;307;12
63633;Birstein;-11.5;8.7;368;7
63636;Brachttal;-10.7;10.0;176;7
63637;Jossgrund;-12.0;8.5;441;6
63639;Flörsbachtal;-12.1;8.5;444;6
63654;Büdingen;-10.5;10.4;132;12
63667;Nidda;-10.5;10.1;132;7
63674;Altenstadt;-10.3;10.4;123;12
63679;Schotten;-11.6;8.3;445;7
63683;Ortenberg;-11.0;9.3;279;7
63688;Gedern;-11.5;8.6;394;7
63691;Ranstadt;-10.5;10.2;136;12
63694;Limeshain;-10.6;10.1;178;12
63695;Glauburg;-10.5;10.3;124;12
63697;Hirzenhain;-11.3;9.0;316;7
63699;Kefenrod;-11.3;9.2;300;7
63739;Aschaffenburg;-10.1;10.7;165;12
63741;Aschaffenburg;-9.8;11.0;117;12
63743;Aschaffenburg;-10.7;10.2;180;12
63755;Alzenau;-10.5;10.4;153;12
63762;Großostheim;-10.3;10.6;145;12
63768;Hösbach;-11.0;10.1;198;12
63773;Goldbach;-10.6;10.2;206;12
63776;Mömbris;-11.1;9.7;240;12
63785;Obernburg a.Main;-10.5;10.6;130;12
63791;Karlstein am Main;-10.3;10.7;113;12
63796;Kahl am Main;-10.3;10.7;114;12
63801;Kleinostheim;-10.4;10.7;113;12
63808;Haibach;-11.0;9.5;291;12
63811;Stockstadt am Main;-10.3;10.6;140;12
63814;Mainaschaff;-10.3;10.7;117;12
63820;Elsenfeld;-10.8;10.3;164;12
63825;Schöllkrippen, Blankenbach;-11.5;9.3;291;6
63826;Geiselbach;-11.2;9.5;268;12
63828;Kleinkahl;-11.3;9.7;241;6
63829;Krombach;-11.3;9.5;277;12
63831;Wiesen, Wiesener Forst;-12.0;8.6;434;6
63834;Sulzbach am Main;-10.7;10.3;166;12
63839;Kleinwallstadt;-10.6;10.4;169;12
63840;Hausen;-10.9;10.0;213;12
63843;Niedernberg;-10.5;10.6;121;12
63846;Laufach;-11.3;9.6;243;6
63849;Leidersbach;-11.3;9.6;269;12
63853;Mömlingen;-10.5;10.4;149;12
63856;Bessenbach;-11.1;9.9;221;12
63857;Waldaschaff, Waldaschaffer Forst;-11.7;9.0;355;6
63860;Rothenbuch, Rothenbucher Forst;-11.9;8.8;383;6
63863;Eschau;-11.3;9.4;299;12
63864;Glattbach;-10.9;10.0;223;12
63867;Johannesberg;-11.4;9.1;344;12
63868;Großwallstadt;-10.6;10.5;145;12
63869;Heigenbrücken;-11.7;8.9;363;6
63871;Heinrichsthal;-11.8;8.7;416;6
63872;Heimbuchenthal;-11.3;9.5;283;6
63874;Dammbach;-11.6;9.3;330;6
63875;Mespelbrunn;-11.9;8.9;411;6
63877;Sailauf;-11.4;9.3;297;12
63879;Weibersbrunn, Rohrbrunner Forst;-11.8;9.0;372;6
63897;Miltenberg;-11.5;9.3;385;12
63906;Erlenbach a.Main;-10.6;10.3;177;12
63911;Klingenberg a, Main;-10.7;10.5;136;12
63916;Amorbach;-11.1;9.7;276;6
63920;Großheubach;-10.4;10.5;148;12
63924;Kleinheubach, Rüdenau;-11.7;9.3;371;12
63925;Laudenbach;-11.0;9.9;228;12
63927;Bürgstadt;-11.7;9.1;411;12
63928;Eichenbühl;-11.1;9.8;253;13
63930;Neunkirchen;-11.5;9.3;341;13
63931;Kirchzell;-11.1;9.8;264;6
63933;Mönchberg;-11.1;9.9;221;12
63934;Röllbach;-11.1;9.8;247;12
63936;Schneeberg;-11.8;8.9;457;6
63937;Weilbach;-10.8;10.2;181;6
63939;Wörth a.Main;-11.0;9.8;255;12
64283;Darmstadt;-8.9;11.4;144;12
64285;Darmstadt;-9.8;10.8;164;12
64287;Darmstadt;-10.2;10.6;163;6
64289;Darmstadt;-10.0;10.7;145;12
64291;Darmstadt;-10.0;10.6;150;12
64293;Darmstadt;-9.5;11.1;123;12
64295;Darmstadt;-10.0;10.8;126;12
64297;Darmstadt;-10.1;10.7;140;12
64319;Pfungstadt;-10.1;10.9;98;12
64331;Weiterstadt;-9.8;10.9;106;12
64342;Seeheim-Jugenheim;-10.3;10.4;204;6
64347;Griesheim;-9.9;11.0;100;12
64354;Reinheim;-10.4;10.5;185;6
64367;Mühltal;-10.5;10.1;246;6
64372;Ober-Ramstadt;-10.6;10.2;233;6
64380;Roßdorf;-10.3;10.5;167;6
64385;Reichelsheim (Odenwald);-10.8;9.6;313;6
64390;Erzhausen;-9.8;10.8;111;12
64395;Brensbach;-10.6;10.0;239;6
64397;Modautal;-11.0;9.4;356;6
64401;Groß-Bieberau;-10.6;10.2;207;6
64404;Bickenbach;-10.4;10.9;96;12
64405;Fischbachtal;-10.7;10.0;240;6
64407;Fränkisch-Crumbach;-10.5;10.1;231;6
64409;Messel;-10.2;10.5;176;6
64521;Groß-Gerau;-9.7;10.9;93;12
64546;Mörfelden-Walldorf;-9.7;10.9;102;12
64560;Riedstadt;-10.0;11.0;89;12
64569;Nauheim;-9.7;10.9;89;12
64572;Büttelborn;-9.7;10.9;91;12
64579;Gernsheim;-10.3;10.9;89;12
64584;Biebesheim am Rhein;-10.2;11.0;88;12
64589;Stockstadt am Rhein;-10.1;10.9;88;12
64625;Bensheim;-10.3;10.4;192;12
64646;Heppenheim (Bergstraße);-10.4;10.1;264;6
64653;Lorsch;-10.6;11.0;94;12
64658;Fürth;-10.3;10.4;210;6
64665;Alsbach-Hähnlein;-10.5;10.9;93;12
64668;Rimbach;-10.1;10.5;197;6
64673;Zwingenberg;-10.5;10.9;94;12
64678;Lindenfels;-11.8;8.7;493;6
64683;Einhausen;-10.7;10.9;91;12
64686;Lautertal (Odenwald);-10.6;9.8;299;6
64689;Grasellenbach;-11.8;8.7;491;6
64711;Erbach;-10.8;9.9;255;6
64720;Michelstadt;-11.6;9.2;398;6
64732;Bad König;-10.9;10.0;236;6
64739;Höchst i, Odw.;-10.8;9.7;281;6
64743;Beerfelden;-11.7;8.9;455;6
64747;Breuberg;-10.7;10.1;202;6
64750;Lützelbach;-10.9;9.6;291;6
64753;Brombachtal;-11.0;9.5;314;6
64754;Hesseneck;-11.3;9.6;341;6
64756;Mossautal;-11.3;9.2;392;6
64757;Rothenberg;-11.1;9.4;370;6
64759;Sensbachtal;-11.6;9.0;438;6
64807;Dieburg;-10.3;10.6;146;12
64823;Groß-Umstadt;-10.5;10.2;217;12
64832;Babenhausen;-10.1;10.8;128;12
64839;Münster;-10.3;10.6;156;12
64846;Groß-Zimmern;-10.3;10.6;147;6
64850;Schaafheim;-11.0;9.9;244;12
64853;Otzberg;-10.6;10.0;233;6
64859;Eppertshausen;-10.3;10.5;165;12
65183;Wiesbaden;-8.8;11.5;125;12
65185;Wiesbaden;-8.4;11.7;118;12
65187;Wiesbaden;-9.3;10.9;118;12
65189;Wiesbaden;-9.0;11.1;146;12
65191;Wiesbaden;-9.5;10.5;207;12
65193;Wiesbaden;-10.4;9.8;282;12
65195;Wiesbaden;-10.5;9.6;288;12
65197;Wiesbaden;-9.5;10.6;163;12
65199;Wiesbaden;-10.5;9.7;287;12
65201;Wiesbaden;-9.9;10.3;177;12
65203;Wiesbaden;-9.1;11.1;91;12
65205;Wiesbaden;-9.8;10.6;147;12
65207;Wiesbaden;-10.4;9.8;267;12
65232;Taunusstein;-10.8;9.0;406;7
65239;Hochheim am Main;-9.8;10.7;124;12
65307;Bad Schwalbach;-10.9;8.8;435;7
65321;Heidenrod;-10.9;8.7;460;7
65326;Aarbergen;-10.1;9.8;246;7
65329;Hohenstein;-10.5;9.5;306;7
65343;Eltville am Rhein;-10.0;10.4;171;12
65344;Eltville am Rhein;-10.5;9.6;300;12
65345;Eltville am Rhein;-10.3;9.7;286;12
65346;Eltville am Rhein;-10.0;10.4;167;12
65347;Eltville am Rhein;-10.3;9.5;317;12
65366;Geisenheim;-10.3;9.4;320;7
65375;Oestrich-Winkel;-11.5;8.2;542;7
65385;Rüdesheim am Rhein;-10.8;8.8;440;7
65388;Schlangenbad;-11.1;8.7;467;7
65391;Lorch;-10.6;9.0;397;7
65396;Walluf;-9.8;10.7;124;12
65399;Kiedrich;-10.3;9.6;293;12
65428;Rüsselsheim;-9.3;11.0;91;12
65439;Flörsheim am Main;-9.8;10.7;132;12
65451;Kelsterbach;-9.5;11.0;100;12
65462;Ginsheim-Gustavsburg;-9.7;10.9;85;12
65468;Trebur;-9.9;10.9;84;12
65474;Bischofsheim;-9.7;10.9;88;12
65479;Raunheim;-9.8;10.9;91;12
65510;Hünstetten, Idstein;-10.6;9.3;321;7
65520;Bad Camberg;-10.6;9.3;312;7
65527;Niedernhausen;-10.7;9.3;353;7
65529;Waldems;-10.8;8.9;426;7
65549;Limburg;-9.3;10.6;146;7
65550;Limburg;-9.9;10.0;182;7
65551;Limburg;-10.0;10.0;146;7
65552;Limburg;-9.9;10.0;162;7
65553;Limburg;-10.0;10.0;169;7
65554;Limburg;-10.1;9.9;183;7
65555;Limburg;-10.0;9.9;192;7
65556;Limburg;-9.7;10.1;166;7
65558;Burgschwalbach;-10.1;9.7;258;7
65582;Diez, Hambach, Aull;-9.6;10.1;186;7
65589;Hadamar;-10.1;9.9;169;6
65594;Runkel;-10.1;10.0;136;7
65597;Hünfelden;-10.1;9.7;227;7
65599;Dornburg;-10.2;9.6;238;6
65604;Elz;-9.9;10.0;163;7
65606;Villmar;-10.3;9.8;173;7
65611;Brechen;-10.0;10.1;140;7
65614;Beselich;-10.5;9.5;248;6
65618;Selters;-10.5;9.6;245;7
65620;Waldbrunn;-10.7;9.1;330;6
65623;Hahnstätten u.a.;-9.8;9.9;203;7
65624;Altendiez;-9.8;9.9;213;7
65626;Birlenbach;-9.6;10.1;167;7
65627;Elbtal;-10.3;9.6;228;6
65629;Niederneisen;-9.8;10.1;166;7
65719;Hofheim am Taunus;-10.5;9.7;292;12
65760;Eschborn;-10.0;10.5;153;12
65779;Kelkheim;-10.3;10.0;242;7
65795;Hattersheim;-9.8;10.8;97;12
65812;Bad Soden am Taunus;-10.2;10.1;224;7
65817;Eppstein;-10.7;9.5;305;7
65824;Schwalbach am Taunus;-9.5;10.7;149;7
65830;Kriftel;-9.5;10.9;111;12
65835;Liederbach am Taunus;-9.8;10.6;150;12
65843;Sulzbach (Taunus);-9.6;10.8;135;12
65929;Frankfurt am Main;-9.3;11.1;99;12
65931;Frankfurt am Main;-9.7;10.9;97;12
65933;Frankfurt am Main;-9.3;11.1;97;12
65934;Frankfurt am Main;-9.5;11.0;96;12
65936;Frankfurt am Main;-9.5;10.9;112;12
66111;Saarbrücken;-8.5;11.2;197;6
66113;Saarbrücken;-9.2;10.4;221;6
66115;Saarbrücken;-10.1;9.7;317;6
66117;Saarbrücken;-9.2;10.4;226;6
66119;Saarbrücken;-9.8;10.0;306;6
66121;Saarbrücken;-9.0;10.6;212;6
66123;Saarbrücken;-9.3;10.4;240;6
66125;Saarbrücken;-9.5;10.2;223;6
66126;Saarbrücken;-9.7;10.1;266;6
66127;Saarbrücken;-9.6;10.1;295;6
66128;Saarbrücken;-9.4;10.3;245;6
66129;Saarbrücken;-10.2;9.7;330;6
66130;Saarbrücken;-9.6;10.2;229;6
66131;Saarbrücken;-10.1;9.8;309;6
66132;Saarbrücken;-10.2;9.7;330;6
66133;Saarbrücken;-9.5;10.2;227;6
66265;Heusweiler;-9.7;10.1;265;6
66271;Kleinblittersdorf;-10.1;9.8;314;6
66280;Sulzbach/Saar;-9.5;10.2;240;6
66287;Quierschied;-10.2;9.6;346;6
66292;Riegelsberg;-9.5;10.2;252;6
66299;Friedrichsthal;-10.1;9.7;327;6
66333;Völklingen;-9.1;10.5;205;6
66346;Püttlingen;-9.4;10.2;233;6
66352;Großrosseln;-9.5;10.2;244;6
66359;Bous;-9.5;10.2;241;6
66386;Sankt Ingbert;-9.6;10.1;270;6
66399;Mandelbachtal;-10.3;9.5;362;6
66424;Homburg;-9.3;10.3;237;6
66440;Blieskastel;-9.5;10.3;214;6
66450;Bexbach;-10.0;9.8;304;6
66453;Gersheim;-10.1;9.9;301;6
66459;Kirkel;-9.8;9.9;279;6
66482;Zweibrücken;-9.2;10.6;226;6
66484;Battweiler u.a.;-10.0;9.8;309;6
66497;Contwig;-10.0;9.9;303;6
66500;Hornbach;-9.7;10.2;238;6
66501;Kleinbundenbach;-10.2;9.7;327;6
66503;Dellfeld;-9.8;10.1;253;6
66504;Bottenbach;-10.2;9.7;342;6
66506;Maßweiler;-10.2;9.6;348;6
66507;Reifenberg;-10.0;9.9;298;6
66509;Rieschweiler-Mühlbach;-9.9;10.0;277;6
66538;Neunkirchen;-9.6;10.3;283;6
66539;Neunkirchen;-9.8;10.0;277;6
66540;Neunkirchen;-10.0;9.9;298;6
66557;Illingen;-9.8;9.9;286;6
66564;Ottweiler;-10.1;9.6;347;6
66571;Eppelborn;-9.8;9.8;310;6
66578;Schiffweiler;-9.8;9.9;291;6
66583;Spiesen-Elversberg;-10.0;9.8;317;6
66589;Merchweiler;-10.1;9.6;356;6
66606;Sankt Wendel;-9.6;10.0;288;6
66620;Nonnweiler;-10.3;9.3;402;6
66625;Nohfelden;-10.8;9.0;445;6
66629;Freisen;-10.6;9.2;416;6
66636;Tholey;-9.8;9.7;332;6
66640;Namborn;-10.0;9.7;330;6
66646;Marpingen;-10.3;9.4;406;6
66649;Oberthal;-11.2;8.6;512;6
66663;Merzig;-9.0;10.4;168;6
66679;Losheim;-9.6;9.9;290;6
66687;Wadern;-9.7;9.9;296;6
66693;Mettlach;-9.5;9.9;289;7
66701;Beckingen;-9.7;9.9;304;6
66706;Perl;-9.7;9.7;357;7
66709;Weiskirchen;-9.8;9.7;339;6
66740;Saarlouis;-8.8;10.8;183;6
66763;Dillingen/Saar;-9.1;10.4;215;6
66773;Schwalbach;-9.4;10.3;230;6
66780;Rehlingen-Siersburg;-9.9;9.7;350;6
66787;Wadgassen;-9.6;10.2;258;6
66793;Saarwellingen;-9.5;10.1;246;6
66798;Wallerfangen;-10.1;9.6;374;6
66802;Überherrn;-9.7;10.0;288;6
66806;Ensdorf;-9.1;10.5;181;6
66809;Nalbach;-9.4;10.1;251;6
66822;Lebach;-9.5;10.1;253;6
66839;Schmelz;-9.6;9.9;299;6
66849;Landstuhl;-10.3;9.6;341;6
66851;Mittelbrunn, Queidersbach u.a.;-10.9;9.1;434;6
66862;Kindsbach;-9.8;10.1;247;6
66869;Kusel;-10.1;9.6;314;6
66871;Pfeffelbach;-10.2;9.6;323;6
66877;Ramstein-Miesenbach;-9.8;10.1;240;6
66879;Steinwenden u.a.;-10.1;9.7;314;6
66882;Hütschenhausen;-9.7;10.0;256;6
66885;Altenglan;-9.7;10.0;229;6
66887;Rammelsbach u.a.;-10.5;9.3;348;6
66892;Bruchmühlbach-Miesau;-9.5;10.2;228;6
66894;Bechhofen;-10.2;9.6;341;6
66901;Schönenberg-Kübelberg;-9.8;10.0;265;6
66903;Altenkirchen;-10.3;9.5;366;6
66904;Brücken (Pfalz);-10.0;9.8;304;6
66907;Glan-Münchweiler;-9.8;9.9;278;6
66909;Herschweiler-Pettersheim;-10.2;9.6;338;6
66914;Waldmohr;-9.7;10.0;266;6
66916;Breitenbach;-10.3;9.4;390;6
66917;Wallhalben u.a.;-10.1;9.7;332;6
66919;Obernheim-Kirchenarnbach u.a.;-10.4;9.5;372;6
66953;Pirmasens;-10.2;9.7;347;6
66954;Pirmasens;-10.3;9.6;378;6
66955;Pirmasens;-10.1;9.8;335;6
66957;Vinningen, Trulben, Ruppertsweiler u.a.;-10.6;9.4;416;6
66969;Lemberg;-10.4;9.7;367;6
66976;Rodalben;-10.1;9.9;299;6
66978;Clausen;-10.6;9.4;395;6
66981;Münchweiler an der Rodalb;-10.0;10.0;282;6
66987;Thaleischweiler-Fröschen;-9.8;10.1;263;6
66989;Höheinöd, Petersberg u.a.;-10.2;9.7;343;6
66994;Dahn;-9.8;10.2;249;6
66996;Fischbach, Erfweiler u.a.;-9.9;10.2;264;6
66999;Hinterweidenthal;-10.5;9.6;367;6
67059;Ludwigshafen am Rhein;-10.0;11.5;89;12
67061;Ludwigshafen am Rhein;-10.1;11.6;99;12
67063;Ludwigshafen am Rhein;-10.1;11.5;102;12
67065;Ludwigshafen am Rhein;-10.4;11.2;96;12
67067;Ludwigshafen am Rhein;-10.4;11.0;94;12
67069;Ludwigshafen am Rhein;-10.2;11.3;94;12
67071;Ludwigshafen am Rhein;-10.5;11.0;94;12
67098;Bad Dürkheim;-10.0;10.3;222;6
67105;Schifferstadt;-10.2;11.1;101;12
67112;Mutterstadt;-10.3;11.1;96;12
67117;Limburgerhof;-10.3;11.1;98;12
67122;Altrip;-10.7;11.1;92;12
67125;Dannstadt-Schauernheim;-10.3;11.0;102;12
67126;Hochdorf-Assenheim;-10.3;11.0;106;12
67127;Rödersheim-Gronau;-10.3;11.0;104;12
67133;Maxdorf;-10.4;11.1;95;12
67134;Birkenheide;-10.3;11.0;101;12
67136;Fußgönheim;-10.3;11.0;100;12
67141;Neuhofen;-10.6;11.0;96;12
67146;Deidesheim;-9.8;10.7;152;12
67147;Forst an der Weinstraße;-9.9;10.7;161;12
67149;Meckenheim;-10.0;10.9;118;12
67150;Niederkirchen bei Deidesheim;-10.1;10.9;110;12
67152;Ruppertsberg;-9.8;10.8;130;12
67157;Wachenheim an der Weinstraße;-10.0;10.1;259;6
67158;Ellerstadt;-10.3;10.9;115;12
67159;Friedelsheim;-10.1;10.8;124;12
67161;Gönnheim;-10.3;10.9;109;12
67165;Waldsee;-10.7;11.0;98;12
67166;Otterstadt;-10.6;11.1;90;12
67167;Erpolzheim;-10.3;10.9;100;12
67169;Kallstadt;-9.9;10.7;154;12
67227;Frankenthal (Pfalz);-10.3;11.2;95;12
67229;Gerolsheim;-10.3;10.9;117;12
67240;Bobenheim-Roxheim;-10.6;11.0;86;12
67245;Lambsheim;-10.3;10.9;100;12
67246;Dirmstein;-10.3;10.9;116;12
67251;Freinsheim;-9.9;10.8;125;12
67256;Weisenheim am Sand;-9.9;10.8;125;12
67258;Heßheim;-10.3;10.9;104;12
67259;Beindersheim;-10.5;10.9;97;12
67269;Grünstadt;-10.1;10.5;193;12
67271;Kindenheim;-10.3;10.0;277;6
67273;Weisenheim am Berg;-10.4;9.6;357;6
67278;Bockenheim an der Weinstraße;-10.1;10.7;152;12
67280;Ebertsheim;-10.2;10.4;211;6
67281;Kirchheim an der Weinstraße;-9.8;10.7;140;12
67283;Obrigheim (Pfalz);-9.9;10.8;131;12
67292;Kirchheimbolanden;-10.7;9.4;360;6
67294;Bischheim u.a.;-10.5;9.7;304;6
67295;Bolanden;-10.5;9.7;304;6
67297;Marnheim;-10.1;10.2;226;6
67304;Eisenberg (Pfalz);-10.3;9.6;342;6
67305;Ramsen;-10.2;9.8;314;6
67307;Göllheim;-10.2;10.0;262;6
67308;Albisheim (Pfrimm);-10.1;10.0;256;6
67310;Hettenleidelheim;-10.1;10.3;228;6
67311;Tiefenthal;-10.2;10.3;228;6
67316;Carlsberg;-10.2;9.9;297;6
67317;Altleiningen;-10.2;9.9;306;6
67319;Wattenheim;-10.3;9.7;343;6
67346;Speyer;-10.1;11.2;96;12
67354;Römerberg;-10.0;11.0;98;12
67360;Lingenfeld;-9.7;11.1;96;12
67361;Freisbach;-9.8;10.9;117;12
67363;Lustadt;-9.8;10.9;115;12
67365;Schwegenheim;-10.0;11.0;111;12
67366;Weingarten (Pfalz);-9.8;11.0;114;12
67368;Westheim (Pfalz);-9.9;10.9;123;12
67373;Dudenhofen;-10.0;10.9;115;12
67374;Hanhofen;-10.0;11.0;106;12
67376;Harthausen;-10.0;11.0;112;12
67377;Gommersheim;-9.9;10.9;116;12
67378;Zeiskam;-9.8;10.9;118;12
67433;Neustadt an der Weinstraße;-9.7;10.9;132;12
67434;Neustadt an der Weinstraße;-10.8;9.5;426;6
67435;Neustadt an der Weinstraße;-9.8;11.0;123;12
67454;Haßloch;-9.9;10.9;121;12
67459;Böhl-Iggelheim;-10.2;11.0;104;12
67466;Lambrecht (Pfalz);-10.5;9.7;360;6
67468;Frankenstein, Neidenfels, Frankeneck;-10.0;10.3;218;6
67471;Elmstein;-11.1;9.3;450;6
67472;Esthal;-10.6;9.6;382;6
67473;Lindenberg;-10.0;10.2;253;6
67475;Weidenthal;-10.5;9.6;367;6
67480;Edenkoben;-11.3;9.2;492;6
67482;Venningen;-9.8;10.9;127;12
67483;Edesheim;-9.8;10.8;141;12
67487;Maikammer;-10.8;9.5;413;6
67489;Kirrweiler (Pfalz);-10.1;10.3;229;6
67547;Worms;-10.1;11.1;94;12
67549;Worms;-10.2;11.0;105;12
67550;Worms;-10.5;10.9;93;12
67551;Worms;-10.3;10.8;118;12
67574;Osthofen;-10.3;10.8;113;12
67575;Eich;-10.3;10.9;89;12
67577;Alsheim;-10.2;10.6;162;12
67578;Gimbsheim;-10.2;10.9;89;12
67580;Hamm;-10.3;10.9;88;12
67582;Mettenheim;-10.4;10.9;94;12
67583;Guntersblum;-10.2;10.9;87;12
67585;Dorn-Dürkheim;-10.1;10.5;184;12
67586;Hillesheim;-10.1;10.6;154;12
67587;Wintersheim;-10.1;10.4;193;12
67590;Monsheim;-10.1;10.7;134;12
67591;Offstein;-10.1;10.7;134;12
67592;Flörsheim-Dalsheim;-10.0;10.5;190;12
67593;Westhofen, Bermersheim;-10.2;10.7;137;12
67595;Bechtheim;-10.2;10.7;140;12
67596;Dittelsheim-Heßloch;-10.2;10.5;167;12
67598;Gundersheim;-10.0;10.5;189;12
67599;Gundheim;-10.1;10.7;137;12
67655;Kaiserslautern;-8.8;10.9;239;6
67657;Kaiserslautern;-10.0;9.9;292;6
67659;Kaiserslautern;-10.0;10.0;262;6
67661;Kaiserslautern;-10.1;9.8;306;6
67663;Kaiserslautern;-10.1;9.8;316;6
67677;Enkenbach-Alsenborn;-10.1;9.8;294;6
67678;Mehlingen;-10.2;9.7;319;6
67680;Neuhemsbach;-10.3;9.6;330;6
67681;Sembach;-10.3;9.7;312;6
67685;Weilerbach u.a.;-10.0;9.9;259;6
67686;Mackenbach;-10.0;9.9;273;6
67688;Rodenbach;-10.0;9.9;291;6
67691;Hochspeyer;-10.3;9.6;348;6
67693;Waldleiningen, Fischbach;-10.4;9.6;357;6
67697;Otterberg;-10.3;9.6;322;6
67699;Schneckenhausen;-10.5;9.4;346;12
67700;Niederkirchen;-10.5;9.4;339;12
67701;Schallodenbach;-10.3;9.6;319;12
67705;Trippstadt u.a.;-10.6;9.4;394;6
67706;Krickenbach;-10.4;9.6;354;6
67707;Schopp;-10.6;9.4;387;6
67714;Waldfischbach-Burgalben;-9.9;10.0;277;6
67715;Geiselberg;-10.3;9.5;362;6
67716;Heltersberg;-10.5;9.5;376;6
67718;Schmalenberg;-10.9;9.2;437;6
67722;Winnweiler;-10.4;9.7;301;6
67724;Gundersweiler, Gonbach u.a.;-10.5;9.5;338;6
67725;Börrstadt;-10.1;10.0;252;6
67727;Lohnsfeld;-10.3;9.9;276;6
67728;Münchweiler an der Alsenz;-10.3;9.8;289;6
67729;Sippersfeld;-10.3;9.6;342;6
67731;Otterbach, Otterberg;-9.8;10.1;227;6
67732;Hirschhorn;-10.2;9.8;286;6
67734;Katzweiler;-9.8;10.1;214;6
67735;Mehlbach;-10.2;9.8;279;6
67737;Olsbrücken;-9.7;10.1;208;6
67742;Lauterecken u.a.;-9.9;10.1;170;6
67744;Medard, Rathskirchen u.a.;-10.0;9.8;234;6
67745;Grumbach;-10.6;9.4;310;6
67746;Langweiler;-11.0;9.0;380;6
67748;Odenbach;-9.8;10.2;158;12
67749;Offenbach-Hundheim;-9.8;9.9;225;6
67752;Wolfstein;-10.1;9.7;272;6
67753;Rothselberg u.a.;-10.9;9.2;370;6
67754;Eßweiler;-10.4;9.5;319;6
67756;Hinzweiler;-10.3;9.6;309;6
67757;Kreimbach-Kaulbach;-9.6;10.1;204;6
67759;Nußbach;-10.8;9.2;367;12
67806;Rockenhausen, Bisterschied u.a.;-9.8;10.1;216;6
67808;Steinbach, Weitersweiler, Bennhausen, Mörsfeld, Würzweiler, Ruppertsecke;-10.7;9.3;361;6
67811;Dielkirchen;-10.5;9.6;309;6
67813;Schwarzengraben, St, Alban, Gerbach;-10.2;9.8;260;6
67814;Dannenfels;-12.6;7.8;663;6
67816;Dreisen, Standenbühl;-10.0;10.2;220;6
67817;Imsbach;-10.9;9.2;411;6
67819;Kriegsfeld;-10.6;9.5;320;6
67821;Alsenz;-10.0;9.8;249;12
67822;Winterborn, Waldgrehweiler, Niedermoschel, u.a.;-9.9;9.9;239;12
67823;Obermoschel, Schiersfeld;-9.8;10.0;218;12
67824;Feilbingert;-10.3;9.6;292;12
67826;Hallgarten;-10.8;9.2;361;12
67827;Becherbach;-10.8;9.3;348;12
67829;Callbach;-10.1;9.8;251;12
68159;Mannheim;-10.5;11.3;100;12
68161;Mannheim;-10.0;11.6;104;12
68163;Mannheim;-10.3;11.3;96;12
68165;Mannheim;-10.0;11.7;99;12
68167;Mannheim;-10.0;11.7;102;12
68169;Mannheim;-10.1;11.5;95;12
68199;Mannheim;-10.7;11.2;96;12
68219;Mannheim;-10.7;11.1;102;12
68229;Mannheim;-10.8;11.0;107;12
68239;Mannheim;-10.7;11.1;97;12
68259;Mannheim;-10.6;11.3;97;12
68305;Mannheim;-10.7;11.1;101;12
68307;Mannheim;-10.8;11.0;93;12
68309;Mannheim;-10.5;11.3;101;12
68519;Viernheim;-10.8;10.9;109;12
68526;Ladenburg;-11.0;11.0;105;12
68535;Edingen-Neckarhausen;-10.8;11.0;102;12
68542;Heddesheim;-11.0;11.0;98;12
68549;Ilvesheim;-10.8;11.1;98;12
68623;Lampertheim;-10.6;11.0;91;12
68642;Bürstadt;-10.6;11.0;92;12
68647;Biblis;-10.6;11.0;83;12
68649;Groß-Rohrheim;-10.5;11.0;90;12
68723;Schwetzingen;-10.5;11.1;102;12
68753;Waghäusel;-10.0;11.0;104;12
68766;Hockenheim;-10.4;11.1;95;12
68775;Ketsch;-10.6;11.0;100;12
68782;Brühl;-10.7;11.1;93;12
68789;Sankt Leon-Rot;-10.3;11.0;106;12
68794;Oberhausen-Rheinhausen;-10.3;11.1;93;12
68799;Reilingen;-10.3;11.0;105;12
68804;Altlußheim;-10.1;11.1;98;12
68809;Neulußheim;-10.3;11.0;105;12
69115;Heidelberg;-10.1;11.4;112;12
69117;Heidelberg;-11.8;8.8;525;6
69118;Heidelberg;-10.3;10.6;172;6
69120;Heidelberg;-10.5;10.8;148;6
69121;Heidelberg;-10.3;10.3;229;6
69123;Heidelberg;-10.7;11.0;106;12
69124;Heidelberg;-10.5;11.1;105;12
69126;Heidelberg;-10.4;10.8;137;12
69151;Neckargemünd;-10.7;10.1;251;12
69168;Wiesloch;-10.1;10.8;133;12
69181;Leimen;-10.3;10.9;132;12
69190;Walldorf;-10.3;11.1;104;12
69198;Schriesheim;-10.5;10.2;241;6
69207;Sandhausen;-10.5;11.0;111;12
69214;Eppelheim;-10.6;11.1;109;12
69221;Dossenheim;-10.4;10.5;198;6
69226;Nußloch;-10.2;10.7;158;12
69231;Rauenberg;-10.3;10.4;203;12
69234;Dielheim;-10.6;10.3;204;12
69239;Neckarsteinach;-10.9;9.6;335;12
69242;Mühlhausen;-10.4;10.5;177;12
69245;Bammental;-10.0;10.7;150;12
69250;Schönau;-10.5;10.3;189;6
69251;Gaiberg;-10.8;9.7;320;12
69253;Heiligkreuzsteinach;-11.3;9.2;417;6
69254;Malsch;-10.1;10.8;136;12
69256;Mauer;-10.2;10.7;136;12
69257;Wiesenbach;-10.6;10.4;190;12
69259;Wilhelmsfeld;-11.0;9.5;370;6
69412;Eberbach;-11.0;9.8;300;6
69427;Mudau;-12.1;8.5;527;6
69429;Waldbrunn;-12.1;8.6;521;6
69434;Hirschhorn, Brombach, Heddesbach;-11.1;9.4;393;6
69436;Schönbrunn;-10.9;9.6;351;12
69437;Neckargerach;-10.6;10.4;186;12
69439;Zwingenberg;-10.8;9.8;299;12
69469;Weinheim;-10.2;10.4;226;12
69483;Wald-Michelbach;-11.0;9.7;329;6
69488;Birkenau;-10.5;10.6;170;6
69493;Hirschberg an der Bergstraße;-10.9;10.9;126;12
69502;Hemsbach;-10.6;11.0;99;12
69509;Mörlenbach;-10.3;10.6;183;6
69514;Laudenbach;-10.7;11.1;99;12
69517;Gorxheimertal;-10.2;10.4;200;6
69518;Abtsteinach;-11.7;8.9;485;6
70173;Stuttgart;-9.3;11.5;256;12
70174;Stuttgart;-9.3;11.5;256;12
70176;Stuttgart;-9.3;11.4;278;12
70178;Stuttgart;-9.5;11.3;285;12
70180;Stuttgart;-10.2;10.8;308;12
70182;Stuttgart;-10.3;10.8;328;12
70184;Stuttgart;-11.0;9.9;425;12
70186;Stuttgart;-10.6;10.6;323;12
70188;Stuttgart;-10.3;10.8;253;12
70190;Stuttgart;-9.8;11.1;253;12
70191;Stuttgart;-9.9;11.1;266;12
70192;Stuttgart;-10.8;10.3;377;12
70193;Stuttgart;-10.7;10.4;367;12
70195;Stuttgart;-11.6;9.5;429;12
70197;Stuttgart;-11.8;9.2;469;12
70199;Stuttgart;-10.4;10.7;330;12
70327;Stuttgart;-10.1;11.0;224;12
70329;Stuttgart;-10.2;10.9;227;12
70372;Stuttgart;-9.8;11.1;229;12
70374;Stuttgart;-10.2;10.9;279;12
70376;Stuttgart;-10.5;10.7;270;12
70378;Stuttgart;-10.7;10.5;266;12
70435;Stuttgart;-10.7;10.6;314;12
70437;Stuttgart;-10.2;10.9;250;12
70439;Stuttgart;-11.1;10.3;324;12
70469;Stuttgart;-10.7;10.5;323;12
70499;Stuttgart;-11.2;10.1;330;12
70563;Stuttgart;-11.5;9.5;450;6
70565;Stuttgart;-11.3;9.7;422;6
70567;Stuttgart;-11.1;9.8;417;12
70569;Stuttgart;-11.6;9.4;434;6
70597;Stuttgart;-11.3;9.5;452;12
70599;Stuttgart;-11.3;9.6;401;12
70619;Stuttgart;-11.3;9.5;416;12
70629;Stuttgart/Leinfelden-Echterdingen;-11.3;9.7;381;12
70734;Fellbach;-11.1;10.1;340;12
70736;Fellbach;-10.8;10.4;292;12
70771;Leinfelden-Echterdingen;-11.4;9.5;425;12
70794;Filderstadt;-11.3;9.6;385;12
70806;Kornwestheim;-10.5;10.7;287;12
70825;Korntal-Münchingen;-11.3;10.1;314;12
70839;Gerlingen;-11.8;9.1;492;6
71032;Böblingen;-11.9;9.0;499;6
71034;Böblingen;-11.5;9.4;453;6
71063;Sindelfingen;-11.1;9.9;439;6
71065;Sindelfingen;-12.0;9.0;498;6
71067;Sindelfingen;-11.8;9.2;453;6
71069;Sindelfingen;-11.8;9.1;470;6
71083;Herrenberg;-11.6;9.3;432;6
71088;Holzgerlingen;-11.5;9.4;442;6
71093;Weil im Schönbuch;-11.7;9.1;479;6
71101;Schönaich;-11.6;9.3;432;6
71106;Magstadt;-11.7;9.3;432;6
71111;Waldenbuch;-11.6;9.5;405;6
71116;Gärtringen;-11.7;9.3;468;6
71120;Grafenau;-11.6;9.5;407;6
71126;Gäufelden;-11.7;9.2;454;6
71131;Jettingen;-12.0;8.8;557;6
71134;Aidlingen;-11.8;9.1;483;6
71139;Ehningen;-11.6;9.4;436;6
71144;Steinenbronn;-11.7;9.3;431;6
71149;Bondorf;-11.7;9.3;448;6
71154;Nufringen;-11.7;9.2;470;6
71155;Altdorf;-12.0;8.8;548;6
71157;Hildrizhausen;-11.9;9.1;486;6
71159;Mötzingen;-11.9;9.0;507;6
71229;Leonberg;-11.4;9.7;369;6
71254;Ditzingen;-11.7;9.6;375;6
71263;Weil der Stadt;-11.5;9.6;389;6
71272;Renningen;-11.6;9.5;400;6
71277;Rutesheim;-11.9;9.2;449;6
71282;Hemmingen;-11.4;9.8;340;6
71287;Weissach;-11.7;9.5;376;6
71292;Friolzheim;-11.8;9.1;453;6
71296;Heimsheim;-11.7;9.1;463;6
71297;Mönsheim;-11.6;9.5;357;6
71299;Wimsheim;-12.0;9.0;470;6
71332;Waiblingen;-10.5;10.7;266;13
71334;Waiblingen;-10.7;10.5;290;13
71336;Waiblingen;-10.8;10.4;257;13
71364;Winnenden;-11.0;10.2;288;13
71384;Weinstadt;-10.8;10.4;250;13
71394;Kernen im Remstal;-10.9;10.3;289;13
71397;Leutenbach;-11.1;10.2;307;13
71404;Korb;-11.2;10.1;332;13
71409;Schwaikheim;-10.8;10.4;276;13
71522;Backnang;-11.0;10.2;311;13
71540;Murrhardt;-11.3;9.9;338;13
71543;Wüstenrot, Beilstein-Stocksberg;-12.2;8.8;504;13
71546;Aspach;-11.1;10.1;297;13
71549;Auenwald;-11.2;10.2;296;13
71554;Weissach im Tal;-10.8;10.3;274;13
71560;Sulzbach an der Murr;-11.3;9.8;344;13
71563;Affalterbach;-11.1;10.2;299;13
71566;Althütte;-12.3;9.0;489;13
71570;Oppenweiler;-11.2;9.9;338;13
71573;Allmersbach im Tal;-11.1;10.1;297;13
71576;Burgstetten;-11.2;10.1;300;13
71577;Großerlach;-12.3;8.7;538;13
71579;Spiegelberg;-11.7;9.3;439;13
71634;Ludwigsburg;-10.5;10.7;269;12
71636;Ludwigsburg;-10.8;10.4;317;12
71638;Ludwigsburg;-10.8;10.5;315;12
71640;Ludwigsburg;-10.8;10.5;279;12
71642;Ludwigsburg;-10.9;10.4;204;12
71665;Vaihingen an der Enz;-11.5;9.7;247;6
71672;Marbach am Neckar;-10.8;10.3;234;13
71679;Asperg;-10.8;10.4;295;12
71686;Remseck am Neckar;-10.8;10.5;212;12
71691;Freiberg am Neckar;-10.9;10.3;250;12
71696;Möglingen;-11.1;10.2;309;12
71701;Schwieberdingen;-11.2;10.2;299;12
71706;Markgröningen;-11.6;9.9;289;12
71711;Steinheim, Murr;-10.9;10.3;235;12
71717;Beilstein;-11.2;9.7;348;13
71720;Oberstenfeld;-11.0;10.1;272;13
71723;Großbottwar;-11.0;10.3;220;13
71726;Benningen am Neckar;-11.3;10.1;248;12
71729;Erdmannhausen;-11.1;10.2;287;13
71732;Tamm;-11.2;10.1;252;12
71735;Eberdingen;-11.5;9.7;285;6
71737;Kirchberg;-11.1;10.1;305;13
71739;Oberriexingen;-11.4;9.7;245;6
72070;Tübingen;-11.2;9.9;344;6
72072;Tübingen;-11.1;9.9;345;6
72074;Tübingen;-11.4;9.5;408;6
72076;Tübingen;-11.9;9.0;507;6
72108;Rottenburg am Neckar;-11.3;9.4;429;6
72116;Mössingen;-12.0;8.9;558;6
72119;Ammerbuch;-11.4;9.6;383;6
72124;Pliezhausen;-11.5;9.6;406;6
72127;Kusterdingen;-11.4;9.6;400;6
72131;Ofterdingen;-11.8;9.2;479;6
72135;Dettenhausen;-11.9;8.9;518;6
72138;Kirchentellinsfurt;-11.2;9.8;356;6
72141;Walddorfhäslach;-11.7;9.3;448;6
72144;Dußlingen;-11.6;9.4;435;6
72145;Hirrlingen;-11.6;9.3;456;6
72147;Nehren;-11.4;9.5;421;6
72149;Neustetten;-11.6;9.2;459;6
72160;Horb am Neckar;-12.2;8.7;565;6
72172;Sulz am Neckar;-11.5;9.5;425;6
72175;Dornhan;-12.6;8.3;652;6
72178;Waldachtal;-12.5;8.3;639;6
72181;Starzach;-12.0;9.0;522;6
72184;Eutingen im Gäu;-11.7;9.2;477;6
72186;Empfingen;-11.9;9.0;511;6
72189;Vöhringen;-12.0;8.9;540;6
72202;Nagold;-11.7;9.4;445;6
72213;Altensteig;-12.3;8.6;588;6
72218;Wildberg;-11.7;9.3;451;6
72221;Haiterbach;-12.2;8.6;590;6
72224;Ebhausen;-11.9;9.0;511;6
72226;Simmersfeld;-13.5;7.7;751;8
72227;Egenhausen;-11.9;8.9;527;6
72229;Rohrdorf;-11.7;9.4;425;6
72250;Freudenstadt;-13.3;7.6;789;8
72270;Baiersbronn;-13.6;7.0;915;8
72275;Alpirsbach;-12.6;8.3;655;8
72280;Dornstetten;-13.1;8.0;707;6
72285;Pfalzgrafenweiler;-12.6;8.3;643;6
72290;Loßburg;-12.5;8.3;643;6
72293;Glatten;-11.8;9.0;511;6
72294;Grömbach;-12.6;8.3;646;8
72296;Schopfloch;-12.7;8.2;666;6
72297;Seewald;-13.5;7.5;792;8
72299;Wörnersberg;-12.5;8.4;623;6
72336;Balingen;-11.9;9.1;555;6
72348;Rosenfeld;-12.4;8.3;648;6
72351;Geislingen;-12.1;8.6;597;6
72355;Schömberg;-12.6;8.2;688;14
72356;Dautmergen;-12.4;8.3;655;6
72358;Dormettingen;-12.1;8.6;610;6
72359;Dotternhausen;-12.9;7.9;755;14
72361;Hausen am Tann;-12.8;7.9;746;14
72362;Nusplingen;-13.5;7.4;886;14
72364;Obernheim;-13.6;7.2;955;14
72365;Ratshausen;-12.7;8.2;701;14
72367;Weilen unter den Rinnen;-12.7;8.2;694;14
72369;Zimmern unter der Burg;-12.3;8.5;624;14
72379;Hechingen;-11.7;9.2;491;6
72393;Burladingen;-13.2;7.5;829;14
72401;Haigerloch;-12.0;9.0;515;6
72406;Bisingen;-12.0;8.8;562;6
72411;Bodelshausen;-11.8;9.2;475;6
72414;Rangendingen;-11.3;9.6;414;6
72415;Grosselfingen;-12.0;8.8;547;6
72417;Jungingen;-12.3;8.5;619;14
72419;Neufra;-13.0;7.9;749;14
72458;Albstadt;-13.5;7.4;888;14
72459;Albstadt;-13.7;7.1;931;14
72461;Albstadt;-13.2;7.6;831;14
72469;Meßstetten;-13.5;7.3;897;14
72474;Winterlingen;-12.8;8.0;750;14
72475;Bitz;-13.3;7.5;852;14
72477;Schwenningen;-13.3;7.5;863;14
72479;Straßberg;-13.2;7.6;831;14
72488;Sigmaringen;-12.8;8.1;664;14
72501;Gammertingen;-13.0;7.8;780;14
72505;Krauchenwies;-12.6;8.2;629;13
72510;Stetten am kalten Markt;-13.0;7.9;801;14
72511;Bingen;-12.9;8.0;657;14
72513;Hettingen;-13.2;7.6;821;14
72514;Inzigkofen;-12.5;8.1;660;14
72516;Scheer;-12.7;8.2;635;13
72517;Sigmaringendorf;-12.5;8.4;619;13
72519;Veringenstadt;-12.8;8.0;692;14
72525;Münsingen;-13.4;7.6;802;14
72531;Hohenstein;-13.1;7.9;739;14
72532;Gomadingen;-13.1;7.9;715;14
72534;Hayingen;-13.1;7.9;681;14
72535;Heroldstatt;-13.5;7.7;760;14
72537;Mehrstetten;-13.3;7.7;749;14
72539;Pfronstetten;-13.2;7.8;738;14
72555;Metzingen;-11.2;9.8;365;6
72574;Bad Urach;-13.1;7.9;717;14
72581;Dettingen an der Erms;-11.2;9.6;397;6
72582;Grabenstetten;-13.1;7.9;707;14
72584;Hülben;-13.1;7.9;718;14
72585;Riederich;-10.8;10.2;325;6
72587;Römerstein;-13.5;7.5;799;14
72589;Westerheim;-13.6;7.6;778;14
72622;Nürtingen;-10.6;10.6;284;6
72631;Aichtal;-11.2;9.9;328;6
72636;Frickenhausen;-11.0;10.0;335;6
72639;Neuffen;-11.9;9.1;490;6
72644;Oberboihingen;-11.0;10.0;324;6
72649;Wolfschlugen;-11.3;9.7;369;6
72654;Neckartenzlingen;-11.1;10.0;328;6
72655;Altdorf;-11.1;10.0;334;6
72657;Altenriet;-11.5;9.5;413;6
72658;Bempflingen;-11.2;9.8;352;6
72660;Beuren;-11.7;9.2;459;6
72661;Grafenberg;-11.4;9.6;403;6
72663;Großbettlingen;-11.1;9.9;351;6
72664;Kohlberg;-11.9;9.1;482;6
72666;Neckartailfingen;-10.9;10.2;310;6
72667;Schlaitdorf;-11.4;9.6;402;6
72669;Unterensingen;-10.8;10.2;291;6
72760;Reutlingen;-10.6;10.1;399;6
72762;Reutlingen;-10.6;10.3;388;6
72764;Reutlingen;-10.6;10.3;389;6
72766;Reutlingen;-11.2;9.9;345;6
72768;Reutlingen;-11.3;9.7;384;6
72770;Reutlingen;-12.0;9.0;508;6
72793;Pfullingen;-11.7;9.3;470;14
72800;Eningen;-13.1;7.8;737;14
72805;Lichtenstein;-13.0;7.9;740;14
72810;Gomaringen;-11.3;9.5;434;6
72813;St, Johann;-13.3;7.6;783;14
72818;Trochtelfingen;-13.1;7.8;786;14
72820;Sonnenbühl;-13.1;7.8;767;14
72827;Wannweil;-10.7;10.3;328;6
72829;Engstingen;-13.1;7.9;733;14
73033;Göppingen;-10.8;10.2;339;6
73035;Göppingen;-11.0;10.0;341;6
73037;Göppingen;-11.5;9.5;406;6
73054;Eislingen/Fils;-10.8;10.1;339;6
73061;Ebersbach an der Fils;-11.1;10.0;331;6
73066;Uhingen;-11.0;10.0;323;6
73072;Donzdorf;-11.6;9.4;411;14
73079;Süßen;-11.2;9.7;364;14
73084;Salach;-11.7;9.3;430;6
73087;Bad Boll;-11.8;9.2;450;6
73092;Heiningen;-11.1;9.7;371;6
73095;Albershausen;-11.3;9.7;375;6
73098;Rechberghausen;-11.1;9.9;357;6
73099;Adelberg;-12.1;9.0;481;6
73101;Aichelberg;-11.3;9.6;409;6
73102;Birenbach;-12.1;9.2;454;6
73104;Börtlingen;-11.8;9.4;419;6
73105;Dürnau;-11.3;9.6;410;6
73107;Eschenbach;-11.3;9.6;409;6
73108;Gammelshausen;-11.5;9.4;424;6
73110;Hattenhofen;-11.3;9.7;380;6
73111;Lauterstein;-13.6;7.8;727;14
73113;Ottenbach;-11.5;9.5;390;6
73114;Schlat;-11.6;9.3;427;14
73116;Wäschenbeuren;-11.9;9.3;434;6
73117;Wangen;-11.7;9.4;427;6
73119;Zell unter Aichelberg;-11.3;9.6;401;6
73207;Plochingen;-10.8;10.3;264;6
73230;Kirchheim unter Teck;-10.8;10.3;316;6
73235;Weilheim an der Teck;-11.3;9.5;409;6
73240;Wendlingen am Neckar;-10.5;10.6;272;6
73249;Wernau (Neckar);-11.0;10.2;296;6
73252;Lenningen;-13.6;7.6;780;14
73257;Köngen;-11.0;10.1;310;6
73262;Reichenbach an der Fils;-11.3;9.7;376;6
73265;Dettingen unter Teck;-11.3;9.6;389;6
73266;Bissingen an der Teck;-12.8;8.2;637;6
73268;Erkenbrechtsweiler;-13.0;8.0;688;14
73269;Hochdorf;-11.1;10.0;334;6
73271;Holzmaden;-11.2;9.8;359;6
73272;Neidlingen;-12.3;8.6;562;14
73274;Notzingen;-11.0;10.1;316;6
73275;Ohmden;-11.3;9.7;384;6
73277;Owen;-11.5;9.6;389;6
73278;Schlierbach;-11.2;9.8;355;6
73312;Geislingen an der Steige;-12.8;8.4;602;14
73326;Deggingen;-12.4;8.7;538;14
73329;Kuchen;-11.7;9.4;435;14
73333;Gingen an der Fils;-11.3;9.6;383;14
73337;Bad Überkingen;-13.1;8.1;660;14
73340;Amstetten;-13.0;8.2;646;14
73342;Bad Ditzenbach;-13.5;7.8;726;14
73344;Gruibingen;-12.8;8.3;608;14
73345;Hohenstadt/Drackenstein;-13.7;7.5;795;14
73347;Mühlhausen im Täle;-12.4;8.6;552;14
73349;Wiesensteig;-13.6;7.6;772;14
73430;Aalen;-11.9;9.4;464;14
73431;Aalen;-12.7;8.6;545;14
73432;Aalen;-13.2;8.1;648;14
73433;Aalen;-12.1;9.2;425;14
73434;Aalen;-12.6;8.7;497;14
73441;Bopfingen;-12.6;8.6;514;14
73447;Oberkochen;-12.3;8.8;494;14
73450;Neresheim;-12.7;8.5;548;14
73453;Abtsgmünd;-12.2;9.1;429;14
73457;Essingen;-12.9;8.5;556;14
73460;Hüttlingen;-12.6;8.7;491;14
73463;Westhausen;-12.5;8.8;479;14
73466;Lauchheim;-13.0;8.3;567;14
73467;Kirchheim am Ries;-12.6;8.7;486;13
73469;Riesbürg;-13.1;8.9;438;13
73479;Ellwangen (Jagst);-12.8;8.6;514;14
73485;Unterschneidheim;-12.6;8.7;475;13
73486;Adelmannsfelden;-12.4;9.0;451;14
73488;Ellenberg;-13.3;8.2;576;13
73489;Jagstzell;-12.5;9.0;439;13
73491;Neuler;-12.7;8.7;499;14
73492;Rainau;-12.4;8.9;454;14
73494;Rosenberg;-12.8;8.7;501;13
73495;Stödtlen;-12.8;8.6;485;13
73497;Tannhausen;-12.9;8.5;516;13
73499;Wört;-12.7;8.8;452;13
73525;Stadt Schwäbisch Gmünd;-11.2;9.9;350;6
73527;Schwäbisch Gmünd, Täferrot;-12.1;9.3;445;6
73529;Stadt Schwäbisch Gmünd;-11.8;9.3;421;6
73540;Heubach;-13.1;8.1;653;14
73547;Lorch;-11.3;9.9;340;13
73550;Waldstetten;-13.0;8.3;612;6
73553;Alfdorf, Schillinghof;-12.3;9.0;467;13
73557;Mutlangen;-11.8;9.4;415;13
73560;Böbingen an der Rems;-11.6;9.6;384;14
73563;Mögglingen;-12.0;9.2;434;14
73565;Spraitbach;-12.8;8.6;541;13
73566;Bartholomä;-13.2;8.1;658;14
73568;Durlangen, Weggen-Ziegelhütte, Leinhäusle;-12.5;8.9;489;13
73569;Eschach, Obergröningen;-12.6;8.7;508;13
73571;Göggingen;-12.5;8.9;482;13
73572;Heuchlingen;-12.2;9.1;435;14
73574;Iggingen;-12.4;8.9;482;13
73575;Leinzell;-12.1;9.3;414;13
73577;Ruppertshofen;-12.6;8.7;514;13
73579;Schechingen;-12.5;8.8;493;14
73614;Schorndorf;-11.0;10.4;274;13
73630;Remshalden;-11.1;10.2;292;13
73635;Rudersberg;-11.3;10.1;313;13
73642;Welzheim;-12.5;8.8;516;13
73650;Winterbach;-11.2;10.1;322;13
73655;Plüderhausen;-11.5;9.8;359;13
73660;Urbach;-11.1;10.2;277;13
73663;Berglen;-11.1;10.1;312;13
73666;Baltmannsweiler;-11.7;9.3;442;6
73667;Kaisersbach;-12.7;8.5;559;13
73669;Lichtenwald;-11.7;9.3;441;6
73728;Esslingen am Neckar;-10.3;10.8;267;6
73730;Esslingen am Neckar;-11.2;9.8;368;6
73732;Esslingen am Neckar;-11.3;9.6;389;6
73733;Esslingen am Neckar;-11.2;9.8;395;6
73734;Esslingen am Neckar;-11.0;10.0;363;6
73760;Ostfildern;-11.3;9.8;352;12
73765;Neuhausen auf den Fildern;-11.2;9.9;334;6
73770;Denkendorf;-11.2;10.0;338;6
73773;Aichwald;-11.9;9.1;472;6
73776;Altbach;-10.8;10.4;249;6
73779;Deizisau;-10.9;10.2;309;6
74072;Heilbronn;-10.0;11.2;172;12
74074;Heilbronn;-10.8;10.2;231;13
74076;Heilbronn;-10.2;10.9;161;12
74078;Heilbronn;-10.8;10.3;213;12
74080;Heilbronn;-10.6;10.5;191;12
74081;Heilbronn;-10.6;10.5;178;12
74172;Neckarsulm;-10.5;10.6;195;13
74177;Bad Friedrichshall;-10.5;10.6;172;13
74182;Obersulm;-10.6;10.5;200;13
74189;Weinsberg;-10.6;10.6;188;13
74193;Schwaigern;-10.8;10.2;224;12
74196;Neuenstadt am Kocher;-10.4;10.6;162;13
74199;Untergruppenbach;-10.9;10.0;307;13
74206;Bad Wimpfen;-10.7;10.4;213;12
74211;Leingarten;-10.8;10.4;190;12
74214;Schöntal;-11.1;9.9;303;13
74219;Möckmühl;-10.8;10.3;225;13
74223;Flein;-10.9;10.2;228;12
74226;Nordheim;-10.8;10.3;197;12
74229;Oedheim;-10.6;10.4;206;13
74232;Abstatt;-10.8;10.2;239;13
74235;Erlenbach;-10.7;10.3;210;13
74238;Krautheim;-11.1;9.9;296;13
74239;Hardthausen am Kocher;-10.7;10.3;240;13
74243;Langenbrettach;-10.7;10.3;234;13
74245;Löwenstein;-10.8;10.0;295;13
74246;Eberstadt;-10.6;10.4;195;13
74248;Ellhofen;-10.6;10.5;190;13
74249;Jagsthausen;-10.6;10.4;210;13
74251;Lehrensteinsfeld;-10.7;10.3;223;13
74252;Massenbachhausen;-10.9;10.1;241;12
74254;Offenau;-10.4;10.6;159;12
74255;Roigheim;-11.0;10.0;284;6
74257;Untereisesheim;-10.5;10.6;174;12
74259;Widdern;-10.8;10.3;230;13
74321;Bietigheim-Bissingen;-11.0;10.2;218;12
74336;Brackenheim;-10.9;10.2;231;12
74343;Sachsenheim;-11.6;9.7;314;6
74348;Lauffen am Neckar;-10.7;10.5;171;12
74354;Besigheim;-10.8;10.4;181;12
74357;Bönnigheim;-11.2;10.0;251;12
74360;Ilsfeld;-10.9;10.1;253;13
74363;Güglingen;-10.7;10.4;207;12
74366;Kirchheim am Neckar;-10.8;10.4;187;12
74369;Löchgau;-11.4;9.9;274;12
74372;Sersheim;-11.4;9.8;234;6
74374;Zaberfeld;-11.5;9.6;299;6
74376;Gemmrigheim;-11.2;10.1;248;12
74379;Ingersheim;-11.3;10.1;237;12
74382;Neckarwestheim;-11.1;10.0;274;12
74385;Pleidelsheim;-10.8;10.4;198;12
74388;Talheim;-11.0;10.1;241;12
74389;Cleebronn;-11.2;9.9;279;12
74391;Erligheim;-11.2;10.0;256;12
74392;Freudental;-11.5;9.8;285;12
74394;Hessigheim;-10.9;10.3;207;12
74395;Mundelsheim;-11.3;10.0;282;12
74397;Pfaffenhofen;-10.8;10.2;217;6
74399;Walheim;-11.2;10.1;239;12
74405;Gaildorf;-11.5;9.7;356;13
74417;Gschwend;-12.3;8.9;478;13
74420;Oberrot;-11.6;9.6;377;13
74423;Obersontheim;-12.0;9.3;401;13
74424;Bühlertann;-12.6;8.8;484;13
74426;Bühlerzell;-12.4;8.9;471;13
74427;Fichtenberg;-11.5;9.7;355;13
74429;Sulzbach-Laufen;-11.6;9.7;340;13
74523;Schwäbisch Hall;-11.6;9.5;391;13
74532;Ilshofen;-12.3;9.1;442;13
74535;Mainhardt;-12.1;9.0;479;13
74538;Rosengarten;-11.3;9.7;348;13
74541;Vellberg;-12.6;8.9;478;13
74542;Braunsbach;-11.3;9.8;328;13
74544;Michelbach an der Bilz;-11.6;9.6;363;13
74545;Michelfeld;-12.2;9.0;466;13
74547;Untermünkheim;-11.9;9.3;414;13
74549;Wolpertshausen;-12.2;9.2;431;13
74564;Crailsheim;-12.1;9.4;420;13
74572;Blaufelden;-12.5;8.9;467;13
74575;Schrozberg;-12.6;8.8;494;13
74579;Fichtenau;-13.1;8.5;515;13
74582;Gerabronn;-12.4;9.0;452;13
74585;Rot am See;-12.3;9.1;424;13
74586;Frankenhardt;-12.3;9.0;443;13
74589;Satteldorf;-12.5;9.1;430;13
74592;Kirchberg an der Jagst;-12.0;9.4;365;13
74594;Kreßberg;-12.8;8.8;465;13
74595;Langenburg;-12.3;9.0;454;13
74597;Stimpfach;-12.7;8.8;481;13
74599;Wallhausen;-12.7;8.9;465;13
74613;Ö“hringen;-10.6;10.3;253;13
74626;Bretzfeld;-10.6;10.3;247;13
74629;Pfedelbach;-10.6;10.2;260;13
74632;Neuenstein;-10.8;10.0;303;13
74635;Kupferzell;-11.2;9.8;333;13
74638;Waldenburg;-12.2;8.9;477;13
74639;Zweiflingen;-11.0;9.8;326;13
74653;Künzelsau, Ingelfingen;-11.5;9.6;348;13
74670;Forchtenberg;-11.2;9.7;346;13
74673;Mulfingen;-11.3;9.9;285;13
74676;Niedernhall;-11.2;9.7;346;13
74677;Dörzbach;-11.0;10.1;264;13
74679;Weißbach;-11.0;9.9;303;13
74706;Osterburken;-11.0;9.8;319;6
74722;Buchen;-11.3;9.6;341;6
74731;Walldürn;-11.8;9.1;424;6
74736;Hardheim;-11.2;9.8;276;13
74740;Adelsheim;-10.8;10.3;225;6
74743;Seckach;-11.1;9.7;329;6
74744;Ahorn;-11.6;9.5;360;13
74746;Höpfingen;-11.8;9.1;421;6
74747;Ravenstein;-11.1;9.8;322;13
74749;Rosenberg;-11.1;9.8;317;6
74821;Mosbach;-11.0;9.9;289;12
74831;Gundelsheim;-10.8;10.0;271;13
74834;Elztal;-11.0;10.1;230;6
74838;Limbach;-11.8;9.1;437;6
74842;Billigheim;-11.0;10.1;256;6
74847;Obrigheim;-11.0;9.8;297;12
74850;Schefflenz;-10.9;9.8;316;6
74855;Haßmersheim;-10.5;10.5;162;12
74858;Aglasterhausen;-10.7;10.2;230;12
74861;Neudenau;-10.7;10.4;200;13
74862;Binau;-10.9;10.1;238;12
74864;Fahrenbach;-11.2;9.6;350;6
74865;Neckarzimmern;-11.0;10.0;284;12
74867;Neunkirchen;-10.8;9.7;315;12
74869;Schwarzach;-11.0;9.9;285;12
74889;Sinsheim;-10.5;10.5;168;12
74906;Bad Rappenau;-11.0;10.1;252;12
74909;Meckesheim;-10.5;10.4;182;12
74912;Kirchardt;-10.8;10.1;238;12
74915;Waibstadt;-10.6;10.3;209;12
74918;Angelbachtal;-10.6;10.4;188;12
74921;Helmstadt-Bargen;-10.8;10.2;216;12
74924;Neckarbischofsheim;-10.8;10.1;242;12
74925;Epfenbach;-10.8;10.1;237;12
74927;Eschelbronn;-10.3;10.5;164;12
74928;Hüffenhardt;-10.8;9.8;307;12
74930;Ittlingen;-10.6;10.3;206;12
74931;Lobbach;-10.8;10.1;243;12
74933;Neidenstein;-10.5;10.5;171;12
74934;Reichartshausen;-10.9;9.8;308;12
74936;Siegelsbach;-11.1;9.9;288;12
74937;Spechbach;-10.7;10.2;216;12
74939;Zuzenhausen;-10.3;10.6;145;12
75015;Bretten;-10.7;10.2;220;6
75031;Eppingen;-10.6;10.4;198;6
75038;Oberderdingen;-10.7;10.3;203;6
75045;Walzbachtal;-10.7;10.3;201;6
75050;Gemmingen;-10.8;10.2;228;12
75053;Gondelsheim;-10.6;10.3;192;6
75056;Sulzfeld;-10.6;10.3;193;6
75057;Kürnbach;-10.8;10.2;206;6
75059;Zaisenhausen;-10.6;10.3;201;6
75172;Pforzheim;-11.0;10.2;291;6
75173;Pforzheim;-10.7;10.3;264;6
75175;Pforzheim;-11.3;9.8;320;6
75177;Pforzheim;-11.6;9.5;344;6
75179;Pforzheim;-11.3;9.6;332;6
75180;Pforzheim;-11.7;9.2;425;6
75181;Pforzheim;-11.8;9.1;436;6
75196;Remchingen;-10.5;10.5;191;6
75203;Königsbach-Stein;-10.8;10.1;240;6
75210;Keltern;-10.7;10.4;202;6
75217;Birkenfeld;-11.4;9.5;381;6
75223;Niefern-Ö“schelbronn;-11.4;9.6;278;6
75228;Ispringen;-11.5;9.5;337;6
75233;Tiefenbronn;-11.7;9.2;437;6
75236;Kämpfelbach;-11.3;9.7;294;6
75239;Eisingen;-11.3;9.7;312;6
75242;Neuhausen;-12.0;8.9;507;6
75245;Neulingen;-11.5;9.5;321;6
75248;Ö“lbronn-Dürrn;-11.5;9.6;280;6
75249;Kieselbronn;-11.5;9.5;363;6
75305;Neuenbürg;-12.3;8.4;606;6
75323;Bad Wildbad;-13.7;7.5;776;8
75328;Schömberg;-12.8;8.1;669;6
75331;Engelsbrand;-12.4;8.5;573;6
75334;Straubenhardt;-11.5;9.5;379;6
75335;Dobel;-12.8;8.1;662;8
75337;Enzklösterle;-13.0;8.0;686;8
75339;Höfen an der Enz;-11.4;9.6;365;6
75365;Calw;-11.3;9.9;341;6
75378;Bad Liebenzell;-11.7;9.1;468;6
75382;Althengstett;-11.8;8.9;525;6
75385;Bad Teinach-Zavelstein;-12.3;8.4;608;6
75387;Neubulach;-12.3;8.5;603;6
75389;Neuweiler;-13.1;7.9;700;6
75391;Gechingen;-11.8;9.1;482;6
75392;Deckenpfronn;-12.2;8.7;562;6
75394;Oberreichenbach;-13.1;7.9;700;6
75395;Ostelsheim;-12.1;8.8;535;6
75397;Simmozheim;-12.1;8.7;546;6
75399;Unterreichenbach;-11.8;9.3;411;6
75417;Mühlacker;-11.5;9.6;292;6
75428;Illingen;-11.6;9.5;268;6
75433;Maulbronn;-11.5;9.6;284;6
75438;Knittlingen;-11.0;10.0;233;6
75443;Ö“tisheim;-11.7;9.7;239;6
75446;Wiernsheim;-11.8;9.4;376;6
75447;Sternenfels;-11.7;9.4;349;6
75449;Wurmberg;-11.8;9.2;408;6
76131;Karlsruhe;-10.1;11.0;125;12
76133;Karlsruhe;-9.3;11.6;117;12
76135;Karlsruhe;-9.5;11.5;114;12
76137;Karlsruhe;-9.5;11.3;119;12
76139;Karlsruhe;-10.0;11.1;112;12
76149;Karlsruhe;-9.8;11.2;111;12
76185;Karlsruhe;-9.5;11.5;109;12
76187;Karlsruhe;-10.0;11.2;102;12
76189;Karlsruhe;-10.0;11.1;105;12
76199;Karlsruhe;-10.0;11.1;114;12
76227;Karlsruhe;-9.9;11.2;130;12
76228;Karlsruhe;-10.7;10.1;251;6
76229;Karlsruhe;-10.0;11.0;113;12
76275;Ettlingen;-10.2;10.7;174;6
76287;Rheinstetten;-10.1;11.1;114;12
76297;Stutensee;-10.1;11.0;115;12
76307;Karlsbad;-11.2;9.8;295;6
76316;Malsch;-10.2;10.9;138;6
76327;Pfinztal;-10.2;10.8;144;6
76332;Bad Herrenalb;-11.5;9.4;391;8
76337;Waldbronn;-10.6;10.4;223;6
76344;Eggenstein-Leopoldshafen;-10.0;11.1;100;12
76351;Linkenheim-Hochstetten;-10.0;11.0;104;12
76356;Weingarten;-10.3;10.8;145;12
76359;Marxzell;-10.8;10.1;263;6
76437;Rastatt;-9.7;11.3;112;12
76448;Durmersheim;-10.0;11.1;107;12
76456;Kuppenheim;-10.2;10.5;214;6
76461;Muggensturm;-10.2;11.0;122;12
76467;Bietigheim;-10.1;11.1;118;12
76470;Ö“tigheim;-10.1;11.2;120;12
76473;Iffezheim;-10.1;11.1;114;12
76474;Au am Rhein;-10.0;11.1;110;12
76476;Bischweier;-10.1;11.0;133;6
76477;Elchesheim-Illingen;-10.0;11.1;110;12
76479;Steinmauern;-10.0;11.1;108;12
76530;Baden-Baden;-10.1;10.5;228;6
76532;Baden-Baden;-10.0;11.0;125;12
76534;Baden-Baden;-11.0;9.8;323;6
76547;Sinzheim;-10.1;11.0;125;12
76549;Hügelsheim;-10.2;11.0;122;12
76571;Gaggenau;-10.7;10.1;266;6
76593;Gernsbach;-11.8;9.1;478;8
76596;Forbach;-12.3;8.5;618;8
76597;Loffenau;-11.5;9.4;402;8
76599;Weisenbach;-10.8;10.0;274;8
76646;Bruchsal;-10.4;10.4;196;12
76661;Philippsburg;-10.0;11.1;95;12
76669;Bad Schönborn;-10.2;11.0;106;12
76676;Graben-Neudorf;-9.9;11.0;108;12
76684;Ö“stringen;-10.6;10.2;217;6
76689;Karlsdorf-Neuthard;-10.1;11.0;110;12
76694;Forst;-10.0;11.0;112;12
76698;Ubstadt-Weiher;-10.3;10.7;146;12
76703;Kraichtal;-10.5;10.3;198;6
76706;Dettenheim;-9.9;11.0;98;12
76707;Hambrücken;-10.0;11.0;105;12
76709;Kronau;-10.1;11.0;108;12
76726;Germersheim;-9.9;11.0;99;12
76744;Wörth;-10.1;10.9;131;12
76751;Jockgrim;-9.9;11.1;97;12
76756;Bellheim;-9.9;11.0;116;12
76761;Rülzheim;-10.0;11.0;116;12
76764;Rheinzabern;-10.0;11.0;110;12
76767;Hagenbach;-10.0;11.1;104;12
76768;Berg;-10.0;11.1;109;12
76770;Hatzenbühl;-10.0;11.0;116;12
76771;Hördt;-9.9;11.0;101;12
76773;Kuhardt;-10.0;11.0;110;12
76774;Leimersheim;-9.9;11.0;99;12
76776;Neuburg am Rhein;-10.0;11.1;103;12
76777;Neupotz;-9.9;11.1;100;12
76779;Scheibenhardt;-10.1;11.0;125;12
76829;Landau in der Pfalz;-10.1;10.7;169;12
76831;Billigheim-Ingenheim, Birkweiler;-10.0;10.7;163;6
76833;Frankweiler;-10.2;10.2;247;6
76835;Rhodt u.a.;-10.1;10.0;309;6
76846;Hauenstein;-10.1;10.0;295;6
76848;Wilgartswiesen;-11.6;8.9;539;6
76855;Annweiler am Trifels;-11.0;9.4;431;6
76857;Albersweiler, Silz u.a.;-10.8;9.5;417;6
76863;Herxheim;-10.0;11.0;115;12
76865;Insheim;-10.0;10.8;145;12
76870;Kandel;-10.1;10.9;132;12
76872;Steinweiler;-10.1;10.9;132;12
76877;Offenbach an der Queich;-9.9;10.9;129;12
76879;Hochstadt;-9.9;10.9;132;12
76887;Bad Bergzabern u.a.;-10.2;10.6;196;6
76889;Klingenmünster u.a.;-10.1;10.4;220;6
76891;Bruchweiler-Bärenbach u.a.;-10.2;10.1;270;6
77652;Offenburg;-9.5;10.9;151;12
77654;Offenburg;-9.5;10.7;193;12
77656;Offenburg;-8.8;11.3;154;12
77694;Kehl;-9.4;11.0;136;12
77704;Oberkirch;-9.7;10.7;204;6
77709;Wolfach, Oberwolfach;-11.2;9.4;483;8
77716;Fischerbach, Haslach, Hofstetten;-9.8;10.6;227;12
77723;Gengenbach;-9.8;10.6;218;12
77728;Oppenau;-10.8;9.9;355;6
77731;Willstätt;-9.4;11.0;140;12
77736;Zell am Harmersbach;-10.7;10.1;329;12
77740;Bad Peterstal-Griesbach;-11.4;9.4;459;8
77743;Neuried;-9.5;10.9;144;12
77746;Schutterwald;-9.5;10.8;156;12
77749;Hohberg;-9.6;10.8;177;12
77756;Hausach;-10.2;10.5;253;6
77761;Schiltach;-11.4;9.2;509;8
77767;Appenweier;-9.5;11.0;142;12
77770;Durbach;-10.0;10.4;262;6
77773;Schenkenzell;-11.8;9.0;546;8
77776;Bad Rippoldsau-Schapbach;-13.2;7.8;752;8
77781;Biberach;-9.9;10.6;233;12
77784;Oberharmersbach;-10.8;10.0;347;6
77787;Nordrach;-10.9;9.9;365;6
77790;Steinach;-10.0;10.5;244;12
77791;Berghaupten;-9.7;10.7;193;12
77793;Gutach (Schwarzwaldbahn);-11.0;9.8;390;6
77794;Lautenbach;-10.8;9.9;371;6
77796;Mühlenbach;-11.1;9.7;416;6
77797;Ohlsbach;-9.8;10.6;211;12
77799;Ortenberg;-9.6;10.7;190;12
77815;Bühl;-9.6;10.8;186;6
77830;Bühlertal;-10.6;10.1;279;6
77833;Ottersweier;-9.7;11.0;131;12
77836;Rheinmünster;-10.0;11.0;127;12
77839;Lichtenau;-9.8;11.0;125;12
77855;Achern;-9.3;11.0;136;12
77866;Rheinau;-9.6;11.0;129;12
77871;Renchen;-9.4;10.9;149;12
77876;Kappelrodeck;-10.7;9.8;369;6
77880;Sasbach;-11.6;9.1;498;6
77883;Ottenhöfen im Schwarzwald;-10.7;9.9;352;6
77886;Lauf;-10.7;9.8;364;6
77887;Sasbachwalden;-13.3;7.7;772;6
77889;Seebach;-12.6;8.2;685;8
77933;Lahr/Schwarzwald;-9.5;11.0;176;12
77948;Friesenheim;-9.7;10.7;185;12
77955;Ettenheim;-10.1;10.5;259;6
77960;Seelbach;-9.8;10.7;216;6
77963;Schwanau;-9.7;10.8;151;12
77966;Kappel-Grafenhausen;-9.6;10.8;160;12
77971;Kippenheim;-9.9;10.5;259;12
77972;Mahlberg;-9.6;10.9;159;12
77974;Meißenheim;-9.5;10.9;147;12
77975;Ringsheim;-9.6;10.8;164;12
77977;Rust;-9.6;10.8;166;12
77978;Schuttertal;-10.6;9.7;436;6
78048;Villingen-Schwenningen;-12.9;8.2;736;14
78050;Villingen-Schwenningen;-12.8;8.3;730;14
78052;Villingen-Schwenningen;-13.0;8.1;740;14
78054;Villingen-Schwenningen;-12.8;8.2;725;14
78056;Villingen-Schwenningen;-12.5;8.3;685;14
78073;Bad Dürrheim;-12.7;8.3;696;14
78078;Niedereschach;-12.6;8.2;698;14
78083;Dauchingen;-12.8;8.1;723;14
78086;Brigachtal;-12.7;8.3;691;14
78087;Mönchweiler;-13.0;7.9;759;14
78089;Unterkirnach;-13.1;7.8;800;14
78098;Triberg im Schwarzwald;-13.3;7.6;815;8
78112;Sankt Georgen im Schwarzwald;-13.3;7.6;824;8
78120;Furtwangen im Schwarzwald;-13.3;7.3;904;8
78126;Königsfeld im Schwarzwald;-13.2;7.8;786;14
78132;Hornberg;-12.1;8.7;628;8
78136;Schonach im Schwarzwald;-13.5;7.2;908;8
78141;Schönwald im Schwarzwald;-13.8;6.9;1008;8
78144;Schramberg;-13.2;7.5;833;8
78147;Vöhrenbach;-13.1;7.7;809;8
78148;Gütenbach;-13.5;7.2;924;8
78166;Donaueschingen;-12.6;8.2;719;14
78176;Blumberg;-12.6;8.3;727;14
78183;Hüfingen;-13.0;8.1;761;14
78187;Geisingen;-13.3;7.8;828;14
78194;Immendingen;-13.1;7.8;804;14
78199;Bräunlingen;-13.0;8.1;747;14
78224;Singen (Hohentwiel);-9.8;9.9;445;13
78234;Engen;-10.5;9.3;525;14
78239;Rielasingen-Worblingen;-9.5;10.0;413;13
78244;Gottmadingen;-9.6;9.8;430;13
78247;Hilzingen;-11.3;8.7;639;13
78250;Tengen;-11.3;8.7;639;14
78253;Eigeltingen;-11.5;8.6;631;14
78256;Steißlingen;-9.8;9.7;448;13
78259;Mühlhausen-Ehingen;-10.0;9.6;474;13
78262;Gailingen am Hochrhein;-10.5;9.3;522;13
78266;Büsingen am Hochrhein;-9.7;9.9;404;13
78267;Aach;-10.3;9.4;514;13
78269;Volkertshausen;-9.7;9.8;440;13
78315;Radolfzell am Bodensee;-9.6;10.0;430;13
78333;Stockach;-10.2;9.5;514;13
78337;Ö“hningen;-11.3;8.9;613;13
78343;Gaienhofen;-9.8;9.7;464;13
78345;Moos;-9.6;10.0;407;13
78351;Bodman-Ludwigshafen;-9.3;10.0;392;13
78354;Sipplingen;-9.3;10.1;391;13
78355;Hohenfels;-11.7;8.5;633;13
78357;Mühlingen;-12.0;8.4;652;13
78359;Orsingen-Nenzingen;-9.8;9.7;454;13
78462;Konstanz;-9.1;10.4;392;13
78464;Konstanz;-9.4;10.1;418;13
78465;Konstanz;-9.8;9.6;493;13
78467;Konstanz;-9.2;10.4;404;13
78476;Allensbach;-9.7;9.6;477;13
78479;Reichenau;-9.3;10.1;392;13
78532;Tuttlingen;-12.3;8.5;673;14
78549;Spaichingen;-12.3;8.5;666;14
78554;Aldingen;-12.4;8.5;662;6
78559;Gosheim;-13.1;7.7;846;14
78564;Wehingen, Reichenbach;-13.1;7.8;802;14
78567;Fridingen an der Donau;-12.3;8.4;675;14
78570;Mühlheim an der Donau;-13.1;7.8;807;14
78573;Wurmlingen;-12.5;8.4;683;14
78576;Emmingen-Liptingen;-12.6;8.1;756;14
78579;Neuhausen ob Eck;-12.6;8.1;741;14
78580;Bärenthal;-12.3;8.4;671;14
78582;Balgheim;-12.6;8.2;716;14
78583;Böttingen;-13.5;7.4;905;14
78585;Bubsheim;-13.5;7.3;932;14
78586;Deilingen;-13.2;7.7;814;14
78588;Denkingen;-12.7;8.2;720;14
78589;Dürbheim;-13.0;7.9;779;14
78591;Durchhausen;-12.7;8.2;717;14
78592;Egesheim;-13.4;7.4;888;14
78594;Gunningen;-12.8;8.1;727;14
78595;Hausen ob Verena;-13.2;7.7;837;14
78597;Irndorf;-13.3;7.5;850;14
78598;Königsheim;-13.4;7.4;888;14
78600;Kolbingen;-13.2;7.6;837;14
78601;Mahlstetten;-13.4;7.5;877;14
78603;Renquishausen;-13.5;7.4;894;14
78604;Rietheim-Weilheim;-12.7;8.2;715;14
78606;Seitingen-Oberflacht;-13.0;8.0;770;14
78607;Talheim;-12.9;8.1;750;14
78609;Tuningen;-12.8;8.1;741;14
78628;Rottweil;-12.1;8.8;584;6
78647;Trossingen;-12.7;8.4;696;14
78652;Deißlingen;-12.3;8.7;619;6
78655;Dunningen;-12.6;8.3;666;6
78658;Zimmern ob Rottweil;-12.5;8.4;657;6
78661;Dietingen;-12.1;8.8;564;6
78662;Bösingen;-12.6;8.3;657;6
78664;Eschbronn;-12.8;8.0;727;14
78665;Frittlingen;-12.5;8.4;688;14
78667;Villingendorf;-12.3;8.4;638;6
78669;Wellendingen;-12.3;8.5;637;14
78713;Schramberg;-12.8;8.2;694;6
78727;Oberndorf am Neckar;-11.7;9.1;510;6
78730;Lauterbach;-12.6;8.2;687;8
78733;Aichhalden;-12.7;8.2;673;6
78736;Epfendorf;-12.3;8.6;607;6
78737;Fluorn-Winzeln;-12.6;8.3;658;6
78739;Hardt;-13.1;7.8;768;14
79098;Freiburg im Breisgau;-9.7;11.4;272;6
79100;Freiburg im Breisgau;-10.8;9.7;490;6
79102;Freiburg im Breisgau;-9.8;11.2;284;6
79104;Freiburg im Breisgau;-10.2;10.8;323;6
79106;Freiburg im Breisgau;-9.7;11.4;264;6
79108;Freiburg im Breisgau;-9.9;11.3;234;6
79110;Freiburg im Breisgau;-9.7;11.5;238;12
79111;Freiburg im Breisgau;-9.8;11.3;233;12
79112;Freiburg im Breisgau;-10.0;11.1;203;12
79114;Freiburg im Breisgau;-9.5;11.6;242;12
79115;Freiburg im Breisgau;-9.6;11.6;250;6
79117;Freiburg im Breisgau;-11.0;9.5;542;6
79183;Waldkirch;-11.0;9.9;430;6
79189;Bad Krozingen;-10.0;10.9;243;12
79194;Gundelfingen, Heuweiler;-10.2;10.8;294;6
79199;Kirchzarten;-10.7;10.2;391;8
79206;Breisach am Rhein;-10.1;11.0;192;12
79211;Denzlingen;-10.1;11.2;228;6
79215;Elzach, Biederbach;-10.7;10.0;390;6
79219;Staufen im Breisgau;-10.3;10.5;314;6
79224;Umkirch;-10.0;11.2;205;12
79227;Schallstadt;-10.0;11.0;229;12
79232;March;-10.1;11.2;196;12
79235;Vogtsburg im Kaiserstuhl;-10.1;10.9;226;12
79238;Ehrenkirchen;-10.3;10.6;300;6
79241;Ihringen;-10.2;11.0;225;12
79244;Münstertal;-13.0;8.0;794;8
79249;Merzhausen;-10.2;10.8;288;6
79252;Stegen;-11.0;9.6;507;8
79254;Oberried;-13.6;6.0;1156;8
79256;Buchenbach;-10.8;9.8;469;8
79258;Hartheim;-10.0;11.0;197;12
79261;Gutach im Breisgau;-10.7;9.7;447;6
79263;Simonswald;-10.7;9.8;433;8
79268;Bötzingen;-10.1;11.1;198;12
79271;Sankt Peter;-13.5;7.2;917;8
79274;St, Märgen;-13.3;7.5;861;8
79276;Reute;-10.1;11.1;204;12
79279;Vörstetten;-10.1;11.2;206;12
79280;Au (Breisgau);-10.5;10.3;361;6
79282;Ballrechten-Dottingen;-10.3;10.5;307;6
79283;Bollschweil;-11.1;9.4;571;6
79285;Ebringen;-10.8;9.9;448;6
79286;Glottertal;-10.9;9.7;485;8
79288;Gottenheim;-10.1;11.1;234;12
79289;Horben;-11.1;9.4;572;6
79291;Merdingen;-10.1;11.1;191;12
79292;Pfaffenweiler;-10.3;10.5;327;6
79294;Sölden;-10.6;10.3;360;6
79295;Sulzburg;-10.9;9.5;538;6
79297;Winden im Elztal;-10.5;10.2;365;6
79299;Wittnau;-10.7;10.2;375;6
79312;Emmendingen;-10.1;11.1;219;6
79331;Teningen;-10.0;11.2;190;12
79336;Herbolzheim;-9.8;10.8;210;12
79341;Kenzingen;-10.1;10.9;235;12
79346;Endingen am Kaiserstuhl;-10.2;10.9;229;12
79348;Freiamt;-10.6;9.8;434;6
79350;Sexau;-10.4;10.4;339;6
79353;Bahlingen;-10.0;11.1;185;12
79356;Eichstetten;-10.2;10.9;245;12
79359;Riegel;-9.8;11.0;175;12
79361;Sasbach am Kaiserstuhl;-9.9;11.0;187;12
79362;Forchheim;-9.7;11.0;171;12
79364;Malterdingen;-10.1;10.9;227;12
79365;Rheinhausen;-9.6;10.9;167;12
79367;Weisweil;-9.6;10.9;169;12
79369;Wyhl;-9.7;11.0;172;12
79379;Müllheim;-9.8;10.8;270;12
79395;Neuenburg am Rhein;-9.9;10.9;218;12
79400;Kandern;-10.3;10.0;392;12
79410;Badenweiler;-12.5;8.4;755;6
79415;Bad Bellingen;-10.4;10.2;363;12
79418;Schliengen;-10.3;10.4;328;6
79423;Heitersheim;-10.0;10.9;235;12
79424;Auggen;-9.9;10.9;233;12
79426;Buggingen;-9.9;10.9;221;12
79427;Eschbach;-9.9;11.0;210;12
79429;Malsburg-Marzell;-11.3;9.1;640;6
79539;Lörrach;-10.0;10.8;282;12
79540;Lörrach;-10.2;10.1;391;12
79541;Lörrach;-10.1;10.6;313;12
79576;Weil am Rhein;-10.1;10.8;262;12
79585;Steinen;-10.5;9.7;466;6
79588;Efringen-Kirchen;-10.3;10.4;329;12
79589;Binzen;-10.2;10.7;272;12
79591;Eimeldingen;-10.2;10.7;264;12
79592;Fischingen;-10.2;10.7;267;12
79594;Inzlingen;-10.2;10.1;383;12
79595;Rümmingen;-10.3;10.3;354;12
79597;Schallbach;-10.2;10.4;318;12
79599;Wittlingen;-10.2;10.5;313;12
79618;Rheinfelden (Baden);-10.1;10.1;417;12
79639;Grenzach-Wyhlen;-10.1;10.7;273;12
79650;Schopfheim;-10.5;9.7;508;6
79664;Wehr;-10.1;10.0;423;6
79669;Zell im Wiesental;-11.6;9.0;665;6
79674;Todtnau;-13.8;6.8;993;11
79677;Schönau im Schwarzwald;-12.2;8.6;718;8
79682;Todtmoos;-13.6;7.6;887;8
79685;Häg-Ehrsberg;-13.6;7.5;889;8
79686;Hasel;-10.5;9.7;514;6
79688;Hausen im Wiesental;-10.5;9.7;513;6
79689;Maulburg;-10.3;10.3;346;12
79692;Kleines Wiesental;-12.5;8.4;754;6
79694;Utzenfeld;-11.5;9.0;640;8
79695;Wieden;-13.3;7.6;860;11
79713;Bad Säckingen;-9.9;10.5;329;12
79725;Laufenburg (Baden);-10.0;9.8;435;12
79730;Murg;-10.5;9.6;529;12
79733;Görwihl;-13.1;8.0;817;6
79736;Rickenbach;-12.8;8.3;781;6
79737;Herrischried;-13.6;7.4;921;6
79739;Schwörstadt;-10.1;10.0;406;6
79761;Waldshut-Tiengen;-10.0;9.7;440;6
79771;Klettgau;-9.8;10.0;390;12
79774;Albbruck;-10.6;9.5;544;12
79777;Ühlingen-Birkendorf;-12.1;8.6;712;6
79780;Stühlingen;-11.6;8.7;666;6
79787;Lauchringen;-9.6;10.2;354;12
79790;Küssaberg;-9.7;10.1;369;12
79793;Wutöschingen;-10.1;9.8;424;12
79798;Jestetten;-9.8;9.8;437;12
79801;Hohentengen am Hochrhein;-10.1;9.7;454;12
79802;Dettighofen;-10.3;9.5;501;12
79804;Dogern;-9.7;10.0;383;12
79805;Eggingen;-10.8;9.3;545;6
79807;Lottstetten;-9.8;9.9;412;12
79809;Weilheim;-12.8;8.4;756;6
79822;Titisee-Neustadt;-13.6;7.4;885;8
79837;St, Blasien, Ibach;-13.8;7.3;931;11
79843;Löffingen;-13.4;7.7;834;14
79848;Bonndorf im Schwarzwald;-13.5;7.7;850;14
79853;Lenzkirch;-13.6;7.5;875;8
79856;Hinterzarten;-13.7;6.2;1125;8
79859;Schluchsee;-14.1;6.9;1012;8
79862;Höchenschwand;-13.8;7.4;916;6
79865;Grafenhausen;-13.8;7.3;922;8
79868;Feldberg;-14.2;6.6;1045;11
79871;Eisenbach;-13.9;6.9;1014;8
79872;Bernau im Schwarzwald;-13.7;7.2;946;11
79874;Breitnau;-13.9;6.8;1002;8
79875;Dachsberg;-13.7;7.5;906;6
79877;Friedenweiler;-13.7;7.2;939;8
79879;Wutach;-13.3;7.9;807;14
80331;München;-11.1;10.2;522;13
80333;München;-11.1;10.2;518;13
80335;München;-11.2;10.1;521;13
80336;München;-12.2;9.3;516;13
80337;München;-11.2;10.1;526;13
80339;München;-12.3;9.2;528;13
80469;München;-11.3;10.1;522;13
80538;München;-12.2;9.4;513;13
80539;München;-11.2;10.2;518;13
80634;München;-11.5;9.9;524;13
80636;München;-11.2;10.1;521;13
80637;München;-11.5;9.8;520;13
80638;München;-12.8;9.1;518;13
80639;München;-12.8;9.0;528;13
80686;München;-12.7;9.1;534;13
80687;München;-12.9;9.0;532;13
80689;München;-13.2;8.9;533;13
80796;München;-11.3;10.0;520;13
80797;München;-11.3;10.0;520;13
80798;München;-11.3;10.0;520;13
80799;München;-11.2;10.2;518;13
80801;München;-11.3;10.0;517;13
80802;München;-12.2;9.4;508;13
80803;München;-11.4;9.9;511;13
80804;München;-11.4;9.9;511;13
80805;München;-13.1;9.0;501;13
80807;München;-12.5;9.2;505;13
80809;München;-12.9;9.0;509;13
80933;München;-13.1;9.0;495;13
80935;München;-12.8;9.1;503;13
80937;München;-13.5;8.9;497;13
80939;München;-12.9;9.2;495;13
80992;München;-12.7;9.1;510;13
80993;München;-13.0;9.0;509;13
80995;München;-13.6;8.8;495;13
80997;München;-13.3;8.9;515;13
80999;München;-13.3;8.9;509;13
81241;München;-13.1;9.0;532;13
81243;München;-13.2;9.0;530;13
81245;München;-13.1;9.0;523;13
81247;München;-13.0;9.0;517;13
81249;München;-13.7;8.8;533;13
81369;München;-12.8;9.1;545;13
81371;München;-12.6;9.2;531;13
81373;München;-11.8;9.6;538;13
81375;München;-13.3;8.9;542;13
81377;München;-13.3;8.9;546;13
81379;München;-13.0;9.0;551;13
81475;München;-13.9;8.6;564;13
81476;München;-13.7;8.7;565;13
81477;München;-13.5;8.8;565;13
81479;München;-13.5;8.8;570;13
81539;München;-12.6;9.2;540;13
81541;München;-12.5;9.2;530;13
81543;München;-12.5;9.2;523;13
81545;München;-13.8;8.6;567;13
81547;München;-12.8;9.1;538;13
81549;München;-13.1;9.0;541;13
81667;München;-11.5;9.8;537;13
81669;München;-12.5;9.2;533;13
81671;München;-12.7;9.1;533;13
81673;München;-12.8;9.1;526;13
81675;München;-12.3;9.3;532;13
81677;München;-13.0;9.0;530;13
81679;München;-12.3;9.3;524;13
81735;München;-13.0;9.0;538;13
81737;München;-13.0;9.1;541;13
81739;München;-13.5;8.8;545;13
81825;München;-12.9;9.1;530;13
81827;München;-13.5;8.8;539;13
81829;München;-13.2;8.9;525;13
81925;München;-12.7;9.2;520;13
81927;München;-13.0;9.0;518;13
81929;München;-13.4;8.8;511;13
82008;Unterhaching;-13.8;8.6;558;13
82024;Taufkirchen;-14.0;8.5;571;13
82031;Grünwald;-14.1;8.4;581;13
82041;Oberhaching;-14.3;8.2;623;13
82049;Pullach i, Isartal;-13.9;8.6;588;13
82054;Sauerlach;-14.3;8.1;643;13
82057;Icking;-14.4;7.8;701;13
82061;Neuried;-14.3;8.4;591;13
82064;Straßlach-Dingharting;-14.3;8.1;647;13
82065;Baierbrunn;-14.3;8.1;655;13
82067;Schäftlarn;-14.3;8.1;647;13
82069;Schäftlarn;-14.6;7.9;695;13
82110;Germering;-13.8;8.7;537;13
82131;Gauting;-14.2;8.4;618;13
82140;Olching;-13.8;8.8;505;13
82152;Planegg/Krailling;-14.1;8.5;562;13
82166;Gräfelfing;-13.5;8.8;538;13
82178;Puchheim;-13.9;8.7;524;13
82194;Gröbenzell;-13.3;9.0;510;13
82205;Gilching;-14.3;8.6;557;13
82211;Herrsching a, Ammersee;-14.2;8.7;536;13
82216;Maisach;-14.1;8.7;509;13
82223;Eichenau;-14.2;8.7;530;13
82229;Seefeld;-14.0;8.4;619;13
82234;Weßling;-14.2;8.5;604;13
82237;Wörthsee;-14.3;8.5;578;13
82239;Alling;-14.3;8.5;573;13
82256;Fürstenfeldbruck;-14.2;8.6;535;13
82266;Inning a, Ammersee;-14.1;8.6;579;13
82269;Geltendorf;-14.3;8.6;569;13
82272;Moorenweis;-14.2;8.5;591;13
82275;Emmering;-13.8;8.7;513;13
82276;Adelshofen;-14.4;8.6;537;13
82278;Althegnenberg;-14.5;8.6;538;13
82279;Eching a, Ammersee;-14.2;8.7;540;13
82281;Egenhofen;-14.3;8.7;508;13
82284;Grafrath;-14.1;8.6;570;13
82285;Hattenhofen;-14.5;8.6;537;13
82287;Jesenwang;-14.3;8.5;563;13
82288;Kottgeisering;-14.1;8.5;580;13
82290;Landsberied;-14.3;8.5;570;13
82291;Mammendorf;-14.4;8.6;535;13
82293;Mittelstetten;-14.3;8.7;509;13
82294;Oberschweinbach;-14.4;8.6;527;13
82296;Schöngeising;-14.2;8.7;532;13
82297;Steindorf;-14.5;8.6;534;13
82299;Türkenfeld;-14.0;8.5;599;13
82319;Starnberg;-14.0;8.2;651;13
82327;Tutzing;-14.3;7.8;721;13
82335;Berg;-14.2;8.2;646;13
82340;Feldafing;-14.1;8.2;658;13
82343;Pöcking;-14.0;8.2;646;13
82346;Andechs;-14.5;8.0;700;13
82347;Bernried;-14.1;8.3;632;13
82349;Pentenried;-14.3;8.5;581;13
82362;Weilheim i, OB;-13.8;8.7;557;13
82377;Penzberg;-14.0;8.4;612;13
82380;Peißenberg;-14.0;8.6;586;15
82383;Hohenpeißenberg;-14.1;7.9;787;15
82386;Huglfing;-13.8;8.5;588;13
82387;Antdorf;-14.0;8.2;630;13
82389;Böbing;-14.0;7.8;730;15
82390;Eberfing;-14.1;8.1;660;13
82392;Habach;-13.8;7.9;671;13
82393;Iffeldorf;-13.9;8.4;605;13
82395;Obersöchering;-13.8;7.9;676;13
82396;Pähl;-14.0;8.6;584;13
82398;Polling;-13.9;8.6;567;13
82399;Raisting;-13.8;8.7;556;13
82401;Rottenbuch;-14.1;7.7;807;15
82402;Seeshaupt;-14.1;8.3;625;13
82404;Sindelsdorf;-13.7;8.3;602;13
82405;Wessobrunn;-14.1;8.2;673;15
82407;Wielenbach;-14.1;8.6;580;13
82409;Wildsteig;-14.3;7.6;868;15
82418;Murnau a, Staffelsee;-14.1;7.9;690;13
82431;Kochel a, See;-14.2;7.6;729;15
82432;Walchensee;-14.0;7.8;796;15
82433;Bad Kohlgrub;-14.2;7.5;750;15
82435;Bayersoien;-14.1;7.7;785;15
82436;Eglfing;-13.8;8.1;656;13
82438;Eschenlohe;-14.7;7.2;839;15
82439;Großweil;-13.9;8.1;626;13
82441;Ohlstadt;-14.2;7.5;738;15
82442;Saulgrub;-15.3;6.9;1069;15
82444;Schlehdorf;-13.9;8.1;632;15
82445;Schwaigen;-15.1;7.0;1048;15
82447;Spatzenhausen;-13.8;7.9;676;13
82449;Uffing a, Staffelsee;-14.0;7.7;711;15
82467;Garmisch-Partenkirchen;-15.3;7.0;972;15
82475;Garmisch-Partenkirchen (Schneefernerhaus);-19.2;0.1;2356;15
82481;Mittenwald;-15.5;5.6;1287;15
82487;Oberammergau;-14.1;7.5;839;15
82488;Ettal;-14.8;7.3;872;15
82490;Farchant;-14.0;7.6;667;15
82491;Grainau;-15.6;6.4;1090;15
82493;Krün;-15.4;6.6;1075;15
82494;Krün;-15.2;6.8;1045;15
82496;Oberau;-13.9;7.8;651;15
82497;Unterammergau;-14.1;7.5;843;15
82499;Wallgau;-15.2;6.6;1099;15
82515;Wolfratshausen;-13.6;8.6;580;13
82538;Geretsried;-14.0;8.3;633;13
82541;Münsing;-14.2;8.2;652;13
82544;Egling;-14.3;8.1;646;13
82547;Eurasburg;-13.9;8.3;616;13
82549;Königsdorf;-13.8;8.4;599;13
83022;Rosenheim;-11.9;9.5;447;13
83024;Rosenheim;-12.1;9.4;450;13
83026;Rosenheim;-12.3;9.2;459;13
83043;Bad Aibling;-12.5;8.9;482;13
83052;Bruckmühl;-12.8;8.7;502;13
83059;Kolbermoor;-12.3;9.0;464;13
83064;Raubling;-12.5;8.8;478;13
83071;Stephanskirchen;-12.6;8.8;482;13
83075;Bad Feilnbach;-12.5;8.8;483;13
83080;Oberaudorf;-13.3;7.8;713;15
83083;Riedering;-12.9;8.5;548;13
83088;Kiefersfelden;-14.2;7.2;880;15
83093;Bad Endorf;-12.6;8.6;527;13
83098;Brannenburg;-13.9;7.6;735;15
83101;Rohrdorf;-12.6;8.8;483;13
83104;Tuntenhausen;-13.0;8.6;508;13
83109;Großkarolinenfeld;-12.5;8.8;471;13
83112;Frasdorf;-13.1;8.3;600;13
83115;Neubeuern;-12.5;8.9;469;13
83119;Obing;-13.1;8.3;566;13
83122;Samerberg;-13.3;8.1;662;13
83123;Amerang;-13.0;8.5;508;13
83125;Eggstätt;-12.8;8.5;528;13
83126;Flintsbach a, Inn;-15.0;6.0;1186;15
83128;Halfing;-12.8;8.6;502;13
83129;Höslwang;-13.1;8.3;580;13
83131;Nußdorf a, Inn;-13.7;7.5;749;15
83132;Pittenhart;-13.2;8.3;587;13
83134;Prutting;-12.8;8.6;508;13
83135;Schechen;-12.4;8.9;441;13
83137;Schonstett;-12.9;8.6;488;13
83139;Söchtenau;-12.7;8.7;482;13
83209;Prien a, Chiemsee, Herrenchiemssee;-12.7;8.6;529;13
83224;Grassau;-12.8;8.5;538;13
83229;Aschau i, Chiemgau;-13.3;8.1;657;15
83233;Bernau a, Chiemsee;-12.8;8.6;522;13
83236;Übersee;-12.8;8.6;521;13
83242;Reit im Winkl;-14.4;6.6;1032;15
83246;Unterwössen;-12.9;8.3;622;13
83250;Marquartstein;-12.8;8.5;547;13
83253;Rimsting;-12.8;8.5;546;13
83254;Breitbrunn a, Chiemsee;-12.8;8.5;546;13
83256;Chiemsee;-12.8;8.6;515;13
83257;Gstadt a, Chiemsee;-12.8;8.4;556;13
83259;Schleching;-14.0;7.3;807;15
83278;Traunstein;-12.8;8.3;635;13
83301;Traunreut;-12.9;8.6;525;13
83308;Trostberg;-13.1;8.7;482;13
83313;Siegsdorf;-13.6;7.7;750;13
83317;Teisendorf;-13.1;8.9;490;13
83324;Ruhpolding;-15.0;5.1;1360;15
83329;Waging a, See;-13.0;8.8;481;13
83334;Inzell;-13.3;7.8;719;15
83339;Chieming;-13.1;8.5;550;13
83342;Tacherting;-13.4;8.4;509;13
83346;Bergen;-13.6;7.7;727;13
83349;Palling;-13.0;8.5;539;13
83352;Altenmarkt a.d, Alz;-13.2;8.5;531;13
83355;Grabenstätt;-12.8;8.6;525;13
83358;Seeon-Seebruck;-12.9;8.5;526;13
83361;Kienberg;-13.1;8.3;552;13
83362;Surberg;-13.0;8.5;585;13
83364;Neukirchen am Teisenberg;-13.2;7.9;705;13
83365;Nußdorf;-13.3;8.4;577;13
83367;Petting;-13.2;9.0;453;13
83368;St, Georgen;-13.1;8.4;563;13
83370;Seeon-Seebruck;-13.2;8.5;534;13
83371;Stein a.d, Traun;-13.2;8.5;536;13
83373;Taching a, See;-13.0;8.7;517;13
83374;Traunreut;-13.1;8.5;557;13
83376;Seeon-Seebruck;-13.1;8.6;517;13
83377;Vachendorf;-12.8;8.4;604;13
83379;Wonneberg;-13.2;8.5;573;13
83395;Freilassing;-12.9;9.6;421;13
83404;Ainring;-13.3;9.1;437;13
83410;Laufen;-13.1;9.1;438;13
83413;Fridolfing;-13.0;9.2;407;13
83416;Saaldorf;-13.1;9.0;452;13
83417;Kirchanschöring;-13.0;9.0;447;13
83435;Bad Reichenhall;-13.2;9.0;473;15
83451;Piding;-13.6;9.0;459;13
83454;Anger;-12.9;8.5;586;13
83457;Bayerisch Gmain;-13.5;7.7;757;15
83458;Schneizlreuth;-12.3;8.7;538;15
83471;Berchtesgaden & Schönau;-14.6;6.6;998;15
83483;Bischofswiesen;-13.3;7.9;716;15
83486;Ramsau b, Berchtesgaden;-16.7;3.3;1778;15
83487;Marktschellenberg;-13.0;8.2;655;15
83512;Wasserburg a, Inn;-12.7;8.7;466;13
83527;Haag i, OB;-13.6;8.2;570;13
83530;Schnaitsee;-13.3;8.3;543;13
83533;Edling;-12.9;8.5;513;13
83536;Gars a, Inn;-13.4;8.5;493;13
83539;Pfaffing;-12.8;8.6;499;13
83543;Rott a, Inn;-12.7;8.7;473;13
83544;Albaching;-13.3;8.3;553;13
83546;Gars am Inn;-13.5;8.5;478;13
83547;Babensham;-13.2;8.4;519;13
83549;Eiselfing;-12.8;8.6;488;13
83550;Emmering;-12.8;8.7;483;13
83553;Frauenneuharting;-13.0;8.5;525;13
83555;Gars a, Inn;-13.5;8.6;439;13
83556;Griesstätt;-12.8;8.7;478;13
83558;Maitenbeth;-13.8;8.1;605;13
83559;Gars a, Inn;-13.6;8.7;410;13
83561;Ramerberg;-12.7;8.7;477;13
83562;Rechtmehring;-13.1;8.5;493;13
83564;Soyen;-12.9;8.5;503;13
83565;in der Gde Frauenneuharting;-13.3;8.4;539;13
83567;Unterreit;-13.3;8.4;518;13
83569;Vogtareuth;-12.7;8.7;477;13
83607;Holzkirchen;-14.2;7.7;724;15
83620;Feldkirchen-Westerham;-13.7;8.3;609;13
83623;Dietramszell;-14.3;7.7;725;15
83624;Otterfing;-14.3;8.0;663;13
83626;Valley;-13.9;8.0;656;13
83627;Warngau;-14.4;7.5;803;15
83629;Weyarn;-13.9;7.8;679;13
83646;Bad Tölz, Wackersberg;-13.9;8.1;664;15
83661;Lenggries;-15.3;6.6;1109;15
83666;Waakirchen;-14.3;7.6;770;15
83670;Bad Heilbrunn;-14.0;8.1;644;13
83671;Benediktbeuern;-14.3;7.4;877;15
83673;Bichl;-14.0;8.0;653;13
83674;Gaißach;-14.6;7.4;936;15
83676;Jachenau;-14.2;7.6;841;15
83677;Reichersbeuern;-14.0;7.8;706;15
83679;Sachsenkam;-14.1;7.7;716;15
83684;Tegernsee;-14.0;7.4;854;15
83700;Rottach-Egern;-15.2;6.4;1136;15
83703;Gmund a, Tegernsee;-14.1;7.6;753;15
83707;Bad Wiessee;-15.3;6.5;1114;15
83708;Kreuth;-14.7;7.2;957;15
83714;Miesbach;-13.9;7.8;702;15
83727;Schliersee;-14.5;7.2;973;15
83730;Fischbachau;-14.0;7.5;782;15
83734;Hausham;-14.1;7.6;751;15
83735;Bayrischzell;-14.6;6.8;1047;15
83737;Irschenberg;-13.8;7.8;684;13
84028;Landshut;-12.5;9.4;400;13
84030;Ergolding, Landshut;-13.5;8.8;426;13
84032;Landshut, Linden, Altdorf;-13.5;8.8;463;13
84034;Landshut;-13.2;9.1;394;13
84036;Landshut;-13.6;8.5;491;13
84048;Mainburg;-13.6;8.8;457;13
84051;Essenbach;-13.4;8.7;412;13
84056;Rottenburg a.d, Laaber;-13.6;8.6;450;13
84061;Ergoldsbach;-14.0;8.5;459;13
84066;Mallersdorf-Pfaffenberg;-13.8;8.6;419;13
84069;Schierling;-13.8;8.7;400;13
84072;Au in der Hallertau;-13.6;8.8;464;13
84076;Pfeffenhausen;-13.3;8.7;456;13
84079;Bruckberg;-13.5;8.9;436;13
84082;Laberweinting;-13.7;8.7;391;13
84085;Langquaid;-13.7;8.6;414;13
84088;Neufahrn i, NB;-13.8;8.6;425;13
84089;Aiglsbach;-13.4;8.8;437;13
84091;Attenhofen;-13.6;8.7;464;13
84092;Bayerbach bei Ergoldsbach;-13.8;8.6;411;13
84094;Elsendorf;-13.3;8.9;404;13
84095;Furth;-13.6;8.8;431;13
84097;Herrngiersdorf;-13.8;8.5;447;13
84098;Hohenthann;-14.0;8.5;483;13
84100;Niederaichbach;-13.7;8.5;464;13
84101;Obersüßbach;-13.6;8.7;477;13
84103;Postau;-13.6;8.6;431;13
84104;Rudelzhausen;-13.7;8.7;478;13
84106;Volkenschwand;-13.7;8.7;491;13
84107;Weihmichl;-13.8;8.8;448;13
84109;Wörth a.d, Isar;-13.6;8.9;368;13
84130;Dingolfing;-13.5;8.6;435;13
84137;Vilsbiburg;-13.6;8.6;449;13
84140;Gangkofen;-13.5;8.3;511;13
84144;Geisenhausen;-13.7;8.6;456;13
84149;Velden;-13.7;8.5;470;13
84152;Mengkofen;-14.0;8.5;423;13
84155;Bodenkirchen;-13.6;8.4;486;13
84160;Frontenhausen;-13.6;8.5;462;13
84163;Marklkofen;-13.2;8.8;400;13
84164;Moosthenning;-13.8;8.6;411;13
84166;Adlkofen;-13.6;8.4;486;13
84168;Aham;-14.0;8.7;416;13
84169;Altfraunhofen;-13.4;8.5;485;13
84171;Baierbach;-13.3;8.6;457;13
84172;Buch a, Erlbach;-13.8;8.6;501;13
84174;Eching;-13.6;8.9;432;13
84175;Gerzen;-13.8;8.6;430;13
84177;Gottfrieding;-13.6;8.6;406;13
84178;Kröning;-13.6;8.3;494;13
84180;Loiching;-13.7;8.5;458;13
84181;Neufraunhofen;-13.4;8.5;472;13
84183;Niederviehbach;-13.5;8.8;391;13
84184;Tiefenbach;-13.6;8.8;441;13
84186;Vilsheim;-13.7;8.6;483;13
84187;Weng;-13.7;8.7;407;13
84189;Wurmsham;-13.8;8.4;497;13
84307;Eggenfelden;-12.6;8.8;424;13
84323;Massing;-13.3;8.6;435;13
84326;Falkenberg;-13.1;8.6;444;13
84329;Wurmannsquick;-12.8;8.6;465;13
84332;Hebertsfelden;-12.7;8.8;418;13
84333;Malgersdorf;-13.0;8.7;409;13
84335;Mitterskirchen;-13.2;8.7;427;13
84337;Schönau;-12.8;8.6;442;13
84339;Unterdietfurt;-13.2;8.7;419;13
84347;Pfarrkirchen;-12.6;8.8;423;13
84359;Simbach a, Inn;-12.2;8.9;425;13
84364;Bad Birnbach;-12.5;9.1;359;13
84367;Tann;-12.6;8.7;464;13
84371;Triftern;-12.6;8.8;430;13
84375;Kirchdorf a, Inn;-12.2;9.3;356;13
84378;Dietersburg;-12.5;8.7;441;13
84381;Johanniskirchen;-12.8;9.0;360;13
84384;Wittibreut;-12.5;8.5;510;13
84385;Egglham;-12.2;8.8;413;13
84387;Julbach;-12.6;9.1;371;13
84389;Postmünster;-12.7;8.9;402;13
84405;Dorfen;-13.3;8.7;434;13
84416;Taufkirchen (Vils);-13.5;8.6;486;13
84419;Schwindegg;-13.5;8.5;479;13
84424;Isen;-13.7;8.4;531;13
84427;Sankt Wolfgang;-13.8;8.2;569;13
84428;Buchbach;-13.6;8.6;439;13
84431;Heldenstein;-13.7;8.4;468;13
84432;Hohenpolding;-13.6;8.4;521;13
84434;Kirchberg;-13.8;8.5;518;13
84435;Lengdorf;-13.6;8.6;500;13
84437;Reichertsheim;-13.5;8.4;525;13
84439;Steinkirchen;-13.7;8.6;480;13
84453;Mühldorf a, Inn;-13.7;8.7;412;13
84478;Waldkraiburg;-13.5;8.7;426;13
84489;Burghausen;-12.3;9.0;429;13
84494;Neumarkt-Sankt Veit;-13.6;8.4;486;13
84503;Altötting;-13.1;8.9;399;13
84508;Burgkirchen an der Alz;-13.1;8.7;451;13
84513;Töging a, Inn;-13.6;8.8;400;13
84518;Garching a.d, Alz;-13.5;8.7;457;13
84524;Neuötting;-13.3;8.7;417;13
84529;Tittmoning;-12.9;9.0;438;13
84533;Marktl;-13.1;9.0;388;13
84539;Ampfing;-13.6;8.7;415;13
84543;Winhöring;-13.3;8.9;376;13
84544;Aschau a, Inn;-13.5;8.6;448;13
84546;Egglkofen;-13.8;8.5;454;13
84547;Emmerting;-13.2;8.9;394;13
84549;Engelsberg;-13.6;8.5;479;13
84550;Feichten a.d, Alz;-13.4;8.5;493;13
84552;Geratskirchen;-13.6;8.5;476;13
84553;Halsbach;-13.3;8.6;485;13
84555;Jettenbach;-13.7;8.7;413;13
84556;Kastl;-13.3;8.6;441;13
84558;Kirchweidach;-13.1;8.6;511;13
84559;Kraiburg a, Inn;-13.5;8.5;470;13
84561;Mehring;-13.0;9.0;411;13
84562;Mettenheim;-13.8;8.7;408;13
84564;Oberbergkirchen;-13.6;8.5;459;13
84565;Oberneukirchen;-13.7;8.5;462;13
84567;Erlbach;-13.1;8.5;500;13
84568;Pleiskirchen;-13.6;8.4;474;13
84570;Polling;-13.8;8.6;414;13
84571;Reischach;-13.4;8.5;459;13
84573;Schönberg;-13.6;8.4;496;13
84574;Taufkirchen;-13.6;8.4;509;13
84576;Teising;-13.6;8.8;404;13
84577;Tüßling;-13.7;8.6;441;13
84579;Unterneukirchen;-13.5;8.5;461;13
85049;Ingolstadt;-13.3;9.0;378;13
85051;Ingolstadt;-13.3;9.2;368;13
85053;Ingolstadt;-12.7;9.4;366;13
85055;Ingolstadt;-12.3;9.7;373;13
85057;Ingolstadt;-12.5;9.5;377;13
85072;Eichstätt;-12.7;9.1;389;13
85077;Manching;-13.0;9.2;366;13
85080;Gaimersheim;-13.4;9.0;394;13
85084;Reichertshofen;-13.3;9.0;380;13
85088;Vohburg a.d, Donau;-13.0;9.2;357;13
85092;Kösching;-13.0;8.9;411;13
85095;Denkendorf;-12.8;8.7;482;13
85098;Großmehring;-13.1;9.1;375;13
85101;Lenting;-13.0;9.0;402;13
85104;Pförring;-13.1;9.1;364;13
85107;Baar-Ebenhausen;-13.3;9.1;374;13
85110;Kipfenberg;-12.6;9.0;416;13
85111;Adelschlag;-13.2;8.8;440;13
85113;Böhmfeld;-12.6;8.7;463;13
85114;Buxheim;-13.3;8.8;424;13
85116;Egweil;-13.4;8.9;397;13
85117;Eitensheim;-13.4;8.9;410;13
85119;Ernsgaden;-13.2;9.1;368;13
85120;Hepberg;-12.8;8.8;440;13
85122;Hitzhofen;-12.7;8.7;467;13
85123;Karlskron;-13.3;9.1;369;13
85125;Kinding;-12.7;9.2;375;13
85126;Münchsmünster;-13.0;9.2;356;13
85128;Nassenfels;-13.3;8.9;416;13
85129;Oberdolling;-13.2;8.8;426;13
85131;Pollenfeld;-13.0;8.4;544;13
85132;Schernfeld;-13.3;8.3;565;13
85134;Stammham;-12.8;8.7;479;13
85135;Titting;-12.9;8.8;465;13
85137;Walting;-12.5;9.1;390;13
85139;Wettstetten;-13.1;8.9;412;13
85221;Dachau;-13.9;8.8;475;13
85229;Markt Indersdorf;-14.3;8.7;481;13
85232;Bergkirchen;-14.0;8.7;491;13
85235;Odelzhausen;-14.1;8.8;487;13
85238;Petershausen;-13.8;8.8;460;13
85241;Hebertshausen;-13.8;8.8;467;13
85244;Röhrmoos;-14.1;8.7;499;13
85247;Schwabhausen;-14.3;8.6;502;13
85250;Altomünster;-14.2;8.6;511;13
85253;Erdweg;-14.1;8.8;476;13
85254;Sulzemoos;-14.3;8.7;503;13
85256;Vierkirchen;-14.2;8.7;494;13
85258;Weichs;-14.1;8.7;479;13
85259;Sulzemoos;-14.0;8.7;493;13
85276;Pfaffenhofen a.d.Ilm;-14.1;8.8;465;13
85283;Wolnzach;-13.3;8.9;431;13
85290;Geisenfeld;-13.2;9.1;376;13
85293;Reichertshausen;-14.1;8.6;501;13
85296;Rohrbach;-13.5;8.9;419;13
85298;Scheyern;-14.2;8.7;470;13
85301;Schweitenkirchen;-13.8;8.7;486;13
85302;Gerolsbach;-14.1;8.6;483;13
85304;Ilmmünster;-14.2;8.7;478;13
85305;Jetzendorf;-14.1;8.7;484;13
85307;Paunzhausen;-14.0;8.6;510;13
85309;Pörnbach;-13.6;8.8;428;13
85354;Freising;-13.5;8.9;444;13
85356;Freising;-13.5;9.0;440;13
85368;Moosburg a.d, Isar;-13.1;9.1;410;13
85375;Neufahrn b, Freising;-13.7;8.9;464;13
85376;Neufahrn b, Freising;-13.8;8.7;481;13
85386;Eching;-13.6;8.9;468;13
85391;Allershausen;-13.6;8.9;444;13
85395;Attenkirchen;-13.8;8.8;473;13
85399;Hallbergmoos;-13.6;8.9;461;13
85402;Kranzberg;-14.0;8.6;512;13
85405;Nandlstadt;-13.6;8.8;462;13
85406;Zolling;-13.6;8.8;458;13
85408;Gammelsdorf;-13.7;8.6;497;13
85410;Haag a.d, Amper;-13.6;8.9;439;13
85411;Hohenkammer;-13.7;8.9;449;13
85413;Hörgertshausen;-13.7;8.8;461;13
85414;Kirchdorf a.d, Amper;-13.6;9.0;434;13
85416;Langenbach;-13.6;8.9;447;13
85417;Marzling;-13.6;8.9;436;13
85419;Mauern;-13.6;8.8;466;13
85435;Erding;-13.6;8.8;468;13
85445;Oberding;-13.5;8.9;451;13
85447;Fraunberg;-13.7;8.7;487;13
85452;Moosinning;-13.7;8.8;470;13
85456;Wartenberg;-13.6;9.0;429;13
85457;Wörth;-13.7;8.6;504;13
85459;Berglern;-13.6;9.0;431;13
85461;Bockhorn;-13.6;8.8;457;13
85462;Eitting;-13.6;9.0;434;13
85464;Finsing;-13.7;8.7;488;13
85465;Langenpreising;-13.6;9.0;422;13
85467;Neuching;-13.7;8.7;480;13
85469;Walpertskirchen;-13.7;8.6;496;13
85521;Ottobrunn/Riemerling;-13.6;8.7;560;13
85540;Haar;-13.7;8.6;535;13
85551;Kirchheim b, München;-13.8;8.7;503;13
85560;Ebersberg;-14.0;8.3;590;13
85567;Grafing b, München;-13.5;8.4;559;13
85570;Markt Schwaben;-13.7;8.7;500;13
85579;Neubiberg;-13.3;8.8;546;13
85586;Poing;-13.6;8.7;515;13
85591;Vaterstetten;-13.8;8.6;545;13
85598;Baldham;-13.8;8.5;543;13
85599;Parsdorf/Hergolding;-13.7;8.5;533;13
85604;Zorneding;-13.9;8.4;560;13
85609;Aschheim;-13.8;8.7;505;13
85614;Kirchseeon;-13.9;8.4;572;13
85617;Aßling;-13.3;8.4;542;13
85622;Feldkirchen;-13.6;8.6;523;13
85625;Glonn;-13.4;8.4;567;13
85630;Grasbrunn;-13.9;8.4;558;13
85635;Höhenkirchen-Siegertsbrunn;-14.1;8.3;588;13
85640;Putzbrunn;-13.9;8.5;549;13
85643;Steinhöring;-13.0;8.5;517;13
85646;Anzing;-13.7;8.6;514;13
85649;Brunnthal;-14.2;8.3;601;13
85652;Pliening;-13.8;8.7;501;13
85653;Aying;-13.9;8.3;615;13
85656;Buch a, Buchrain;-13.8;8.5;532;13
85658;Egmating;-14.0;8.2;626;13
85659;Forstern;-13.7;8.6;518;13
85661;Forstinning;-13.6;8.7;504;13
85662;Hohenbrunn;-14.1;8.4;572;13
85664;Hohenlinden;-13.8;8.4;542;13
85665;Moosach;-13.7;8.3;593;13
85667;Oberpframmern;-14.0;8.3;586;13
85669;Pastetten;-13.6;8.6;499;13
85716;Unterschleißheim;-13.8;8.8;469;13
85737;Ismaning;-13.8;8.8;482;13
85748;Garching b, München;-13.8;8.9;478;13
85757;Karlsfeld;-13.7;8.8;489;13
85764;Oberschleißheim;-13.8;8.8;483;13
85774;Unterföhring;-13.8;8.8;499;13
85777;Fahrenzhausen;-14.0;8.7;486;13
85778;Haimhausen;-13.8;8.8;466;13
86150;Augsburg;-13.5;9.1;495;13
86152;Augsburg;-13.3;9.3;488;13
86153;Augsburg;-13.3;9.3;478;13
86154;Augsburg;-13.3;9.3;474;13
86156;Augsburg;-13.5;9.1;479;13
86157;Augsburg;-13.5;9.2;483;13
86159;Augsburg;-13.5;9.1;496;13
86161;Augsburg;-14.1;8.9;488;13
86163;Augsburg;-13.9;8.9;485;13
86165;Augsburg;-13.7;9.1;472;13
86167;Augsburg;-14.0;9.0;467;13
86169;Augsburg;-14.3;8.8;458;13
86179;Augsburg;-14.1;8.6;514;13
86199;Augsburg;-14.2;8.6;494;13
86316;Friedberg;-14.3;8.6;513;13
86343;Königsbrunn;-14.3;8.7;522;13
86356;Neusäß;-14.3;8.7;461;13
86368;Gersthofen;-14.3;8.7;460;13
86381;Krumbach (Schwaben);-13.1;8.6;575;13
86391;Stadtbergen;-14.1;8.7;504;13
86399;Bobingen;-14.6;8.5;552;13
86405;Meitingen;-13.7;8.9;427;13
86415;Mering;-14.4;8.6;529;13
86420;Diedorf;-14.1;8.8;467;13
86424;Dinkelscherben;-13.5;8.9;462;13
86438;Kissing;-14.4;8.6;499;13
86441;Zusmarshausen;-13.6;8.9;443;13
86444;Affing;-14.3;8.6;472;13
86447;Aindling;-14.5;8.6;487;13
86450;Altenmünster;-13.6;8.8;458;13
86453;Dasing;-14.5;8.6;481;13
86456;Gablingen;-14.3;8.7;465;13
86459;Gessertshausen;-14.1;8.7;503;13
86462;Langweid a, Lech;-14.3;8.8;451;13
86465;Welden;-13.9;8.5;522;13
86470;Thannhausen;-13.5;8.6;546;13
86473;Ziemetshausen;-14.1;8.6;529;13
86476;Neuburg a.d, Kammel;-13.2;8.6;545;13
86477;Adelsried;-13.9;8.6;505;13
86479;Aichen;-13.7;8.8;504;13
86480;Aletshausen;-13.2;8.7;530;13
86482;Aystetten;-14.2;8.6;505;13
86483;Balzhausen;-13.6;8.8;514;13
86485;Biberbach;-14.2;8.7;457;13
86486;Bonstetten;-14.1;8.4;544;13
86488;Breitenthal;-13.0;8.8;512;13
86489;Deisenhausen;-13.0;8.8;497;13
86491;Ebershausen;-13.1;8.7;529;13
86492;Egling a.d, Paar;-14.6;8.5;546;13
86494;Emersacker;-13.8;8.7;465;13
86495;Eurasburg;-14.5;8.4;554;13
86497;Horgau;-13.8;8.8;473;13
86498;Kettershausen;-13.2;8.6;551;13
86500;Kutzenhausen;-14.1;8.6;516;13
86502;Laugna;-13.8;8.6;500;13
86504;Merching;-14.5;8.6;518;13
86505;Münsterhausen;-13.3;8.7;514;13
86507;Oberottmarshausen;-14.5;8.6;532;13
86508;Rehling;-14.3;8.8;444;13
86510;Ried;-14.3;8.6;524;13
86511;Schmiechen;-14.5;8.6;527;13
86513;Ursberg;-13.5;8.5;565;13
86514;Ustersbach;-13.7;8.8;465;13
86517;Wehringen;-14.5;8.6;522;13
86519;Wiesenbach;-13.0;8.7;514;13
86529;Schrobenhausen;-13.7;8.8;432;13
86551;Aichach;-14.0;8.8;452;13
86554;Pöttmes;-13.8;8.8;442;13
86556;Kühbach;-13.9;8.7;460;13
86558;Hohenwart;-13.6;9.0;390;13
86559;Adelzhausen;-14.3;8.6;505;13
86561;Aresing;-13.8;8.8;429;13
86562;Berg im Gau;-13.6;8.9;401;13
86564;Brunnen;-13.5;8.9;403;13
86565;Gachenbach;-14.1;8.7;463;13
86567;Hilgertshausen-Tandern;-14.3;8.6;505;13
86568;Hollenbach;-14.3;8.6;479;13
86570;Inchenhofen;-13.8;8.8;438;13
86571;Langenmosen;-13.5;8.9;409;13
86573;Obergriesbach;-14.5;8.6;483;13
86574;Petersdorf;-14.4;8.5;512;13
86576;Schiltberg;-14.1;8.6;505;13
86577;Sielenbach;-14.2;8.7;475;13
86579;Waidhofen;-13.7;8.9;406;13
86609;Donauwörth;-13.1;9.1;399;13
86633;Neuburg an der Donau;-13.3;9.0;392;13
86637;Wertingen;-13.6;9.0;420;13
86641;Rain;-13.6;8.9;411;13
86643;Rennertshofen;-13.5;9.0;400;13
86647;Buttenwiesen;-13.5;9.0;410;13
86650;Wemding;-13.0;8.9;437;13
86653;Monheim;-12.8;8.6;513;13
86655;Harburg;-13.3;8.6;498;13
86657;Bissingen;-13.3;8.7;487;13
86660;Tapfheim;-13.2;9.0;421;13
86663;Asbach-Bäumenheim;-13.3;9.1;401;13
86666;Burgheim;-13.7;8.9;425;13
86668;Karlshuld;-13.5;9.1;375;13
86669;Königsmoos;-13.6;9.0;378;13
86672;Thierhaupten;-14.0;8.7;470;13
86673;Bergheim;-13.5;8.8;428;13
86674;Baar;-13.7;8.8;442;13
86675;Buchdorf;-13.1;8.4;554;13
86676;Ehekirchen;-13.5;8.9;402;13
86678;Ehingen;-13.7;8.8;451;13
86679;Ellgau;-13.7;8.9;417;13
86681;Fünfstetten;-13.1;8.7;493;13
86682;Genderkingen;-13.2;9.0;398;13
86684;Holzheim;-13.7;8.9;432;13
86685;Huisheim;-13.1;8.8;462;13
86687;Kaisheim;-13.1;8.5;521;13
86688;Marxheim;-13.5;8.6;497;13
86690;Mertingen;-13.5;9.0;408;13
86692;Münster;-13.7;8.9;424;13
86694;Niederschönenfeld;-13.3;9.0;397;13
86695;Nordendorf;-13.6;9.0;416;13
86697;Oberhausen;-13.8;8.7;453;13
86698;Oberndorf a.Lech;-13.5;9.0;407;13
86700;Otting;-12.9;8.7;492;13
86701;Rohrenfels;-13.5;9.0;385;13
86703;Rögling;-13.0;8.5;527;13
86704;Tagmersheim;-12.9;8.5;517;13
86706;Weichering;-13.3;9.1;373;13
86707;Westendorf, Kühlenthal;-13.6;8.8;440;13
86709;Wolferstadt;-12.9;8.6;501;13
86720;Nördlingen;-13.0;9.0;429;13
86732;Oettingen i, Bay.;-12.8;8.9;431;13
86733;Alerheim;-13.0;9.1;406;13
86735;Amerdingen;-13.2;8.5;532;13
86736;Auhausen;-12.7;8.8;460;13
86738;Deiningen;-13.0;9.0;425;13
86739;Ederheim;-13.3;8.3;562;13
86741;Ehingen a, Ries;-12.8;9.0;426;13
86742;Fremdingen;-12.7;8.7;468;13
86744;Hainsfarth;-13.1;8.8;457;13
86745;Hohenaltheim;-13.1;8.9;445;13
86747;Maihingen;-12.9;9.0;421;13
86748;Marktoffingen;-12.8;8.8;455;13
86750;Megesheim;-13.2;8.9;433;13
86751;Mönchsdeggingen;-13.3;8.4;550;13
86753;Möttingen;-12.9;9.0;413;13
86754;Munningen;-13.1;9.0;414;13
86756;Reimlingen;-13.0;9.0;423;13
86757;Wallerstein;-13.1;8.9;441;13
86759;Wechingen;-13.0;9.0;409;13
86807;Buchloe;-14.0;8.4;637;13
86825;Bad Wörishofen;-14.1;8.4;629;13
86830;Schwabmünchen;-14.7;8.5;549;13
86833;Ettringen;-14.5;8.5;576;13
86836;Untermeitingen;-14.6;8.5;557;13
86842;Türkheim;-14.2;8.5;597;13
86845;Großaitingen;-14.6;8.6;530;13
86850;Fischach;-14.1;8.7;505;13
86853;Langerringen;-14.3;8.5;585;13
86854;Amberg;-14.2;8.5;596;13
86856;Hiltenfingen;-14.6;8.5;558;13
86857;Hurlach;-14.4;8.5;575;13
86859;Igling;-14.0;8.6;599;13
86860;Jengen;-14.1;8.4;631;13
86862;Lamerdingen;-14.2;8.5;595;13
86863;Langenneufnach;-14.1;8.7;510;13
86865;Markt Wald;-14.0;8.5;576;13
86866;Mickhausen;-14.3;8.6;537;13
86868;Mittelneufnach;-14.2;8.5;575;13
86869;Oberostendorf;-14.4;8.2;669;13
86871;Rammingen;-14.1;8.5;591;13
86872;Scherstetten;-14.3;8.6;552;13
86874;Tussenhausen;-14.0;8.5;577;13
86875;Waal;-14.0;8.4;641;13
86877;Walkertshofen;-14.2;8.7;523;13
86879;Wiedergeltingen;-14.0;8.5;613;13
86899;Landsberg a, Lech;-13.8;8.7;605;13
86911;Dießen a, Ammersee;-14.2;8.2;671;13
86916;Kaufering;-14.1;8.6;569;13
86919;Utting a, Ammersee;-14.0;8.6;584;13
86920;Denklingen;-14.5;7.9;722;15
86922;Eresing;-13.9;8.6;599;13
86923;Finning;-13.9;8.5;623;13
86925;Fuchstal;-14.5;8.0;703;13
86926;Greifenberg;-14.0;8.5;593;13
86928;Hofstetten;-14.1;8.3;659;13
86929;Penzing;-13.7;8.6;600;13
86931;Prittriching;-14.6;8.6;535;13
86932;Pürgen;-14.1;8.3;661;13
86934;Reichling;-14.6;7.9;723;15
86935;Rott;-14.5;8.0;709;15
86937;Scheuring;-14.6;8.4;573;13
86938;Schondorf a, Ammersee;-14.0;8.7;569;13
86940;Schwifting;-13.9;8.5;624;13
86941;Eresing;-14.0;8.5;600;13
86943;Thaining;-14.3;8.1;689;15
86944;Unterdießen;-14.0;8.4;641;13
86946;Vilgertshofen;-14.4;8.1;688;15
86947;Weil;-14.1;8.6;581;13
86949;Windach;-13.9;8.4;633;13
86956;Schongau;-14.1;8.1;689;15
86971;Peiting;-14.1;8.1;708;15
86972;Altenstadt;-14.3;8.0;718;15
86974;Apfeldorf;-14.5;8.0;709;15
86975;Bernbeuren;-14.4;7.6;822;15
86977;Burggen;-14.3;7.7;760;15
86978;Hohenfurch;-14.3;8.0;701;15
86980;Ingenried;-14.1;7.6;837;15
86981;Kinsau;-14.5;8.0;709;15
86983;Lechbruck;-14.3;7.7;756;15
86984;Prem;-14.3;7.7;787;15
86986;Schwabbruck;-14.3;7.9;734;15
86987;Schwabsoien;-14.2;7.7;804;15
86989;Steingaden;-14.1;7.8;754;15
87435;Kempten (Allgäu);-13.7;8.1;712;15
87437;Kempten (Allgäu);-14.2;7.6;725;15
87439;Kempten (Allgäu);-14.2;7.6;720;15
87448;Waltenhofen;-14.4;7.4;756;15
87452;Altusried;-14.6;7.3;783;13
87459;Pfronten;-15.2;6.7;1050;15
87463;Dietmannsried;-14.1;7.6;703;15
87466;Oy-Mittelberg;-15.0;6.7;1014;15
87471;Durach;-14.7;7.2;790;15
87474;Buchenberg;-15.0;6.8;987;15
87477;Sulzberg;-14.3;7.4;746;15
87480;Weitnau;-15.1;6.5;1044;15
87484;Nesselwang;-14.6;7.0;901;15
87487;Wiggensbach;-15.1;6.9;906;15
87488;Betzigau;-14.7;7.0;906;15
87490;Haldenwang;-15.0;7.1;838;15
87493;Lauben;-14.0;7.8;677;15
87494;Rückholz;-15.0;7.2;859;15
87496;Untrasried;-14.8;7.2;803;15
87497;Wertach;-15.2;6.4;1088;15
87499;Wildpoldsried;-14.8;7.2;806;15
87509;Immenstadt im Allgäu;-15.1;7.2;769;15
87527;Sonthofen;-16.2;6.9;814;15
87534;Oberstaufen;-14.9;6.9;908;15
87538;Fischen im Allgäu;-16.3;4.3;1514;15
87541;Bad Hindelang;-16.1;6.2;1075;15
87544;Blaichach;-16.0;5.9;1174;15
87545;Burgberg im Allgäu;-15.8;6.4;1055;15
87547;Missen-Wilhams;-14.9;7.0;858;15
87549;Rettenberg;-15.4;6.8;892;15
87561;Oberstdorf;-16.7;6.5;892;15
87600;Kaufbeuren;-14.2;8.2;692;15
87616;Marktoberdorf;-14.6;7.6;764;15
87629;Füssen;-14.7;7.4;796;15
87634;Obergünzburg;-14.8;7.2;813;15
87637;Seeg;-14.8;7.3;820;15
87640;Biessenhofen;-14.3;8.0;699;15
87642;Halblech;-15.0;7.0;1028;15
87645;Schwangau;-14.4;7.3;878;15
87647;Unterthingau;-14.8;7.3;800;15
87648;Aitrang;-14.6;7.5;764;15
87650;Baisweil;-14.3;8.0;671;15
87651;Bidingen;-14.7;7.7;773;15
87653;Eggenthal;-14.7;7.5;767;15
87654;Friesenried;-14.7;7.6;750;15
87656;Germaringen;-14.5;7.9;712;15
87657;Görisried;-14.9;7.2;833;15
87659;Hopferau;-14.8;7.3;815;15
87660;Irsee;-14.6;7.6;745;15
87662;Kaltental;-14.8;7.7;765;15
87663;Lengenwang;-14.8;7.3;817;15
87665;Mauerstetten;-14.6;7.8;747;15
87666;Pforzen;-14.4;8.0;674;15
87668;Rieden;-14.1;8.3;643;15
87669;Rieden am Forggensee;-14.4;7.3;874;15
87671;Ronsberg;-14.7;7.4;777;15
87672;Roßhaupten;-14.6;7.4;830;15
87674;Ruderatshofen;-14.4;7.8;722;15
87675;Stötten am Auerberg;-14.3;7.4;871;15
87677;Stöttwang;-14.6;7.9;740;15
87679;Westendorf;-14.3;8.1;682;15
87700;Memmingen;-13.1;8.4;607;13
87719;Mindelheim;-13.5;8.4;598;13
87724;Ottobeuren;-14.3;7.6;732;15
87727;Babenhausen;-13.0;8.7;542;13
87730;Bad Grönenbach;-14.2;7.6;719;15
87733;Markt Rettenbach;-14.1;8.0;661;13
87734;Benningen;-13.3;8.3;610;13
87736;Böhen;-14.6;7.4;765;15
87737;Boos;-13.2;8.4;588;13
87739;Breitenbrunn;-13.3;8.6;558;13
87740;Buxheim;-13.3;8.2;625;13
87742;Apfeltrach;-13.8;8.2;634;13
87743;Egg an der Günz;-13.2;8.4;586;13
87745;Eppishausen;-14.0;8.4;592;13
87746;Erkheim;-13.4;8.4;592;13
87748;Fellheim;-12.9;8.5;561;13
87749;Hawangen;-13.8;8.1;635;13
87751;Heimertingen;-13.1;8.4;580;13
87752;Holzgünz;-13.3;8.3;609;13
87754;Kammlach;-13.6;8.3;620;13
87755;Kirchhaslach;-13.3;8.4;588;13
87757;Kirchheim in Schwaben;-13.4;8.7;534;13
87758;Kronburg;-13.8;8.1;628;13
87760;Lachen;-14.0;8.0;649;13
87761;Lauben;-13.3;8.4;589;13
87763;Lautrach;-14.0;7.8;670;13
87764;Legau;-14.0;7.8;670;13
87766;Memmingerberg;-13.6;8.2;628;13
87767;Niederrieden;-13.6;8.1;638;13
87769;Oberrieden;-13.3;8.5;582;13
87770;Oberschönegg;-13.3;8.5;579;13
87772;Pfaffenhausen;-13.5;8.6;560;13
87773;Pleß;-12.9;8.6;551;13
87775;Salgen;-13.7;8.6;561;13
87776;Sontheim;-13.9;8.2;621;13
87778;Stetten;-13.8;8.2;630;13
87779;Trunkelsberg;-13.3;8.3;617;13
87781;Ungerhausen;-13.4;8.2;615;13
87782;Unteregg;-14.3;7.9;680;15
87784;Westerheim;-13.2;8.3;594;13
87785;Winterrieden;-13.0;8.6;548;13
87787;Wolfertschwenden;-13.9;7.9;667;15
87789;Woringen;-13.8;8.1;630;13
88045;Friedrichshafen;-9.6;10.0;440;13
88046;Friedrichshafen;-9.3;10.2;396;13
88048;Friedrichshafen;-9.7;9.8;452;13
88069;Tettnang;-10.6;9.1;556;13
88074;Meckenbeuren;-9.6;9.8;412;13
88079;Kressbronn am Bodensee;-9.7;9.6;429;13
88085;Langenargen;-9.7;9.7;421;13
88090;Immenstaad am Bodensee;-9.6;9.8;427;13
88094;Oberteuringen;-9.6;9.8;451;13
88097;Eriskirch;-9.7;9.8;407;13
88099;Neukirch;-11.1;8.9;556;13
88131;Lindau (Bodensee);-9.8;9.6;438;13
88138;Sigmarszell;-10.3;9.2;505;13
88142;Wasserburg (Bodensee);-9.8;9.7;413;13
88145;Hergatz;-12.5;8.4;607;13
88147;Achberg;-10.5;9.0;546;13
88149;Nonnenhorn;-9.8;9.7;400;13
88161;Lindenberg im Allgäu;-13.8;7.7;770;13
88167;Röthenbach (Allgäu);-14.3;7.6;738;15
88171;Weiler-Simmerberg;-12.9;8.2;657;15
88175;Scheidegg;-13.2;7.9;727;13
88178;Heimenkirch;-13.3;8.0;674;13
88179;Oberreute;-14.4;7.1;859;15
88212;Ravensburg;-9.8;9.9;473;13
88213;Ravensburg;-10.5;9.2;536;13
88214;Ravensburg;-10.0;9.5;485;13
88239;Wangen im Allgäu;-12.4;8.4;599;13
88250;Weingarten;-9.7;10.1;453;13
88255;Baienfurt;-10.1;9.6;469;13
88260;Argenbühl;-13.3;8.1;644;13
88263;Horgenzell;-11.9;8.6;606;13
88267;Vogt;-13.4;8.0;675;13
88271;Wilhelmsdorf;-12.0;8.5;616;13
88273;Fronreute;-12.3;8.6;575;13
88276;Berg;-10.7;9.2;514;13
88279;Amtzell;-12.3;8.5;595;13
88281;Schlier;-12.7;8.3;621;13
88284;Wolpertswende;-10.7;9.2;502;13
88285;Bodnegg;-12.6;8.4;627;13
88287;Grünkraut;-12.0;8.6;605;13
88289;Waldburg;-13.3;7.9;712;13
88299;Leutkirch im Allgäu;-14.0;7.9;656;13
88316;Isny im Allgäu;-14.1;7.7;694;13
88317;Aichstetten;-13.7;8.1;617;13
88319;Aitrach;-14.3;7.7;705;13
88326;Aulendorf;-12.4;8.7;546;13
88339;Bad Waldsee;-13.1;8.3;618;13
88348;Bad Saulgau, Allmannsweiler;-12.6;8.4;594;13
88353;Kißlegg;-13.8;8.0;650;13
88356;Ostrach;-12.8;8.1;664;13
88361;Altshausen;-12.5;8.4;593;13
88364;Wolfegg;-13.5;8.1;632;13
88367;Hohentengen;-12.4;8.4;589;13
88368;Bergatreute;-13.3;8.3;601;13
88370;Ebenweiler;-12.4;8.4;599;13
88371;Ebersbach-Musbach;-12.8;8.3;606;13
88373;Fleischwangen;-12.6;8.3;631;13
88374;Hoßkirch;-13.0;8.1;651;13
88376;Königseggwald;-12.8;8.2;655;13
88377;Riedhausen;-12.3;8.4;622;13
88379;Unterwaldhausen;-13.3;8.1;675;13
88400;Biberach an der Riß;-12.8;8.9;535;13
88410;Bad Wurzach;-13.8;7.9;660;13
88416;Ochsenhausen;-13.3;8.3;609;13
88422;Bad Buchau;-12.9;8.4;577;13
88427;Bad Schussenried;-12.8;8.5;571;13
88430;Rot an der Rot;-13.8;7.9;662;13
88433;Schemmerhofen;-13.1;8.6;547;13
88436;Eberhardzell;-13.5;8.1;623;13
88437;Maselheim;-13.0;8.6;558;13
88441;Mittelbiberach;-13.0;8.5;576;13
88444;Ummendorf;-13.0;8.5;564;13
88447;Warthausen;-13.1;8.4;584;13
88448;Attenweiler;-13.1;8.3;606;13
88450;Berkheim;-13.3;8.3;600;13
88451;Dettingen an der Iller;-12.8;8.6;542;13
88453;Erolzheim;-13.1;8.4;591;13
88454;Hochdorf;-13.5;8.1;635;13
88456;Ingoldingen;-13.0;8.5;569;13
88457;Kirchdorf an der Iller;-12.8;8.5;558;13
88459;Tannheim;-13.2;8.4;582;13
88471;Laupheim;-12.9;8.9;505;13
88477;Schwendi;-13.1;8.5;565;13
88480;Achstetten;-12.8;8.9;501;13
88481;Balzheim;-13.0;8.5;570;13
88483;Burgrieden;-13.0;8.6;547;13
88484;Gutenzell-Hürbel;-12.9;8.6;553;13
88486;Kirchberg an der Iller;-12.9;8.6;546;13
88487;Mietingen;-13.0;8.7;535;13
88489;Wain;-13.0;8.7;538;13
88499;Riedlingen;-12.6;8.6;538;13
88512;Mengen;-12.3;8.6;562;13
88515;Langenenslingen;-13.2;7.8;719;14
88518;Herbertingen;-12.4;8.5;559;13
88521;Ertingen;-12.8;8.5;561;13
88524;Uttenweiler;-13.0;8.5;560;13
88525;Dürmentingen;-12.8;8.5;552;13
88527;Unlingen;-12.8;8.5;552;13
88529;Zwiefalten;-12.9;8.2;617;14
88605;Meßkirch, Sauldorf;-12.0;8.4;613;13
88630;Pfullendorf;-12.5;8.3;676;13
88631;Beuron;-12.2;8.4;616;14
88633;Heiligenberg;-12.3;8.3;713;13
88634;Herdwangen-Schönach;-11.3;8.7;611;13
88636;Illmensee;-12.8;8.2;695;13
88637;Leibertingen, Buchheim;-12.9;7.8;803;14
88639;Wald;-12.3;8.2;665;13
88662;Überlingen;-10.8;9.0;574;13
88677;Markdorf;-9.4;9.9;419;13
88682;Salem;-9.4;9.9;434;13
88690;Uhldingen-Mühlhofen;-9.5;9.9;421;13
88693;Deggenhausertal;-10.4;9.2;532;13
88696;Owingen;-11.5;8.6;639;13
88697;Bermatingen;-9.5;9.9;435;13
88699;Frickingen;-9.8;9.6;480;13
88709;Meersburg;-9.8;9.6;493;13
88718;Daisendorf;-10.2;9.4;530;13
88719;Stetten;-9.5;9.8;457;13
89073;Ulm;-12.1;9.4;473;13
89075;Ulm;-12.5;8.9;513;13
89077;Ulm;-12.1;9.3;486;13
89079;Ulm;-12.3;9.0;472;13
89081;Ulm;-12.7;8.4;625;13
89129;Langenau;-12.4;8.9;470;13
89134;Blaustein;-12.8;8.2;637;13
89143;Blaubeuren;-12.4;8.8;517;13
89150;Laichingen;-13.5;7.7;775;14
89155;Erbach;-12.8;8.8;510;13
89160;Dornstadt;-13.0;8.2;628;13
89165;Dietenheim;-13.0;8.6;566;13
89168;Niederstotzingen;-12.7;8.9;471;13
89171;Illerkirchberg;-12.5;8.8;521;13
89173;Lonsee;-12.8;8.2;634;14
89174;Altheim (Alb);-12.8;8.4;594;14
89176;Asselfingen;-12.5;8.9;472;13
89177;Ballendorf;-12.7;8.5;555;13
89179;Beimerstetten;-12.8;8.4;582;13
89180;Berghülen;-13.0;8.0;680;14
89182;Bernstadt;-12.7;8.6;546;13
89183;Breitingen;-12.8;8.5;573;13
89185;Hüttisheim;-12.8;8.8;509;13
89186;Illerrieden;-13.1;8.6;546;13
89188;Merklingen;-13.2;8.0;698;14
89189;Neenstetten;-12.7;8.5;571;13
89191;Nellingen;-13.2;8.0;693;14
89192;Rammingen;-12.5;8.9;479;13
89194;Schnürpflingen;-13.0;8.6;546;13
89195;Staig;-13.0;8.7;528;13
89197;Weidenstetten;-13.0;8.2;644;14
89198;Westerstetten;-12.7;8.5;555;13
89231;Neu-Ulm;-12.0;9.5;475;13
89233;Neu-Ulm;-12.3;9.0;471;13
89250;Senden;-12.4;8.9;507;13
89257;Illertissen;-12.5;9.0;513;13
89264;Weißenhorn;-12.7;8.7;535;13
89269;Vöhringen;-12.6;8.9;496;13
89275;Elchingen;-12.3;9.0;455;13
89278;Nersingen;-12.3;9.0;464;13
89281;Altenstadt;-12.9;8.5;573;13
89284;Pfaffenhofen a.d, Roth;-12.4;8.9;489;13
89287;Bellenberg;-12.8;8.8;502;13
89290;Buch;-13.0;8.6;563;13
89291;Holzheim;-12.3;8.9;474;13
89293;Kellmünz a.d, Iller;-13.0;8.4;584;13
89294;Oberroth;-13.0;8.5;571;13
89296;Osterberg;-12.9;8.6;550;13
89297;Roggenburg;-12.8;8.8;514;13
89299;Unterroth;-13.1;8.4;593;13
89312;Günzburg;-12.6;9.0;450;13
89331;Burgau;-12.8;8.9;474;13
89335;Ichenhausen;-12.6;8.9;490;13
89340;Leipheim;-12.3;9.0;453;13
89343;Jettingen-Scheppach;-13.1;8.7;503;13
89344;Aislingen;-13.3;8.9;443;13
89346;Bibertal;-12.6;8.8;501;13
89347;Bubesheim;-12.6;8.9;475;13
89349;Burtenbach;-13.1;8.7;512;13
89350;Dürrlauingen;-13.1;8.8;488;13
89352;Ellzee;-12.8;8.8;501;13
89353;Glött;-13.4;8.8;460;13
89355;Gundremmingen;-13.2;8.7;485;13
89356;Haldenwang;-13.1;8.7;513;13
89358;Kammeltal;-13.0;8.7;505;13
89359;Kötz;-12.6;9.0;458;13
89361;Landensberg;-13.6;8.6;510;13
89362;Offingen;-12.7;9.0;437;13
89364;Rettenbach;-12.9;8.8;483;13
89365;Röfingen;-13.1;8.7;503;13
89367;Waldstetten;-12.7;8.8;498;13
89368;Winterbach;-13.3;8.8;466;13
89407;Dillingen a.d, Donau;-13.5;9.0;422;13
89415;Lauingen (Donau);-13.1;9.0;433;13
89420;Höchstädt a.d, Donau;-13.5;9.0;425;13
89423;Gundelfingen a.d, Donau;-12.8;9.0;433;13
89426;Wittislingen;-13.2;8.9;439;13
89428;Syrgenstein;-13.0;8.7;494;14
89429;Bachhagel;-12.8;8.8;464;13
89431;Bächingen a.d, Brenz;-12.8;9.0;441;13
89434;Blindheim;-13.4;9.0;417;13
89435;Finningen;-13.3;8.8;463;13
89437;Haunsheim;-13.0;8.7;492;13
89438;Holzheim;-13.5;8.7;486;13
89440;Lutzingen;-13.3;8.6;504;13
89441;Medlingen;-13.0;8.8;468;13
89443;Schwenningen;-13.3;9.0;407;13
89446;Ziertheim;-13.1;8.9;456;13
89447;Zöschingen;-13.0;8.6;508;14
89518;Heidenheim an der Brenz;-12.3;8.9;497;14
89520;Heidenheim an der Brenz;-13.2;8.1;651;14
89522;Heidenheim an der Brenz;-12.7;8.5;572;14
89537;Giengen an der Brenz;-12.7;8.9;483;14
89542;Herbrechtingen;-12.4;8.7;523;14
89547;Gerstetten;-12.8;8.3;612;14
89551;Königsbronn;-12.8;8.3;602;14
89555;Steinheim am Albuch;-13.1;8.2;646;14
89558;Böhmenkirch;-13.3;7.9;704;14
89561;Dischingen;-13.1;8.6;521;13
89564;Nattheim;-13.0;8.1;636;14
89567;Sontheim an der Brenz;-12.7;9.0;446;13
89568;Hermaringen;-12.7;9.0;452;14
89584;Ehingen (Donau), Lauterach;-12.9;8.7;520;13
89597;Munderkingen;-12.9;8.7;526;13
89601;Schelklingen;-13.4;7.8;737;14
89604;Allmendingen;-13.1;8.5;561;13
89605;Altheim;-13.1;8.4;588;13
89607;Emerkingen;-12.8;8.8;512;13
89608;Griesingen;-12.8;8.9;496;13
89610;Oberdischingen;-12.9;8.8;517;13
89611;Obermarchtal;-13.0;8.4;583;13
89613;Oberstadion;-13.0;8.7;528;13
89614;Ö“pfingen;-12.9;8.7;520;13
89616;Rottenacker;-12.9;8.8;526;13
89617;Untermarchtal;-13.0;8.6;544;13
89619;Unterstadion;-13.0;8.8;518;13
90402;Nürnberg;-11.3;10.6;309;13
90403;Nürnberg;-11.3;10.6;329;13
90408;Nürnberg;-12.2;10.0;317;13
90409;Nürnberg;-12.2;10.0;323;13
90411;Nürnberg;-13.2;9.4;313;13
90419;Nürnberg;-12.1;10.1;297;13
90425;Nürnberg;-12.6;9.7;311;13
90427;Nürnberg;-13.2;9.4;309;13
90429;Nürnberg;-12.2;10.0;305;13
90431;Nürnberg;-12.2;10.1;302;13
90439;Nürnberg;-12.0;10.2;312;13
90441;Nürnberg;-12.1;10.2;313;13
90443;Nürnberg;-11.2;10.7;312;13
90449;Nürnberg;-12.3;10.0;309;13
90451;Nürnberg;-12.7;9.8;312;13
90453;Nürnberg;-13.3;9.4;307;13
90455;Nürnberg;-13.7;9.3;334;13
90459;Nürnberg;-11.2;10.7;317;13
90461;Nürnberg;-12.3;10.1;326;13
90469;Nürnberg;-13.0;9.6;328;13
90471;Nürnberg;-12.7;9.8;324;13
90473;Nürnberg;-13.3;9.3;340;13
90475;Nürnberg;-13.6;9.0;365;13
90478;Nürnberg;-12.3;10.0;317;13
90480;Nürnberg;-13.3;9.4;338;13
90482;Nürnberg;-13.2;9.4;317;13
90489;Nürnberg;-11.2;10.6;319;13
90491;Nürnberg;-12.7;9.7;325;13
90513;Zirndorf;-13.4;9.4;311;13
90518;Altdorf bei Nürnberg;-13.6;8.8;427;13
90522;Oberasbach;-13.2;9.5;310;13
90530;Wendelstein;-13.7;9.1;349;13
90537;Nürnberg-Feucht, Feuchter Forst;-13.4;9.0;371;13
90542;Eckental;-13.5;9.1;350;13
90547;Stein;-13.5;9.3;338;13
90552;Röthenbach an der Pegnitz;-13.6;9.3;339;13
90556;Cadolzburg;-13.6;9.2;346;13
90559;Burgthann;-13.6;8.7;449;13
90562;Heroldsberg;-13.7;9.0;371;13
90571;Schwaig b, Nürnberg, Behringersdorfer Forst;-13.6;9.1;354;13
90574;Roßtal;-13.4;8.9;397;13
90579;Langenzenn;-13.5;9.2;347;13
90584;Allersberg;-13.8;8.8;424;13
90587;Veitsbronn;-13.4;9.3;322;13
90592;Schwarzenbruck;-13.5;9.0;362;13
90596;Schwanstetten;-13.6;9.0;363;13
90599;Dietenhofen;-13.2;9.1;358;13
90602;Pyrbaum;-13.8;8.7;438;13
90607;Rückersdorf;-13.6;9.3;340;13
90610;Winkelhaid;-13.5;8.9;394;13
90613;Großhabersdorf;-13.5;9.3;322;13
90614;Ammerndorf;-13.5;9.3;317;13
90616;Neuhof a.d.Zenn;-13.1;9.0;376;13
90617;Puschendorf;-13.8;9.0;362;13
90619;Trautskirchen;-13.0;9.2;345;13
90762;Fürth;-11.8;10.2;297;13
90763;Fürth;-12.1;10.1;300;13
90765;Fürth;-13.0;9.6;289;13
90766;Fürth;-12.4;9.9;308;13
90768;Fürth;-13.3;9.4;315;13
91052;Erlangen;-12.3;10.0;285;13
91054;Erlangen;-12.4;9.8;285;13
91056;Erlangen;-13.1;9.4;289;13
91058;Erlangen;-13.2;9.5;302;13
91074;Herzogenaurach;-13.2;9.4;310;13
91077;Neunkirchen a, Brand;-13.4;9.1;340;13
91080;Uttenreuth, Marloffstein;-13.1;9.4;306;13
91083;Baiersdorf;-12.8;9.5;260;13
91085;Weisendorf;-13.3;9.2;315;13
91086;Aurachtal;-13.3;9.3;310;13
91088;Bubenreuth;-13.0;9.5;274;13
91090;Effeltrich;-13.4;9.1;330;13
91091;Großenseebach;-13.2;9.3;297;13
91093;Heßdorf;-13.2;9.4;294;13
91094;Langensendelbach;-13.2;9.3;304;13
91096;Möhrendorf/Mark;-13.2;9.3;304;13
91097;Oberreichenbach;-13.4;9.1;350;13
91099;Poxdorf;-12.8;9.4;280;13
91126;Schwabach;-13.5;9.0;379;13
91154;Roth;-13.7;9.0;372;13
91161;Hilpoltstein;-13.7;8.8;436;13
91166;Georgensgmünd;-13.6;9.0;378;13
91171;Greding;-13.4;8.8;443;13
91174;Spalt;-13.3;9.1;362;13
91177;Thalmässing;-13.6;8.7;463;13
91180;Heideck;-13.4;9.0;406;13
91183;Abenberg;-13.6;8.9;406;13
91186;Büchenbach;-13.7;8.9;391;13
91187;Röttenbach;-13.5;9.1;372;13
91189;Rohr;-13.4;9.0;368;13
91207;Lauf an der Pegnitz;-13.6;9.1;356;13
91217;Hersbruck;-13.6;9.3;341;13
91220;Schnaittach;-13.8;9.0;357;13
91224;Pommelsbrunn;-14.2;8.2;496;13
91227;Leinburg;-13.5;8.8;406;13
91230;Happurg;-13.9;8.1;515;13
91233;Neunkirchen am Sand;-13.7;9.1;348;13
91235;Velden/Hartenstein;-14.1;8.5;436;13
91236;Alfeld;-14.0;8.2;505;13
91238;Engelthal/Offenhausen;-13.9;9.0;379;13
91239;Henfenfeld;-13.7;9.2;339;13
91241;Kirchensittenbach;-14.2;8.3;478;13
91242;Ottensoos;-13.8;9.1;367;13
91244;Reichenschwand;-13.7;8.8;402;13
91245;Simmelsdorf;-14.1;8.2;498;13
91247;Vorra;-14.3;8.3;467;13
91249;Weigendorf;-14.3;8.4;459;13
91257;Pegnitz;-13.9;8.3;456;13
91275;Auerbach i.d, OPf.;-13.8;8.5;431;13
91278;Pottenstein;-13.6;8.7;375;13
91281;Kirchenthumbach;-14.1;7.8;537;13
91282;Betzenstein;-14.1;8.1;501;13
91284;Neuhaus a.d.Pegnitz;-13.8;8.7;393;13
91286;Obertrubach;-14.0;8.1;507;13
91287;Plech;-14.2;8.4;454;13
91289;Schnabelwaid;-14.0;8.2;460;13
91301;Forchheim;-12.6;9.5;267;13
91315;Höchstadt a.d.Aisch;-12.8;9.3;281;13
91320;Ebermannstadt;-13.6;8.7;381;13
91322;Gräfenberg;-13.9;8.3;481;13
91325;Adelsdorf;-13.0;9.3;265;13
91327;Gößweinstein;-14.1;8.2;479;13
91330;Eggolsheim;-13.1;9.2;285;13
91332;Heiligenstadt i, OFr.;-13.6;8.6;397;13
91334;Hemhofen;-13.3;9.2;318;13
91336;Heroldsbach;-13.3;9.1;322;13
91338;Igensdorf;-13.5;8.7;419;13
91341;Röttenbach;-13.2;9.3;304;13
91344;Waischenfeld;-14.0;8.4;434;13
91346;Wiesenttal;-14.0;8.4;437;13
91347;Aufseß;-13.5;8.1;481;13
91349;Egloffstein;-13.8;8.7;399;13
91350;Gremsdorf;-13.0;9.3;295;13
91352;Hallerndorf;-13.2;9.3;257;13
91353;Hausen;-13.0;9.4;278;13
91355;Hiltpoltstein;-14.2;8.0;523;13
91356;Kirchehrenbach;-13.7;8.8;371;13
91358;Kunreuth;-13.4;9.1;336;13
91359;Leutenbach;-14.1;8.1;509;13
91361;Pinzberg;-13.0;9.2;292;13
91362;Pretzfeld;-13.3;9.0;328;13
91364;Unterleinleiter;-13.7;8.7;375;13
91365;Weilersbach;-13.3;9.1;322;13
91367;Weißenohe;-13.6;8.7;408;13
91369;Wiesenthau;-13.3;9.1;329;13
91413;Neustadt a.d, Aisch;-12.4;9.4;301;13
91438;Bad Windsheim;-12.3;9.5;312;13
91443;Scheinfeld;-12.8;9.1;369;13
91448;Emskirchen;-13.5;9.2;329;13
91452;Wilhermsdorf;-13.3;9.1;361;13
91456;Diespeck;-12.8;9.4;285;13
91459;Markt Erlbach;-13.3;8.9;413;13
91460;Baudenbach;-12.4;9.3;310;13
91462;Dachsbach;-12.9;9.4;277;13
91463;Dietersheim;-12.6;9.3;333;13
91465;Ergersheim;-12.2;9.2;369;13
91466;Gerhardshofen;-13.1;9.3;312;13
91468;Gutenstetten;-13.3;9.0;350;13
91469;Hagenbüchach;-13.5;8.9;387;13
91471;Illesheim;-12.6;9.3;348;13
91472;Ipsheim;-12.3;9.3;335;13
91474;Langenfeld;-12.3;9.4;313;13
91475;Lonnerstadt;-12.9;9.3;278;13
91477;Markt Bibart;-12.3;9.3;321;13
91478;Markt Nordheim;-12.5;9.3;350;13
91480;Markt Taschendorf;-13.2;8.9;382;13
91481;Münchsteinach;-13.3;9.0;369;13
91483;Oberscheinfeld;-12.3;9.2;334;13
91484;Sugenheim;-12.4;9.2;343;13
91486;Uehlfeld;-13.1;9.3;290;13
91487;Vestenbergsgreuth;-13.1;9.1;321;13
91489;Wilhelmsdorf;-13.5;9.1;336;13
91522;Ansbach;-13.0;9.1;413;13
91541;Rothenburg ob der Tauber;-12.3;9.1;430;13
91550;Dinkelsbühl;-12.8;8.7;469;13
91555;Feuchtwangen;-12.8;8.9;450;13
91560;Heilsbronn;-13.4;8.9;408;13
91564;Neuendettelsau;-13.6;8.8;436;13
91567;Herrieden;-12.7;9.0;420;13
91572;Bechhofen;-13.1;8.7;464;13
91575;Windsbach;-13.5;8.9;427;13
91578;Leutershausen;-13.1;8.7;477;13
91580;Petersaurach;-13.5;8.7;449;13
91583;Schillingsfürst;-12.8;8.9;451;13
91586;Lichtenau;-13.3;8.8;442;13
91587;Adelshofen;-12.3;9.1;428;13
91589;Aurach;-13.1;8.5;503;13
91590;Bruckberg;-13.2;9.0;380;13
91592;Buch a, Wald;-12.9;8.9;447;13
91593;Burgbernheim;-12.3;9.4;330;13
91595;Burgoberbach;-13.0;8.7;467;13
91596;Burk;-12.9;8.7;471;13
91598;Colmberg;-13.2;8.5;507;13
91599;Dentlein a, Forst;-13.0;8.7;473;13
91601;Dombühl;-12.9;8.7;472;13
91602;Dürrwangen;-12.9;8.6;480;13
91604;Flachslanden;-13.1;8.6;479;13
91605;Gallmersgarten;-12.4;9.1;399;13
91607;Gebsattel;-12.3;9.2;404;13
91608;Geslau;-12.9;8.9;449;13
91610;Insingen;-12.4;9.1;414;13
91611;Lehrberg;-13.1;8.9;417;13
91613;Marktbergel;-12.4;9.2;363;13
91614;Mönchsroth;-12.6;8.8;450;13
91616;Neusitz;-12.7;8.8;472;13
91617;Oberdachstetten;-13.0;8.9;436;13
91619;Obernzenn;-12.8;9.1;377;13
91620;Ohrenbach;-12.3;9.1;414;13
91622;Rügland;-13.3;8.9;423;13
91623;Sachsen b, Ansbach;-13.2;9.0;399;13
91625;Schnelldorf;-12.8;8.8;466;13
91626;Schopfloch;-12.9;8.6;485;13
91628;Steinsfeld;-12.5;9.1;422;13
91629;Weihenzell;-13.2;9.0;396;13
91631;Wettringen;-12.5;9.1;423;13
91632;Wieseth;-12.9;8.8;442;13
91634;Wilburgstetten;-12.6;8.8;449;13
91635;Windelsbach;-12.8;8.9;453;13
91637;Wörnitz;-12.8;8.8;461;13
91639;Wolframs-Eschenbach;-13.5;8.8;448;13
91710;Gunzenhausen;-13.1;9.1;426;13
91717;Wassertrüdingen;-13.1;8.7;476;13
91719;Heidenheim;-13.3;8.2;578;13
91720;Absberg;-13.7;8.6;493;13
91722;Arberg;-13.2;8.6;496;13
91723;Dittenheim;-13.2;9.0;450;13
91725;Ehingen;-13.0;8.6;499;13
91726;Gerolfingen;-12.7;8.9;433;13
91728;Gnotzheim;-13.1;8.7;483;13
91729;Haundorf;-13.6;8.8;460;13
91731;Langfurth;-12.8;8.7;466;13
91732;Merkendorf;-13.4;8.9;433;13
91734;Mitteleschenbach;-13.4;8.9;416;13
91735;Muhr a, See;-13.3;9.1;417;13
91737;Ornbau;-13.3;9.1;413;13
91738;Pfofeld;-13.5;8.9;457;13
91740;Röckingen;-12.9;8.8;447;13
91741;Theilenhofen;-13.4;8.8;486;13
91743;Unterschwaningen;-13.0;8.9;447;13
91744;Weiltingen;-12.6;8.9;441;13
91746;Weidenbach;-13.3;8.8;453;13
91747;Westheim;-12.8;8.8;450;13
91749;Wittelshofen;-12.7;8.7;459;13
91757;Treuchtlingen;-13.3;8.5;539;13
91781;Weißenburg i, Bay.;-13.7;8.4;589;13
91785;Pleinfeld;-13.6;9.1;403;13
91788;Pappenheim;-13.5;8.6;529;13
91790;Nennslingen;-13.3;8.4;549;13
91792;Ellingen;-13.3;9.0;453;13
91793;Alesheim;-13.1;9.2;422;13
91795;Dollnstein;-13.1;8.9;440;13
91796;Ettenstatt;-13.6;8.8;473;13
91798;Höttingen;-13.2;9.2;429;13
91799;Langenaltheim;-13.3;8.5;545;13
91801;Markt Berolzheim;-13.3;9.0;456;13
91802;Meinheim;-13.3;9.0;449;13
91804;Mörnsheim;-13.1;8.4;544;13
91805;Polsingen;-13.1;8.3;557;13
91807;Solnhofen;-13.3;9.0;454;13
91809;Wellheim;-13.3;8.8;458;13
92224;Amberg;-13.6;9.3;388;13
92237;Sulzbach-Rosenberg;-14.0;8.7;425;13
92242;Hirschau;-13.8;8.5;418;13
92245;Kümmersbruck;-14.4;8.6;404;13
92249;Vilseck;-13.9;8.6;408;13
92253;Schnaittenbach;-13.4;8.4;435;13
92256;Hahnbach;-14.3;8.6;400;13
92259;Neukirchen b, Sulzbach-Rosen;-14.4;8.2;485;13
92260;Ammerthal;-14.5;8.4;443;13
92262;Birgland;-14.1;7.9;548;13
92263;Ebermannsdorf;-14.5;8.5;425;13
92265;Edelsfeld;-14.3;8.0;516;13
92266;Ensdorf;-14.4;8.5;426;13
92268;Etzelwang;-14.2;8.2;491;13
92269;Fensterbach;-14.3;8.7;380;13
92271;Freihung;-13.7;8.3;456;13
92272;Freudenberg;-14.6;8.4;440;13
92274;Gebenbach;-14.3;8.3;458;13
92275;Hirschbach;-14.3;8.5;435;13
92277;Hohenburg;-14.2;8.6;409;13
92278;Illschwang;-14.5;8.2;484;13
92280;Kastl;-14.1;8.5;426;13
92281;Königstein;-14.3;8.1;495;13
92283;Lauterhofen;-13.9;7.9;560;13
92284;Poppenricht;-14.4;8.6;405;13
92286;Rieden;-14.3;8.5;422;13
92287;Schmidmühlen;-14.1;8.9;356;13
92289;Ursensollen;-14.4;8.0;524;13
92318;Neumarkt i.d, OPf.;-13.0;9.0;431;13
92331;Parsberg;-13.7;8.5;450;13
92334;Berching;-13.5;8.3;536;13
92339;Beilngries;-13.0;8.7;475;13
92342;Freystadt;-13.6;8.9;418;13
92345;Dietfurt a.d, Altmühl;-12.9;9.2;365;13
92348;Berg b, Neumarkt i.d, OPf.;-13.6;8.5;480;13
92353;Postbauer-Heng;-13.7;8.6;452;13
92355;Velburg;-14.3;8.0;553;13
92358;Seubersdorf i.d, OPf.;-13.8;8.2;534;13
92360;Mühlhausen;-13.6;8.9;424;13
92361;Berngau;-13.7;8.8;432;13
92363;Breitenbrunn;-13.6;8.6;474;13
92364;Deining;-13.7;8.2;543;13
92366;Hohenfels;-14.3;8.4;454;13
92367;Pilsach;-14.3;7.8;588;13
92369;Sengenthal;-13.6;8.8;430;13
92421;Schwandorf;-13.6;9.1;358;13
92431;Neunburg vorm Wald;-14.0;8.3;465;13
92436;Bruck i.d, OPf.;-13.7;8.9;366;13
92439;Bodenwöhr;-14.0;8.6;400;13
92442;Wackersdorf;-14.3;8.6;411;13
92444;Rötz;-13.8;8.2;466;10
92445;Neukirchen-Balbini;-13.7;7.9;544;13
92447;Schwarzhofen;-13.9;8.7;374;13
92449;Steinberg;-14.1;8.7;375;13
92507;Nabburg;-14.0;8.6;417;13
92521;Schwarzenfeld;-14.0;8.9;362;13
92526;Oberviechtach;-13.7;7.6;566;10
92533;Wernberg-Köblitz;-13.5;8.7;374;13
92536;Pfreimd;-13.8;8.6;390;13
92539;Schönsee;-14.0;7.3;637;10
92540;Altendorf;-14.1;8.3;460;13
92542;Dieterskirchen;-14.1;8.1;485;10
92543;Guteneck;-14.0;8.2;476;10
92545;Niedermurach;-14.1;8.2;482;10
92546;Schmidgaden;-14.4;8.4;429;13
92548;Schwarzach b, Nabburg;-14.2;8.1;490;13
92549;Stadlern;-14.4;7.0;695;10
92551;Stulln;-14.2;8.7;372;13
92552;Teunz;-13.9;7.9;524;10
92554;Thanstein;-13.8;8.1;487;10
92555;Trausnitz;-13.7;8.2;466;10
92557;Weiding;-14.3;7.1;668;10
92559;Winklarn;-13.7;7.9;524;10
92637;Weiden in der OPf., Theisseil;-12.8;8.9;394;13
92648;Vohenstrauß;-13.7;7.7;557;10
92655;Grafenwöhr;-14.2;8.0;506;13
92660;Neustadt a.d, Waldnaab;-13.3;8.6;412;13
92665;Altenstadt a.d, Waldnaab;-13.8;8.1;470;13
92670;Windischeschenbach;-13.9;8.2;444;13
92676;Eschenbach i.d, OPf.;-13.7;8.4;420;10
92681;Erbendorf;-13.9;7.8;530;10
92685;Floß;-14.0;8.0;506;10
92690;Pressath;-14.0;7.9;506;10
92693;Eslarn;-13.5;7.9;536;10
92694;Etzenricht;-13.3;8.6;386;13
92696;Flossenbürg;-14.5;7.0;679;10
92697;Georgenberg;-14.3;7.3;622;10
92699;Bechtsried;-13.3;8.4;433;10
92700;Kaltenbrunn;-13.8;8.2;470;13
92702;Kohlberg;-13.5;8.3;448;13
92703;Krummennaab;-14.0;8.0;490;10
92705;Leuchtenberg;-13.7;8.1;489;10
92706;Luhe-Wildenau;-13.3;8.5;414;13
92708;Mantel;-13.3;8.4;419;13
92709;Moosbach;-13.7;7.7;566;10
92711;Parkstein;-14.1;8.0;493;13
92712;Pirk;-13.3;8.4;435;10
92714;Pleystein;-13.6;7.9;506;10
92715;Püchersreuth;-13.8;8.2;446;13
92717;Reuth b, Erbendorf;-14.0;8.0;494;10
92718;Schirmitz;-13.3;8.5;423;13
92720;Schwarzenbach;-13.5;8.4;424;13
92721;Störnstein;-13.7;8.3;452;13
92723;Tännesberg;-13.9;7.6;583;10
92724;Trabitz;-13.7;8.3;435;10
92726;Waidhaus;-13.8;7.7;543;10
92727;Waldthurn;-13.8;7.8;545;10
92729;Weiherhammer;-13.3;8.4;424;13
93047;Regensburg;-11.8;10.0;341;13
93049;Regensburg;-12.8;9.4;346;13
93051;Regensburg;-12.6;9.3;376;13
93053;Regensburg;-13.3;8.8;379;13
93055;Regensburg;-13.2;9.1;333;13
93057;Regensburg;-13.3;8.7;394;13
93059;Regensburg;-13.0;8.8;398;13
93073;Neutraubling;-13.6;9.1;331;13
93077;Bad Abbach;-13.7;8.8;366;13
93080;Pentling;-13.7;8.5;417;13
93083;Obertraubling;-13.7;8.8;379;13
93086;Wörth an der Donau;-13.8;8.6;410;13
93087;Alteglofsheim;-13.7;8.8;357;13
93089;Aufhausen;-13.7;8.7;391;13
93090;Bach an der Donau;-13.6;9.0;330;13
93092;Barbing;-13.6;9.0;325;13
93093;Donaustauf;-13.8;8.7;378;13
93095;Hagelstadt;-13.9;8.7;388;13
93096;Köfering;-13.8;8.9;350;13
93098;Mintraching;-13.5;9.0;328;13
93099;Mötzing;-13.7;9.0;332;13
93101;Pfakofen;-13.6;8.8;364;13
93102;Pfatter;-13.3;9.0;324;13
93104;Sünching;-13.7;8.9;347;13
93105;Tegernheim;-13.4;9.0;330;13
93107;Thalmassing;-13.8;8.7;392;13
93109;Wiesent;-14.0;8.3;454;13
93128;Regenstauf;-14.0;8.6;397;13
93133;Burglengenfeld;-14.4;8.6;410;13
93138;Lappersdorf;-13.8;8.6;396;13
93142;Maxhütte-Haidhof;-14.1;8.7;392;13
93149;Nittenau;-13.8;8.8;383;13
93152;Nittendorf;-13.5;8.3;484;13
93155;Hemau;-13.7;8.4;511;13
93158;Teublitz;-13.9;8.9;347;13
93161;Sinzing;-13.7;8.8;390;13
93164;Laaber, Brunn;-13.5;8.3;485;13
93167;Falkenstein;-13.5;7.8;548;13
93170;Bernhardswald;-13.8;8.4;444;13
93173;Wenzenbach;-13.8;8.8;359;13
93176;Beratzhausen;-13.7;8.3;501;13
93177;Altenthann;-13.5;8.3;469;13
93179;Brennberg;-13.8;7.8;553;13
93180;Deuerling;-13.5;8.5;440;13
93182;Duggendorf;-13.6;8.4;465;13
93183;Kallmünz;-14.1;8.7;394;13
93185;Michelsneukirchen;-14.0;7.3;629;13
93186;Pettendorf;-13.6;8.5;438;13
93188;Pielenhofen;-13.5;8.5;439;13
93189;Reichenbach;-13.9;8.7;402;13
93191;Rettenbach;-14.0;7.5;601;13
93192;Wald;-13.8;8.0;537;13
93194;Walderbach;-13.9;8.7;406;13
93195;Wolfsegg;-14.0;8.5;430;13
93197;Zeitlarn;-13.7;8.9;337;13
93199;Zell;-13.8;8.2;492;13
93309;Kelheim;-13.3;9.0;347;13
93326;Abensberg;-13.3;8.8;404;13
93333;Neustadt a.d, Donau;-13.1;9.2;352;13
93336;Altmannstein;-13.3;8.8;439;13
93339;Riedenburg;-13.1;9.0;388;13
93342;Saal a.d, Donau;-13.5;8.8;375;13
93343;Essing;-13.4;8.6;466;13
93345;Hausen;-13.6;8.9;374;13
93346;Ihrlerstein;-13.8;8.3;522;13
93348;Kirchdorf;-13.4;8.7;418;13
93349;Mindelstetten;-13.2;8.9;396;13
93351;Painten;-13.9;8.2;554;13
93352;Rohr i, NB;-13.7;8.6;431;13
93354;Siegenburg;-13.3;8.9;390;13
93356;Teugn;-13.8;8.6;405;13
93358;Train;-13.3;8.9;389;13
93359;Wildenberg;-13.4;8.8;419;13
93413;Cham;-13.2;8.8;366;10
93426;Roding;-13.7;8.7;408;13
93437;Furth i, Wald;-13.2;8.6;399;10
93444;Kötzting;-13.5;8.4;406;10
93449;Waldmünchen;-13.8;7.8;530;10
93453;Neukirchen b, Hl, Blut;-13.3;7.7;539;10
93455;Traitsching;-13.8;8.3;455;10
93458;Eschlkam;-13.2;8.3;438;10
93462;Lam;-13.5;7.5;572;10
93464;Tiefenbach;-13.7;7.9;507;10
93466;Chamerau;-13.6;7.8;515;10
93468;Miltach;-13.6;8.4;419;10
93470;Lohberg;-13.7;7.1;660;11
93471;Arnbruck;-13.3;7.6;539;11
93473;Arnschwang;-13.4;8.3;434;10
93474;Arrach;-13.7;7.3;603;10
93476;Blaibach;-13.5;8.4;410;10
93477;Gleißenberg;-13.6;8.2;463;10
93479;Grafenwiesen;-13.5;8.4;414;10
93480;Hohenwarth;-13.3;7.8;520;10
93482;Pemfling;-13.6;8.5;427;10
93483;Pösing;-13.3;8.8;365;13
93485;Rimbach;-13.3;7.7;540;10
93486;Runding;-13.5;8.5;415;10
93488;Schönthal;-13.6;8.2;450;10
93489;Schorndorf;-13.5;8.6;406;10
93491;Stamsried;-13.8;8.4;447;10
93492;Treffelstein;-13.6;7.7;537;10
93494;Waffenbrunn;-13.7;8.2;466;13
93495;Weiding;-13.3;8.6;386;13
93497;Willmering;-13.5;8.6;393;13
93499;Zandt;-13.7;7.7;539;10
94032;Passau;-10.9;9.8;307;13
94034;Passau;-11.8;8.9;418;13
94036;Passau;-11.8;9.2;344;13
94051;Hauzenberg;-12.3;8.6;484;10
94060;Pocking;-12.2;9.4;317;13
94065;Waldkirchen;-12.5;8.3;513;10
94072;Bad Füssing;-12.2;9.4;321;13
94078;Freyung;-13.5;7.4;653;11
94081;Fürstenzell;-11.9;9.0;368;13
94086;Griesbach i, Rottal;-12.3;8.6;477;13
94089;Neureichenau;-14.0;7.0;769;11
94094;Rotthalmünster;-12.3;8.9;410;13
94099;Ruhstorf a.d, Rott;-12.1;9.0;377;13
94104;Tittling;-12.0;8.6;451;13
94107;Untergriesbach;-12.5;8.3;547;10
94110;Wegscheid;-13.1;7.6;677;10
94113;Tiefenbach;-12.0;8.9;401;13
94116;Hutthurm;-12.1;8.6;461;13
94118;Jandelsbrunn;-13.1;7.6;638;10
94121;Salzweg;-11.9;8.8;428;13
94124;Büchlberg;-12.1;8.8;422;10
94127;Neuburg a, Inn;-12.0;8.9;409;13
94130;Obernzell;-12.5;8.3;540;10
94133;Röhrnbach;-12.3;8.5;470;10
94136;Thyrnau;-11.9;8.9;395;13
94137;Bayerbach;-12.3;9.1;360;13
94139;Breitenberg;-13.5;7.3;696;10
94140;Ering;-12.3;9.1;389;13
94142;Fürsteneck;-12.3;8.5;467;13
94143;Grainet;-14.1;6.5;860;11
94145;Haidmühle;-14.2;6.5;853;11
94146;Hinterschmiding;-14.6;6.4;857;11
94148;Kirchham;-12.2;9.3;339;13
94149;Kößlarn;-12.5;8.8;425;13
94151;Mauth;-14.6;6.4;852;11
94152;Neuhaus a, Inn;-12.1;9.4;306;13
94154;Neukirchen vorm Wald;-12.3;8.6;460;13
94157;Perlesreut;-12.6;8.2;519;13
94158;Philippsreut;-14.8;5.8;1007;11
94160;Ringelai;-12.2;8.5;454;10
94161;Ruderting;-12.1;8.7;440;13
94163;Saldenburg;-12.6;8.2;518;10
94164;Sonnen;-14.3;6.5;884;10
94166;Stubenberg;-12.3;8.6;493;13
94167;Tettenweis;-12.3;9.2;340;13
94169;Thurmansbang;-12.3;8.5;454;10
94209;Regen;-13.8;7.4;571;10
94227;Zwiesel;-14.1;7.0;648;11
94234;Viechtach;-13.5;7.9;487;10
94239;Zachenberg;-14.1;7.1;641;10
94244;Teisnach;-13.7;7.4;572;10
94249;Bodenmais;-14.1;6.6;757;11
94250;Achslach;-14.1;6.6;775;11
94252;Bayerisch Eisenstein;-14.5;6.4;792;11
94253;Bischofsmais;-13.9;6.8;706;11
94255;Böbrach;-14.1;7.1;621;10
94256;Drachselsried;-14.1;7.1;622;11
94258;Frauenau;-14.1;6.7;734;11
94259;Kirchberg;-13.7;7.0;662;10
94261;Kirchdorf i, Wald;-13.6;7.1;655;10
94262;Kollnburg;-13.3;8.0;479;10
94264;Langdorf;-13.8;7.3;585;10
94265;Patersdorf;-13.3;7.7;512;10
94267;Prackenbach;-13.8;7.4;578;10
94269;Rinchnach;-13.8;7.3;579;10
94315;Straubing;-12.9;9.5;326;13
94327;Bogen;-13.7;9.0;326;13
94330;Aiterhofen;-13.8;9.0;331;13
94333;Geiselhöring;-13.6;8.8;362;13
94336;Hunderdorf;-13.7;9.0;330;13
94339;Leiblfing;-13.9;8.7;392;13
94342;Straßkirchen;-13.8;9.0;325;13
94344;Wiesenfelden;-14.1;7.3;629;13
94345;Aholfing;-13.7;9.0;321;13
94347;Ascha;-13.6;8.9;359;13
94348;Atting;-13.8;9.0;330;13
94350;Falkenfels;-13.9;8.2;482;13
94351;Feldkirchen;-13.8;8.9;342;13
94353;Haibach;-13.6;8.0;495;10
94354;Haselbach;-13.6;8.4;441;13
94356;Kirchroth;-13.7;9.0;324;13
94357;Konzell;-13.6;7.7;541;10
94359;Loitzendorf;-13.6;8.5;417;10
94360;Mitterfels;-13.6;8.5;420;13
94362;Neukirchen;-13.8;8.2;475;10
94363;Oberschneiding;-13.9;8.7;375;13
94365;Parkstetten;-13.8;9.1;316;13
94366;Perasdorf;-13.7;8.3;464;10
94368;Perkam;-13.8;9.0;331;13
94369;Rain;-13.8;9.0;331;13
94371;Rattenberg;-14.0;7.2;633;11
94372;Rattiszell;-13.8;8.4;452;13
94374;Schwarzach;-13.6;8.4;442;10
94375;Stallwang;-13.6;8.5;412;10
94377;Steinach;-13.8;9.0;328;13
94379;Sankt Englmar;-14.5;6.7;769;11
94405;Landau a.d, Isar;-13.6;8.6;415;13
94419;Reisbach;-13.2;8.6;432;13
94424;Arnstorf;-13.0;8.6;439;13
94428;Eichendorf;-13.1;8.9;357;13
94431;Pilsting;-13.6;8.9;344;13
94436;Simbach;-13.2;8.5;456;13
94437;Mamming;-13.6;8.6;428;13
94439;Roßbach;-12.6;8.6;447;13
94447;Plattling;-13.3;9.1;316;13
94469;Deggendorf;-13.1;9.1;342;13
94474;Vilshofen an der Donau;-12.3;9.1;362;13
94481;Grafenau;-13.1;7.5;609;10
94486;Osterhofen;-13.3;9.1;332;13
94491;Hengersberg;-13.3;9.0;341;13
94496;Ortenburg;-12.2;9.2;340;13
94501;Aldersbach;-12.5;9.2;331;13
94505;Bernried;-13.8;7.8;550;10
94508;Schöllnach;-12.5;8.5;452;10
94513;Schönberg;-12.4;8.3;480;10
94518;Spiegelau;-14.7;6.4;818;11
94522;Wallersdorf;-13.6;9.0;332;13
94526;Metten;-13.5;9.1;321;13
94527;Aholming;-13.6;9.1;319;13
94529;Aicha vorm Wald;-12.0;9.0;375;13
94530;Auerbach;-13.4;9.0;329;10
94532;Außernzell;-12.5;8.9;378;10
94533;Buchhofen;-13.5;9.0;329;13
94535;Eging a, See;-12.2;8.8;421;10
94536;Eppenschlag;-13.5;7.2;642;10
94538;Fürstenstein;-12.3;8.4;497;10
94539;Grafling;-14.1;7.1;657;11
94541;Grattersdorf;-13.3;7.7;598;10
94542;Haarbach;-12.1;9.0;385;13
94544;Hofkirchen;-12.3;8.6;447;13
94545;Hohenau;-13.8;7.0;734;11
94547;Iggensbach;-12.3;8.6;440;13
94548;Innernzell;-13.2;7.4;616;10
94550;Künzing;-13.0;9.0;346;13
94551;Lalling;-12.7;8.5;440;11
94553;Mariaposching;-13.7;9.1;311;13
94554;Moos;-13.4;9.1;311;13
94556;Neuschönau;-14.8;6.4;827;11
94557;Niederalteich;-13.4;9.2;311;13
94559;Niederwinkling;-13.7;9.1;311;13
94560;Offenberg;-13.7;8.9;340;13
94562;Oberpöring;-13.6;9.0;329;13
94563;Otzing;-13.7;9.0;321;13
94566;Riedlhütte;-14.0;6.7;762;11
94568;Sankt Oswald;-14.2;6.6;778;11
94569;Stephansposching;-13.7;9.0;326;13
94571;Schaufling;-13.3;8.2;502;10
94572;Schöfweg;-14.2;6.6;783;11
94574;Wallerfing;-13.5;8.9;344;13
94575;Windorf;-12.1;8.8;408;13
94577;Winzer;-13.1;9.2;310;13
94579;Zenting;-12.3;8.5;451;11
95028;Hof;-14.6;7.8;511;10
95030;Hof;-15.0;7.3;566;10
95032;Hof;-14.9;7.4;561;10
95100;Selb;-14.3;7.5;560;10
95111;Rehau;-14.8;7.5;538;10
95119;Naila;-14.8;7.1;622;10
95126;Schwarzenbach a.d, Saale;-14.6;7.6;527;10
95131;Schwarzenbach a, Wald;-14.5;7.2;623;10
95138;Bad Steben;-14.6;7.3;594;10
95145;Oberkotzau;-14.7;7.7;518;10
95152;Selbitz;-14.8;7.4;574;10
95158;Kirchenlamitz;-14.6;7.2;609;10
95163;Weißenstadt;-14.3;7.2;609;10
95168;Marktleuthen;-14.2;7.6;532;10
95173;Schönwald;-14.9;6.9;653;10
95176;Konradsreuth;-14.9;7.4;567;10
95179;Geroldsgrün;-14.6;7.2;615;10
95180;Berg;-15.0;7.1;612;10
95182;Döhlau;-14.8;7.7;502;10
95183;Feilitzsch;-15.0;7.4;552;10
95185;Gattendorf;-15.1;7.3;564;10
95186;Höchstädt;-14.5;7.3;595;10
95188;Issigau;-14.8;7.2;599;10
95189;Köditz;-15.0;7.3;566;10
95191;Leupoldsgrün;-14.8;7.1;621;10
95192;Lichtenberg;-14.8;7.4;569;10
95194;Regnitzlosau;-14.8;7.6;518;10
95195;Röslau;-14.3;7.5;562;10
95197;Schauenstein;-14.6;7.6;542;10
95199;Thierstein;-14.4;7.6;535;10
95213;Münchberg;-14.6;7.6;555;10
95233;Helmbrechts;-14.8;6.8;680;10
95234;Sparneck;-14.5;7.3;589;10
95236;Stammbach;-14.5;7.3;604;10
95237;Weißdorf;-14.6;7.6;538;10
95239;Zell;-14.6;7.0;660;10
95326;Kulmbach;-12.3;8.8;341;13
95336;Mainleus;-12.3;9.0;286;13
95339;Neuenmarkt;-12.6;8.6;356;10
95346;Stadtsteinach;-12.8;8.5;386;10
95349;Thurnau;-13.0;8.3;424;13
95352;Marktleugast;-14.1;7.6;546;10
95355;Presseck;-14.4;7.2;628;10
95356;Grafengehaig;-14.3;7.5;565;10
95358;Guttenberg;-13.6;7.9;497;10
95359;Kasendorf;-12.8;8.4;417;13
95361;Ködnitz;-12.4;8.7;355;10
95362;Kupferberg;-14.0;7.7;536;10
95364;Ludwigschorgast;-12.6;8.6;366;10
95365;Rugendorf;-12.8;8.4;397;10
95367;Trebgast;-13.3;8.2;451;10
95369;Untersteinach;-13.1;8.3;420;10
95444;Bayreuth;-11.3;9.9;342;13
95445;Bayreuth;-12.0;9.3;334;13
95447;Bayreuth;-12.4;9.1;361;13
95448;Bayreuth;-13.0;8.7;381;10
95460;Bad Berneck im Fichtelgebirge;-13.2;8.4;414;10
95463;Bindlach;-12.8;8.7;356;10
95466;Weidenberg, Kirchenpingarten;-14.0;8.1;473;10
95469;Speichersdorf;-13.8;8.2;461;10
95473;Creußen;-13.7;8.3;441;13
95478;Kemnath;-13.8;8.1;479;10
95482;Gefrees;-14.1;7.9;504;10
95485;Warmensteinach;-14.0;7.5;574;11
95488;Eckersdorf;-13.2;8.3;443;13
95490;Mistelgau;-13.2;8.5;401;13
95491;Ahorntal;-13.7;8.4;436;13
95493;Bischofsgrün;-14.5;7.0;660;11
95494;Gesees;-13.3;8.5;409;13
95496;Glashütten;-13.3;8.4;417;13
95497;Goldkronach;-14.1;7.7;542;10
95499;Harsdorf;-12.7;8.7;351;10
95500;Heinersreuth;-12.6;8.8;334;13
95502;Himmelkron;-12.6;8.7;361;10
95503;Hummeltal;-13.7;8.1;464;13
95505;Immenreuth;-14.3;7.1;652;10
95506;Kastl;-13.9;8.1;478;10
95508;Kulmain;-14.3;7.5;572;10
95509;Marktschorgast;-13.6;7.9;487;10
95511;Mistelbach;-13.3;8.5;407;13
95512;Neudrossenfeld;-12.6;8.8;337;13
95514;Neustadt a, Kulm;-13.9;8.0;491;10
95515;Plankenfels;-13.3;8.7;382;13
95517;Emtmannsberg;-13.7;8.3;435;10
95519;Vorbach;-13.8;8.3;432;10
95615;Marktredwitz;-14.2;7.8;527;10
95632;Wunsiedel;-14.2;7.7;532;10
95643;Tirschenreuth;-14.2;7.9;505;10
95652;Waldsassen;-14.6;8.0;479;10
95659;Arzberg;-14.6;7.8;503;10
95666;Mitterteich;-14.5;7.9;493;10
95671;Bärnau;-14.1;7.6;566;10
95676;Wiesau;-14.3;7.9;512;10
95679;Waldershof;-14.2;7.5;572;10
95680;Bad Alexandersbad;-14.5;7.2;617;10
95682;Brand;-14.2;7.4;594;10
95683;Ebnath;-14.2;7.7;530;10
95685;Falkenberg;-14.1;7.9;503;10
95686;Fichtelberg;-14.4;7.0;669;11
95688;Friedenfels;-14.3;7.2;626;10
95689;Fuchsmühl;-14.5;7.0;662;10
95691;Hohenberg a.d, Eger;-14.6;7.4;572;10
95692;Konnersreuth;-14.5;7.5;558;10
95694;Mehlmeisel;-14.3;7.3;608;10
95695;Mähring;-14.5;7.3;612;10
95697;Nagel;-14.3;7.2;632;10
95698;Neualbenreuth;-14.6;7.8;521;10
95700;Neusorg;-14.3;7.3;610;10
95701;Pechbrunn;-14.4;7.7;534;10
95703;Plößberg;-14.0;7.7;546;10
95704;Pullenreuth;-14.3;7.2;629;10
95706;Schirnding;-14.8;7.8;507;10
95707;Thiersheim;-14.4;7.6;549;10
95709;Tröstau;-14.3;7.2;633;10
96047;Bamberg;-12.7;9.6;260;13
96049;Bamberg;-13.3;8.9;331;13
96050;Bamberg;-13.7;9.2;248;13
96052;Bamberg;-12.7;9.6;244;13
96103;Hallstadt;-13.5;9.3;233;13
96106;Ebern;-12.0;9.0;297;13
96110;Scheßlitz;-12.8;8.9;318;13
96114;Hirschaid;-13.5;9.3;242;13
96117;Memmelsdorf;-13.2;9.2;264;13
96120;Bischberg;-13.2;9.0;297;13
96123;Litzendorf;-13.1;8.7;351;13
96126;Maroldsweisach;-12.3;8.4;412;13
96129;Strullendorf;-13.1;8.8;341;13
96132;Schlüsselfeld;-13.0;8.9;344;13
96135;Stegaurach;-13.3;9.2;258;13
96138;Burgebrach;-13.1;9.2;280;13
96142;Hollfeld;-13.0;8.5;400;13
96145;Seßlach;-12.0;8.8;345;13
96146;Altendorf;-13.3;9.2;261;13
96148;Baunach;-12.6;8.8;348;13
96149;Breitengüßbach;-13.3;9.1;267;13
96151;Breitbrunn;-12.2;8.9;317;13
96152;Burghaslach;-12.7;9.2;315;13
96154;Burgwindheim;-12.7;9.0;324;13
96155;Buttenheim;-13.6;8.4;429;13
96157;Ebrach;-12.3;9.1;315;13
96158;Frensdorf;-13.3;9.1;278;13
96160;Geiselwind;-13.0;8.9;392;13
96161;Gerach;-12.4;8.9;314;13
96163;Gundelsheim;-13.5;9.2;249;13
96164;Kemmern;-13.5;9.2;239;13
96166;Kirchlauter;-12.4;8.7;360;13
96167;Königsfeld;-13.1;8.1;471;13
96169;Lauter;-12.8;8.9;316;13
96170;Lisberg;-12.5;9.2;284;13
96172;Mühlhausen;-13.1;9.1;321;13
96173;Oberhaid;-13.1;9.1;278;13
96175;Pettstadt;-13.7;9.2;249;13
96176;Pfarrweisach;-12.1;8.9;312;13
96178;Pommersfelden;-13.0;9.2;280;13
96179;Rattelsdorf;-12.7;9.1;278;13
96181;Rauhenebrach;-12.6;8.8;357;13
96182;Reckendorf;-12.8;9.2;254;13
96184;Rentweinsdorf;-12.4;9.0;296;13
96185;Schönbrunn i, Steigerwald;-12.6;9.2;274;13
96187;Stadelhofen;-13.1;8.1;475;13
96188;Stettfeld;-13.1;9.2;245;13
96190;Untermerzbach;-12.1;9.0;297;13
96191;Viereth-Trunstadt;-13.2;9.2;250;13
96193;Wachenroth;-12.8;9.2;279;13
96194;Walsdorf;-12.8;9.0;305;13
96196;Wattendorf;-13.0;8.0;488;13
96197;Wonsees;-13.1;8.1;466;13
96199;Zapfendorf;-13.0;9.1;259;13
96215;Lichtenfels;-12.0;9.1;282;13
96224;Burgkunstadt;-12.6;8.5;396;13
96231;Staffelstein;-12.2;8.8;329;13
96237;Ebersdorf b, Coburg;-12.1;8.7;349;13
96242;Sonnefeld;-12.3;8.5;380;13
96247;Michelau i, OFr.;-12.0;9.1;276;13
96250;Ebensfeld;-12.7;9.1;268;13
96253;Untersiemau;-11.8;9.1;281;13
96257;Redwitz a.d, Rodach;-12.0;9.1;275;13
96260;Weismain;-12.8;8.1;469;13
96264;Altenkunstadt;-12.1;9.0;298;13
96268;Mitwitz;-12.1;8.8;315;13
96269;Großheirath;-12.0;8.8;330;13
96271;Grub a, Forst;-12.1;8.8;336;13
96272;Hochstadt a, Main;-12.1;8.8;324;13
96274;Itzgrund;-12.0;9.1;277;13
96275;Marktzeuln;-12.1;9.1;270;13
96277;Schneckenlohe;-12.0;8.8;328;13
96279;Weidhausen b, Coburg;-12.1;8.9;319;13
96317;Kronach;-12.7;8.5;390;13
96328;Küps;-12.1;9.0;302;13
96332;Pressig;-12.6;8.4;392;10
96337;Ludwigsstadt;-14.3;7.4;567;10
96342;Stockheim;-12.2;8.7;337;10
96346;Wallenfels;-13.7;7.8;517;10
96349;Steinwiesen;-13.7;7.7;520;10
96352;Wilhelmsthal;-13.8;7.5;560;10
96355;Tettau;-15.1;6.6;718;10
96358;Teuschnitz;-14.3;7.3;587;10
96361;Steinbach a, Wald;-14.4;7.3;587;10
96364;Marktrodach;-12.7;8.3;422;10
96365;Nordhalben;-13.7;7.9;491;10
96367;Tschirn;-14.3;7.4;582;10
96369;Weißenbrunn;-12.5;8.5;375;13
96450;Coburg;-11.0;9.6;307;13
96465;Neustadt b, Coburg;-12.0;8.8;327;13
96472;Rödental;-12.3;8.6;375;13
96476;Rodach b, Coburg;-11.8;8.9;309;13
96479;Weitramsdorf;-11.8;9.0;300;13
96482;Ahorn;-12.0;8.8;326;13
96484;Meeder;-12.1;8.6;366;13
96486;Lautertal;-12.8;8.1;468;13
96487;Dörfles-Esbach;-11.8;9.0;325;13
96489;Niederfüllbach;-11.8;9.1;287;13
96515;Sonneberg, Judenbach;-14.5;7.0;648;10
96523;Steinach;-13.7;7.6;531;10
96524;Neuhaus-Schierschnitz;-12.2;8.7;345;13
96528;Frankenblick, Schalkau, Bachfeld;-12.6;8.3;412;10
97070;Würzburg;-10.1;10.8;179;13
97072;Würzburg;-10.4;10.6;180;13
97074;Würzburg;-11.2;9.9;278;13
97076;Würzburg;-11.2;9.9;240;13
97078;Würzburg;-11.4;9.8;246;13
97080;Würzburg;-11.0;10.1;201;13
97082;Würzburg;-11.3;9.8;250;13
97084;Würzburg;-11.3;9.9;234;13
97199;Ochsenfurt;-11.5;9.7;275;13
97204;Höchberg;-11.3;9.7;291;13
97209;Veitshöchheim;-11.5;9.7;271;13
97215;Uffenheim;-12.1;9.4;346;13
97218;Gerbrunn;-11.6;9.6;295;13
97222;Rimpar;-11.7;9.2;333;13
97225;Zellingen;-11.3;9.5;273;13
97228;Rottendorf;-11.4;9.8;250;13
97230;Estenfeld;-11.4;9.7;251;13
97232;Giebelstadt;-11.5;9.6;292;13
97234;Reichenberg, Guttenberger Wald;-11.6;9.6;283;13
97236;Randersacker;-11.6;9.6;281;13
97237;Altertheim;-11.3;9.7;262;13
97239;Aub;-11.5;9.7;290;13
97241;Bergtheim, Oberpleichfeld;-11.5;9.6;269;13
97243;Bieberehren;-11.6;9.6;310;13
97244;Bütthard;-11.6;9.6;301;13
97246;Eibelstadt;-11.1;10.1;197;13
97247;Eisenheim;-11.4;9.7;225;13
97249;Eisingen;-11.6;9.3;327;13
97250;Erlabrunn;-11.6;9.4;313;13
97252;Frickenhausen;-11.6;9.6;292;13
97253;Gaukönigshofen;-11.3;9.8;255;13
97255;Gelchsheim, Sonderhofen;-11.6;9.6;301;13
97256;Geroldshausen;-11.6;9.5;301;13
97258;Ippesheim;-11.8;9.4;330;13
97259;Greußenheim;-11.8;9.1;354;13
97261;Güntersleben;-11.4;9.7;259;13
97262;Hausen b, Würzburg;-11.4;9.4;283;13
97264;Helmstadt;-11.4;9.5;285;13
97265;Hettstadt;-11.5;9.4;313;13
97267;Himmelstadt;-11.3;9.6;262;13
97268;Kirchheim;-11.6;9.6;300;13
97270;Kist, Irtenberger Wald;-11.8;9.2;357;13
97271;Kleinrinderfeld;-11.6;9.4;318;13
97273;Kürnach;-11.5;9.7;261;13
97274;Leinach;-11.5;9.4;304;13
97276;Margetshöchheim;-11.5;9.4;306;13
97277;Neubrunn;-11.4;9.5;296;13
97279;Prosselsheim;-11.6;9.6;277;13
97280;Remlingen;-11.3;9.5;275;13
97282;Retzstadt;-11.4;9.4;286;13
97283;Riedenheim;-11.7;9.4;343;13
97285;Röttingen, Tauberrettersheim;-11.5;9.7;288;13
97286;Winterhausen;-11.1;10.2;176;13
97288;Theilheim;-11.6;9.6;280;13
97289;Thüngen;-11.1;9.7;219;13
97291;Thüngershem;-11.5;9.4;304;13
97292;Üttingen, Holzkirchen;-11.0;9.8;222;13
97294;Unterpleichfeld;-11.6;9.6;278;13
97295;Waldbrunn, Irtenberger Wald;-11.4;9.5;294;13
97297;Waldbüttelbrunn;-11.4;9.5;291;13
97299;Zell a, Main;-11.4;9.7;271;13
97318;Kitzingen;-11.3;9.9;220;13
97320;Albertshofen;-11.1;10.1;199;13
97332;Volkach;-11.3;9.9;206;13
97334;Sommerach;-11.6;9.5;283;13
97337;Dettelbach;-11.6;9.6;266;13
97340;Marktbreit;-11.5;9.6;284;13
97342;Obernbreit;-11.4;9.7;269;13
97346;Iphofen;-11.8;9.5;307;13
97348;Rödelsee;-11.4;9.8;252;13
97350;Mainbernheim;-11.4;9.8;234;13
97353;Wiesentheid;-11.5;9.6;248;13
97355;Kleinlangheim;-11.6;9.6;265;13
97357;Prichsenstadt;-11.5;9.6;256;13
97359;Schwarzach a, Main;-11.3;9.9;192;13
97421;Schweinfurt;-10.7;10.0;232;13
97422;Schweinfurt;-11.3;9.4;276;13
97424;Schweinfurt;-10.8;10.1;217;13
97437;Haßfurt;-12.2;9.4;228;13
97440;Werneck;-11.5;9.5;246;13
97447;Gerolzhofen;-11.5;9.6;231;13
97450;Arnstein;-11.3;9.3;283;13
97453;Schonungen;-11.6;8.7;365;13
97456;Dittelbrunn;-11.6;8.7;363;13
97461;Hofheim i, UFr.;-11.9;9.2;254;13
97464;Niederwerrn;-11.3;9.6;234;13
97469;Gochsheim;-11.6;9.5;238;13
97475;Zeil a, Main;-12.1;8.9;331;13
97478;Knetzgau;-12.1;9.2;284;13
97483;Eltmann;-12.6;8.7;355;13
97486;Königsberg i, Bay.;-12.1;8.8;339;13
97488;Stadtlauringen;-11.6;9.0;305;13
97490;Poppenhausen;-11.3;9.3;266;13
97491;Aidhausen;-11.7;9.0;298;13
97493;Bergrheinfeld;-11.4;9.7;212;13
97494;Bundorf;-11.8;8.9;324;13
97496;Burgpreppach;-12.0;9.0;306;13
97497;Dingolshausen;-11.7;9.4;269;13
97499;Donnersdorf;-11.8;9.4;253;13
97500;Ebelsbach;-12.3;9.0;315;13
97502;Euerbach;-11.5;9.1;295;13
97503;Gädheim;-11.8;9.0;316;13
97505;Geldersheim;-11.3;9.6;233;13
97506;Grafenrheinfeld;-11.5;9.7;204;13
97508;Grettstadt;-11.7;9.4;253;13
97509;Kolitzheim;-11.5;9.6;223;13
97511;Lülsfeld;-11.6;9.6;251;13
97513;Michelau i, Steigerwald, Hundelshausen;-11.9;8.8;357;13
97514;Oberaurach;-13.0;8.5;411;13
97516;Oberschwarzach;-11.8;9.3;290;13
97517;Rannungen;-11.5;8.8;334;13
97519;Riedbach;-12.0;9.0;318;13
97520;Röthlein;-11.4;9.7;208;13
97522;Sand a, Main;-12.1;9.0;321;13
97523;Schwanfeld;-11.4;9.6;242;13
97525;Schwebheim;-11.5;9.6;207;13
97526;Sennfeld;-11.5;9.6;219;13
97528;Sulzdorf a.d, Lederhecke;-11.8;8.8;332;13
97529;Sulzheim;-11.6;9.6;229;13
97531;Theres;-12.0;9.1;299;13
97532;Üchtelhausen;-11.7;8.7;372;13
97534;Waigolshausen;-11.4;9.6;246;13
97535;Wasserlosen;-11.4;9.1;305;13
97537;Wipfeld;-11.3;9.8;198;13
97539;Wonfurt;-12.2;9.4;242;13
97616;Bad Neustadt an der Saale;-10.9;9.4;235;13
97618;Hohenroth;-11.0;9.3;251;13
97631;Bad Königshofen i, Grabfeld;-11.6;8.9;317;13
97633;Sulzfeld;-11.3;9.1;286;13
97638;Mellrichstadt;-11.3;9.1;273;13
97640;Oberstreu;-11.3;9.0;281;13
97645;Ostheim v.d, Rhön;-12.2;8.4;397;13
97647;Nordheim v.d, Rhön;-12.3;8.4;411;13
97650;Fladungen;-12.7;8.3;428;10
97653;Bischofsheim a.d, Rhön;-12.3;8.2;453;10
97654;Bastheim;-11.8;8.8;330;13
97656;Oberelsbach;-13.5;7.5;575;10
97657;Sandberg;-12.3;8.5;391;10
97659;Schönau a.d, Brend;-12.1;8.2;440;13
97688;Bad Kissingen;-10.8;9.4;227;13
97702;Münnerstadt;-11.7;8.7;357;13
97705;Burkardroth;-12.3;8.3;423;10
97708;Bad Bocklet;-10.8;9.4;222;13
97711;Maßbach;-11.4;8.9;316;13
97714;Oerlenbach;-11.3;8.9;316;13
97717;Euerdorf;-10.8;9.4;226;13
97720;Nüdlingen;-11.1;9.1;283;13
97723;Oberthulba;-11.3;8.9;314;13
97724;Burglauer;-11.3;8.8;326;13
97725;Elfershausen;-10.8;9.4;233;13
97727;Fuchsstadt;-11.3;9.0;310;13
97729;Ramsthal;-11.5;8.8;343;13
97737;Gemünden a, Main;-11.0;9.9;155;13
97753;Karlstadt;-11.5;9.3;306;13
97762;Hammelburg;-11.2;9.1;294;13
97769;Bad Brückenau;-11.9;8.9;326;10
97772;Wildflecken;-13.6;7.0;699;10
97773;Aura i, Sinngrund;-12.0;8.4;449;6
97775;Burgsinn;-11.0;9.6;219;6
97776;Eußenheim;-11.0;9.8;198;13
97778;Fellen;-11.4;9.1;298;6
97779;Geroda;-12.9;7.6;573;10
97780;Gössenheim;-10.9;9.9;163;13
97782;Gräfendorf;-11.2;9.3;252;6
97783;Karsbach;-11.2;9.6;225;13
97785;Mittelsinn;-11.3;9.3;264;6
97786;Motten;-12.4;8.1;487;10
97788;Neuendorf;-12.3;8.5;455;13
97789;Oberleichtersbach;-12.0;8.4;421;10
97791;Obersinn;-11.6;9.0;310;6
97792;Riedenberg;-13.4;7.3;628;10
97794;Rieneck;-11.6;9.0;322;6
97795;Schondra;-12.0;8.5;406;10
97797;Wartmannsroth;-11.7;8.7;367;6
97799;Zeitlofs;-12.1;8.5;411;6
97816;Lohr a, Main;-11.8;8.9;348;6
97828;Marktheidenfeld;-11.5;9.3;306;13
97833;Frammersbach;-11.5;9.2;284;6
97834;Birkenfeld;-11.1;9.8;217;13
97836;Bischbrunn;-12.1;8.7;450;6
97837;Erlenbach b, Marktheidenfeld;-11.4;9.4;290;13
97839;Esselbach;-11.6;9.2;314;6
97840;Hafenlohr, Rothenbuch;-11.3;9.5;262;6
97842;Karbach;-11.2;9.7;238;13
97843;Neuhütten;-12.5;8.3;498;6
97845;Neustadt a, Main;-12.1;8.6;450;6
97846;Partenstein;-11.3;9.4;243;6
97848;Rechtenbach;-12.0;8.8;398;6
97849;Roden;-11.5;9.3;294;13
97851;Rothenfels;-12.0;9.0;356;13
97852;Schollbrunn;-11.8;9.0;383;6
97854;Steinfeld;-11.6;9.3;293;13
97855;Triefenstein;-10.8;10.0;177;13
97857;Urspringen;-11.2;9.6;256;13
97859;Wiesthal;-11.4;9.3;274;6
97877;Wertheim;-10.8;9.9;224;13
97892;Kreuzwertheim;-11.2;9.6;271;13
97896;Freudenberg, Collenberg;-12.0;8.8;461;12
97900;Külsheim;-11.6;9.3;347;13
97901;Altenbuch;-12.3;8.5;491;6
97903;Collenberg;-11.5;9.3;342;12
97904;Dorfprozelten;-11.0;10.0;196;13
97906;Faulbach;-10.8;9.9;201;13
97907;Hasloch;-11.0;9.7;246;13
97909;Stadtprozelten;-11.5;9.3;321;13
97922;Lauda-Königshofen;-10.8;10.2;190;13
97941;Tauberbischofsheim;-10.9;10.0;228;13
97944;Boxberg;-11.4;9.6;331;13
97947;Grünsfeld;-11.6;9.5;326;13
97950;Großrinderfeld;-11.5;9.6;296;13
97953;Königheim;-11.3;9.6;297;13
97956;Werbach;-11.6;9.4;314;13
97957;Wittighausen;-11.2;9.9;237;13
97959;Assamstadt;-11.3;9.7;331;13
97980;Bad Mergentheim;-11.5;9.7;307;13
97990;Weikersheim;-11.2;10.1;238;13
97993;Creglingen;-11.6;9.6;313;13
97996;Niederstetten;-12.1;9.2;403;13
97999;Igersheim;-11.7;9.5;347;13
98527;Suhl;-12.9;8.0;470;10
98528;Suhl;-13.7;7.3;583;10
98529;Suhl;-12.9;8.0;475;10
98530;Suhl, Marisfeld, Rohr u.a.;-12.5;8.2;431;10
98544;Zella-Mehlis;-13.7;7.5;547;10
98547;Viernau u.a.;-13.4;7.6;531;10
98553;Schleusingen u.a.;-12.3;8.3;415;10
98554;Benshausen;-12.4;8.3;410;10
98559;Oberhof;-15.0;6.2;774;10
98574;Schmalkalden;-12.3;9.0;282;10
98587;Steinbach-Hallenberg;-14.2;6.9;652;10
98590;Schwallungen;-12.9;8.1;454;7
98593;Floh-Seligenthal;-13.5;7.8;498;10
98596;Brotterode-Trusetal;-13.3;7.9;477;10
98597;Breitungen/Werra;-12.2;9.2;252;7
98617;Meiningen;-12.3;8.3;420;13
98630;Römhild;-11.8;8.8;324;13
98631;Grabfeld;-12.1;8.5;386;13
98634;Wasungen;-13.6;7.5;550;10
98639;Walldorf;-12.1;8.7;344;13
98646;Hildburghausen;-12.7;8.1;465;13
98660;Themar;-12.3;8.5;369;13
98663;Bad Colberg-Heldburg;-12.0;8.7;353;13
98666;Biberau, Masserberg;-15.1;6.4;744;10
98667;Schleusegrund;-14.3;7.0;643;10
98669;Veilsdorf;-12.5;8.5;388;13
98673;Eisfeld, Auengrund;-12.8;8.0;473;10
98678;Sachsenbrunn;-13.6;7.6;547;10
98693;Ilmenau;-14.3;7.3;590;10
98701;Großbreitenbach;-14.6;7.0;638;10
98704;Langewiesen;-13.9;8.1;453;10
98708;Gehren;-14.3;7.8;504;10
98711;Schmiedefeld, Frauenwald, Suhl;-14.6;6.6;698;10
98714;Stützerbach;-14.3;7.0;626;10
98716;Geschwenda;-14.3;7.2;592;10
98724;Neuhaus am Rennweg, Lauscha;-14.9;6.6;704;10
98739;Lichte;-15.1;6.6;701;10
98743;Gräfenthal;-14.4;7.7;530;10
98744;Oberweißbach u.a.;-15.1;6.6;709;10
98746;Katzhütte;-14.9;6.7;689;10
99084;Erfurt;-11.9;10.2;200;9
99085;Erfurt;-12.6;9.7;184;9
99086;Erfurt;-12.3;9.9;183;9
99087;Erfurt;-12.8;9.6;178;9
99089;Erfurt;-12.2;9.9;193;9
99090;Erfurt;-13.6;8.7;319;9
99091;Erfurt;-12.8;9.6;173;9
99092;Erfurt;-13.5;8.8;308;9
99094;Erfurt;-13.3;9.1;250;9
99095;Erfurt;-13.0;9.5;169;9
99096;Erfurt;-13.3;9.2;229;9
99097;Erfurt;-13.8;8.5;351;9
99098;Erfurt;-13.2;9.3;199;9
99099;Erfurt;-13.4;9.0;271;9
99100;Großfahner, Dachwig u.a.;-13.3;9.2;209;9
99102;Rockhausen, Klettbach;-13.8;8.2;403;9
99189;Gebesee;-12.9;9.5;150;9
99192;Nesse-Apfelstädt, Nottleben;-13.4;8.9;289;9
99195;Großrudestedt, Schloßvippach u.a.;-12.9;9.5;158;9
99198;Udestedt, Mönchenholzhausen u.a.;-13.0;9.3;186;9
99310;Arnstadt;-13.6;8.7;326;9
99326;Stadtilm, Ilmtal;-14.1;8.0;457;9
99330;Gräfenroda;-14.0;7.9;484;10
99334;Elleben, Wachsenburg;-13.2;9.1;255;9
99338;Arnstadt;-13.5;8.6;347;10
99423;Weimar;-12.6;9.5;228;9
99425;Weimar;-12.9;9.3;215;9
99427;Weimar;-13.7;8.5;355;9
99428;Weimar;-13.4;8.8;298;9
99438;Bad Berka u.a.;-13.4;8.8;296;9
99439;Berlstedt;-13.3;9.2;209;9
99441;Lehnstedt u.a.;-13.6;8.7;310;9
99444;Blankenhain;-13.8;8.5;365;9
99448;Kranichfeld u.a.;-13.4;8.7;318;9
99510;Apolda;-13.1;9.3;209;9
99518;Bad Sulza;-13.2;9.7;133;9
99610;Sömmerda;-13.0;9.5;154;9
99625;Kölleda;-13.1;9.4;195;4
99628;Buttstädt;-13.0;9.5;166;9
99631;Weißensee;-12.8;9.6;153;9
99634;Straußfurt;-13.0;9.5;152;9
99636;Rastenberg;-13.2;9.2;214;4
99638;Kindelbrück;-13.0;9.4;190;9
99706;Sondershausen;-13.5;8.2;376;7
99707;Kyffhäuserland;-13.0;9.4;180;7
99713;Ebeleben;-13.5;8.7;301;7
99718;Greußen Clingen Großenehrich;-13.2;9.0;253;7
99734;Nordhausen;-12.8;9.2;203;7
99735;Werther Hohenstein Wolkramshausen;-13.2;8.8;270;7
99752;Bleicherode;-12.8;8.9;250;7
99755;Ellrich;-13.1;8.6;284;7
99759;Sollstedt;-12.9;8.6;304;7
99762;Neustadt/Harz u.a.;-13.6;8.1;372;6
99765;Heringen/ Helme;-12.8;9.4;158;7
99768;Harztor;-13.9;7.6;454;6
99817;Eisenach;-12.2;9.5;235;7
99819;Marksuhl, Krauthausen u.a.;-12.9;8.7;326;7
99820;Hörselberg-Hainich;-13.4;8.8;310;7
99826;Mihla;-12.6;9.2;227;7
99830;Treffurt;-12.3;9.2;211;7
99831;Creuzburg, Ifta;-13.0;8.5;367;7
99834;Gerstungen;-12.7;8.8;302;7
99837;Berka/ Werra;-12.5;9.1;232;7
99842;Ruhla;-14.1;7.0;623;10
99846;Seebach;-13.1;8.6;345;10
99848;Wutha-Farnroda;-12.8;9.0;271;10
99867;Gotha;-13.1;9.0;319;9
99869;Drei Gleichen;-13.1;9.0;294;9
99880;Waltershausen;-13.2;8.8;318;10
99885;Luisenthal, Ohrdruf, Wolfis;-13.6;8.3;411;10
99887;Georgenthal/ Thür, Wald;-14.2;7.3;578;10
99891;Tabarz/ Thür, Wald;-14.0;7.8;488;10
99894;Leinatal;-13.6;8.1;432;10
99897;Tambach-Dietharz/ Thür.;-14.3;6.9;637;10
99947;Bad Langensalza;-12.7;9.4;181;7
99955;Bad Tennstedt;-13.1;9.3;196;9
99958;Großvargula, Tonna;-13.1;9.2;205;9
99974;Mühlhausen, Unstruttal;-12.7;9.2;235;7
99976;Rodeberg, Dünwald u.a.;-12.8;8.8;308;7
99986;Vogtei, Kammerforst u.a.;-12.8;9.0;261;7
99988;Südeichsfeld;-12.8;8.2;428;7
99991;Großengottern, Heroldishausen;-12.7;9.4;180;7
99994;Schlotheim;-13.3;9.0;250;7
99996;Menteroda, Obermehler;-13.3;8.5;337;7
99998;Körner, Weinbergen;-12.9;9.2;221;7
